{
"type": "FeatureCollection",
"name": "AHGFNetworkStream",
"bbox": [ 123.9078836, -18.1675668, 124.2158663, -18.0405779 ],                                                                    
"features": [
{ "type": "Feature", "properties": { "HydroID": 101913852, "AHGFFType": 1, "Name": " ", "Hierarchy": "Minor", "Perennial": "Non Perennial", "AusHydroID": 1436596, "AusHydroEr": 1, "SegmentNo": 405958, "DrainID": 100644381, "From_Node": 101623919, "To_Node": 101623760, "NextDownID": 101913705, "Enabled": 1, "FlowDir": 1, "SrcFCName": "DEMDerivedStreamsVector", "SrcFType": "Watercourse", "SrcType": 1, "SourceID": null, "FeatRel": "2019-08-21T00:00:00Z", "FSource": "GEOSCIENCE AUSTRALIA", "AttrRel": "2019-08-21T00:00:00Z", "AttrSource": "GEOSCIENCE AUSTRALIA", "PlanAcc": 15, "Symbol": null, "TextNote": null, "GeodesLen": 2370.8431862838697, "UpstrGeoLn": 56673072.480488345, "UpstrDArea": 53608103159.798317, "ConCatID": 239786, "StrOutlet": 0, "Shape_Length": 0.022158209009919192 }, "bbox": [ 123.9079205, -18.0513887, 123.9094445, -18.0508332 ], "geometry": { "type": "LineString", "coordinates": [ [ 123.9094445, -18.0513887 ], [ 123.9091668, -18.0513887 ], [ 123.908889, -18.051111 ], [ 123.9086112, -18.051111 ], [ 123.9083334, -18.051111 ], [ 123.9080556, -18.0508332 ], [ 123.9079205, -18.0508332 ] ] } },
{ "type": "Feature", "properties": { "HydroID": 101913853, "AHGFFType": 1, "Name": " ", "Hierarchy": "Minor", "Perennial": "Non Perennial", "AusHydroID": 1436602, "AusHydroEr": 1, "SegmentNo": 406211, "DrainID": 100644507, "From_Node": 101623919, "To_Node": 101623882, "NextDownID": 101913818, "Enabled": 1, "FlowDir": 1, "SrcFCName": "DEMDerivedStreamsVector", "SrcFType": "Watercourse", "SrcType": 1, "SourceID": null, "FeatRel": "2019-08-21T00:00:00Z", "FSource": "GEOSCIENCE AUSTRALIA", "AttrRel": "2019-08-21T00:00:00Z", "AttrSource": "GEOSCIENCE AUSTRALIA", "PlanAcc": 15, "Symbol": null, "TextNote": null, "GeodesLen": 903.09563249810969, "UpstrGeoLn": 56671604.732934564, "UpstrDArea": 53607797539.234566, "ConCatID": 239786, "StrOutlet": 0, "Shape_Length": 0.0082774962734756385 }, "bbox": [ 123.9079026, -18.0513887, 123.9094445, -18.0484579 ], "geometry": { "type": "LineString", "coordinates": [ [ 123.9094445, -18.0513887 ], [ 123.9094445, -18.051111 ], [ 123.9091668, -18.0508332 ], [ 123.9091668, -18.0505554 ], [ 123.908889, -18.0502776 ], [ 123.908889, -18.0499998 ], [ 123.9086112, -18.0497221 ], [ 123.9083334, -18.0494443 ], [ 123.9083334, -18.0491665 ], [ 123.9080556, -18.0488887 ], [ 123.9080556, -18.048611 ], [ 123.9079026, -18.0484579 ] ] } },
{ "type": "Feature", "properties": { "HydroID": 101913855, "AHGFFType": 1, "Name": " ", "Hierarchy": "Minor", "Perennial": "Non Perennial", "AusHydroID": 1436603, "AusHydroEr": 1, "SegmentNo": 406216, "DrainID": 100644510, "From_Node": 101623922, "To_Node": 101623882, "NextDownID": 101913818, "Enabled": 1, "FlowDir": 1, "SrcFCName": "DEMDerivedStreamsVector", "SrcFType": "Watercourse", "SrcType": 1, "SourceID": null, "FeatRel": "2019-08-21T00:00:00Z", "FSource": "GEOSCIENCE AUSTRALIA", "AttrRel": "2019-08-21T00:00:00Z", "AttrSource": "GEOSCIENCE AUSTRALIA", "PlanAcc": 15, "Symbol": null, "TextNote": null, "GeodesLen": 576.99054341488056, "UpstrGeoLn": 56774804.155072339, "UpstrDArea": 53702515496.473343, "ConCatID": 239786, "StrOutlet": 0, "Shape_Length": 0.0053649191980477537 }, "bbox": [ 123.9078836, -18.0472221, 123.9097223, -18.0459389 ], "geometry": { "type": "LineString", "coordinates": [ [ 123.9097223, -18.0472221 ], [ 123.9097223, -18.0469443 ], [ 123.9094445, -18.0466665 ], [ 123.9091668, -18.0463887 ], [ 123.908889, -18.0463887 ], [ 123.9086112, -18.046111 ], [ 123.9083334, -18.046111 ], [ 123.9080556, -18.046111 ], [ 123.9078836, -18.0459389 ] ] } },
{ "type": "Feature", "properties": { "HydroID": 101913868, "AHGFFType": 1, "Name": " ", "Hierarchy": "Minor", "Perennial": "Non Perennial", "AusHydroID": 1436338, "AusHydroEr": 1, "SegmentNo": 406086, "DrainID": 100644437, "From_Node": 101623935, "To_Node": 101623815, "NextDownID": 101913752, "Enabled": 1, "FlowDir": 1, "SrcFCName": "DEMDerivedStreamsVector", "SrcFType": "Watercourse", "SrcType": 1, "SourceID": null, "FeatRel": "2019-08-21T00:00:00Z", "FSource": "GEOSCIENCE AUSTRALIA", "AttrRel": "2019-08-21T00:00:00Z", "AttrSource": "GEOSCIENCE AUSTRALIA", "PlanAcc": 15, "Symbol": null, "TextNote": null, "GeodesLen": 1962.8688129666648, "UpstrGeoLn": 56702477.777688235, "UpstrDArea": 53623334755.935295, "ConCatID": 239786, "StrOutlet": 0, "Shape_Length": 0.018249578763821384 }, "bbox": [ 123.9079687, -18.0572221, 123.9116668, -18.0569443 ], "geometry": { "type": "LineString", "coordinates": [ [ 123.9116668, -18.0572221 ], [ 123.911389, -18.0569443 ], [ 123.9111112, -18.0569443 ], [ 123.9108334, -18.0569443 ], [ 123.9105556, -18.0569443 ], [ 123.9102779, -18.0569443 ], [ 123.9100001, -18.0569443 ], [ 123.9097223, -18.0569443 ], [ 123.9094445, -18.0569443 ], [ 123.9091668, -18.0569443 ], [ 123.908889, -18.0569443 ], [ 123.9086112, -18.0569443 ], [ 123.9083334, -18.0569443 ], [ 123.9080556, -18.0572221 ], [ 123.9079687, -18.0572221 ] ] } },
{ "type": "Feature", "properties": { "HydroID": 101913869, "AHGFFType": 1, "Name": " ", "Hierarchy": "Minor", "Perennial": "Non Perennial", "AusHydroID": 1435178, "AusHydroEr": 1, "SegmentNo": 406097, "DrainID": 100644444, "From_Node": 101623934, "To_Node": 101623821, "NextDownID": 101913760, "Enabled": 1, "FlowDir": 1, "SrcFCName": "DEMDerivedStreamsVector", "SrcFType": "Watercourse", "SrcType": 1, "SourceID": null, "FeatRel": "2019-08-21T00:00:00Z", "FSource": "GEOSCIENCE AUSTRALIA", "AttrRel": "2019-08-21T00:00:00Z", "AttrSource": "GEOSCIENCE AUSTRALIA", "PlanAcc": 15, "Symbol": null, "TextNote": null, "GeodesLen": 2299.9294983675409, "UpstrGeoLn": 57024479.999533281, "UpstrDArea": 54273718668.937531, "ConCatID": 239786, "StrOutlet": 0, "Shape_Length": 0.021201641331538162 }, "bbox": [ 123.9081321, -18.0788887, 123.9116668, -18.0755554 ], "geometry": { "type": "LineString", "coordinates": [ [ 123.9116668, -18.0755554 ], [ 123.911389, -18.0758332 ], [ 123.9111112, -18.0758332 ], [ 123.9108334, -18.076111 ], [ 123.9105556, -18.0763887 ], [ 123.9105556, -18.0766665 ], [ 123.9102779, -18.0769443 ], [ 123.9102779, -18.0772221 ], [ 123.9100001, -18.0774998 ], [ 123.9097223, -18.0777776 ], [ 123.9094445, -18.0780554 ], [ 123.9091668, -18.0783332 ], [ 123.908889, -18.078611 ], [ 123.9086112, -18.078611 ], [ 123.9083334, -18.0788887 ], [ 123.9081321, -18.0788887 ] ] } },
{ "type": "Feature", "properties": { "HydroID": 101913870, "AHGFFType": 1, "Name": " ", "Hierarchy": "Minor", "Perennial": "Non Perennial", "AusHydroID": 1436330, "AusHydroEr": 1, "SegmentNo": 405922, "DrainID": 100644370, "From_Node": 101623934, "To_Node": 101623741, "NextDownID": 101913687, "Enabled": 1, "FlowDir": 1, "SrcFCName": "DEMDerivedStreamsVector", "SrcFType": "Watercourse", "SrcType": 1, "SourceID": null, "FeatRel": "2019-08-21T00:00:00Z", "FSource": "GEOSCIENCE AUSTRALIA", "AttrRel": "2019-08-21T00:00:00Z", "AttrSource": "GEOSCIENCE AUSTRALIA", "PlanAcc": 15, "Symbol": null, "TextNote": null, "GeodesLen": 4651.5341850394616, "UpstrGeoLn": 57026831.604219951, "UpstrDArea": 54273850806.470207, "ConCatID": 239786, "StrOutlet": 0, "Shape_Length": 0.04289961268175721 }, "bbox": [ 123.9080985, -18.0755554, 123.9116668, -18.0744443 ], "geometry": { "type": "LineString", "coordinates": [ [ 123.9116668, -18.0755554 ], [ 123.911389, -18.0752776 ], [ 123.9111112, -18.0752776 ], [ 123.9108334, -18.0749998 ], [ 123.9105556, -18.0749998 ], [ 123.9102779, -18.0749998 ], [ 123.9100001, -18.0749998 ], [ 123.9097223, -18.0747221 ], [ 123.9094445, -18.0747221 ], [ 123.9091668, -18.0747221 ], [ 123.908889, -18.0747221 ], [ 123.9086112, -18.0744443 ], [ 123.9083334, -18.0744443 ], [ 123.9080985, -18.0744443 ] ] } },
{ "type": "Feature", "properties": { "HydroID": 101913877, "AHGFFType": 1, "Name": " ", "Hierarchy": "Minor", "Perennial": "Non Perennial", "AusHydroID": 1433526, "AusHydroEr": 1, "SegmentNo": 406142, "DrainID": 100644474, "From_Node": 101623943, "To_Node": 101623845, "NextDownID": 101913785, "Enabled": 1, "FlowDir": 1, "SrcFCName": "DEMDerivedStreamsVector", "SrcFType": "Watercourse", "SrcType": 1, "SourceID": null, "FeatRel": "2019-08-21T00:00:00Z", "FSource": "GEOSCIENCE AUSTRALIA", "AttrRel": "2019-08-21T00:00:00Z", "AttrSource": "GEOSCIENCE AUSTRALIA", "PlanAcc": 15, "Symbol": null, "TextNote": null, "GeodesLen": 1445.1093574699546, "UpstrGeoLn": 56170308.907135971, "UpstrDArea": 53316465293.649239, "ConCatID": 232627, "StrOutlet": 0, "Shape_Length": 0.013507613981985534 }, "bbox": [ 123.9082562, -18.0972221, 123.9130556, -18.0952776 ], "geometry": { "type": "LineString", "coordinates": [ [ 123.9130556, -18.0972221 ], [ 123.9127779, -18.0972221 ], [ 123.9125001, -18.0969443 ], [ 123.9122223, -18.0969443 ], [ 123.9119445, -18.0966665 ], [ 123.9116668, -18.0966665 ], [ 123.911389, -18.0963887 ], [ 123.9111112, -18.096111 ], [ 123.9108334, -18.0958332 ], [ 123.9105556, -18.0955554 ], [ 123.9102779, -18.0955554 ], [ 123.9100001, -18.0952776 ], [ 123.9097223, -18.0952776 ], [ 123.9094445, -18.0952776 ], [ 123.9091668, -18.0952776 ], [ 123.908889, -18.0952776 ], [ 123.9086112, -18.0952776 ], [ 123.9083334, -18.0952776 ], [ 123.9082562, -18.0953548 ] ] } },
{ "type": "Feature", "properties": { "HydroID": 101913888, "AHGFFType": 1, "Name": " ", "Hierarchy": "Minor", "Perennial": "Non Perennial", "AusHydroID": 1434101, "AusHydroEr": 1, "SegmentNo": 406056, "DrainID": 100644423, "From_Node": 101623959, "To_Node": 101623798, "NextDownID": 101913742, "Enabled": 1, "FlowDir": 1, "SrcFCName": "DEMDerivedStreamsVector", "SrcFType": "Watercourse", "SrcType": 1, "SourceID": null, "FeatRel": "2019-08-21T00:00:00Z", "FSource": "GEOSCIENCE AUSTRALIA", "AttrRel": "2019-08-21T00:00:00Z", "AttrSource": "GEOSCIENCE AUSTRALIA", "PlanAcc": 15, "Symbol": null, "TextNote": null, "GeodesLen": 2658.9103574963569, "UpstrGeoLn": 2658.9103574963569, "UpstrDArea": 984441.97715759743, "ConCatID": 239785, "StrOutlet": 0, "Shape_Length": 0.024773268303528835 }, "bbox": [ 123.9082263, -18.0966665, 123.9152779, -18.0913887 ], "geometry": { "type": "LineString", "coordinates": [ [ 123.9152779, -18.0966665 ], [ 123.9152779, -18.0963887 ], [ 123.9152779, -18.096111 ], [ 123.9152779, -18.0958332 ], [ 123.9152779, -18.0955554 ], [ 123.9150001, -18.0952776 ], [ 123.9150001, -18.0949998 ], [ 123.9147223, -18.0947221 ], [ 123.9147223, -18.0944443 ], [ 123.9144445, -18.0941665 ], [ 123.9144445, -18.0938887 ], [ 123.9141668, -18.093611 ], [ 123.913889, -18.0933332 ], [ 123.913889, -18.0930554 ], [ 123.9136112, -18.0927776 ], [ 123.9133334, -18.0924998 ], [ 123.9130556, -18.0924998 ], [ 123.9127779, -18.0924998 ], [ 123.9125001, -18.0922221 ], [ 123.9122223, -18.0922221 ], [ 123.9119445, -18.0922221 ], [ 123.9116668, -18.0922221 ], [ 123.911389, -18.0922221 ], [ 123.9111112, -18.0919443 ], [ 123.9108334, -18.0919443 ], [ 123.9105556, -18.0919443 ], [ 123.9102779, -18.0919443 ], [ 123.9100001, -18.0919443 ], [ 123.9097223, -18.0919443 ], [ 123.9094445, -18.0919443 ], [ 123.9091668, -18.0916665 ], [ 123.908889, -18.0916665 ], [ 123.9086112, -18.0913887 ], [ 123.9083334, -18.0913887 ], [ 123.9082263, -18.0913887 ] ] } },
{ "type": "Feature", "properties": { "HydroID": 101913902, "AHGFFType": 1, "Name": " ", "Hierarchy": "Minor", "Perennial": "Non Perennial", "AusHydroID": 1436489, "AusHydroEr": 1, "SegmentNo": 406274, "DrainID": 100644535, "From_Node": 101623971, "To_Node": 101623922, "NextDownID": 101913855, "Enabled": 1, "FlowDir": 1, "SrcFCName": "DEMDerivedStreamsVector", "SrcFType": "Watercourse", "SrcType": 1, "SourceID": null, "FeatRel": "2019-08-21T00:00:00Z", "FSource": "GEOSCIENCE AUSTRALIA", "AttrRel": "2019-08-21T00:00:00Z", "AttrSource": "GEOSCIENCE AUSTRALIA", "PlanAcc": 15, "Symbol": null, "TextNote": null, "GeodesLen": 869.75407484790537, "UpstrGeoLn": 56772636.248900652, "UpstrDArea": 53701978403.016891, "ConCatID": 239786, "StrOutlet": 0, "Shape_Length": 0.0081426950769174083 }, "bbox": [ 123.9097223, -18.0480554, 123.9169445, -18.0472221 ], "geometry": { "type": "LineString", "coordinates": [ [ 123.9169445, -18.0472221 ], [ 123.9166668, -18.0472221 ], [ 123.916389, -18.0474998 ], [ 123.9161112, -18.0477776 ], [ 123.9158334, -18.0477776 ], [ 123.9155556, -18.0480554 ], [ 123.9152779, -18.0480554 ], [ 123.9150001, -18.0480554 ], [ 123.9147223, -18.0477776 ], [ 123.9144445, -18.0474998 ], [ 123.9141668, -18.0474998 ], [ 123.913889, -18.0472221 ], [ 123.9136112, -18.0472221 ], [ 123.9133334, -18.0472221 ], [ 123.9130556, -18.0472221 ], [ 123.9127779, -18.0472221 ], [ 123.9125001, -18.0472221 ], [ 123.9122223, -18.0474998 ], [ 123.9119445, -18.0474998 ], [ 123.9116668, -18.0474998 ], [ 123.911389, -18.0472221 ], [ 123.9111112, -18.0472221 ], [ 123.9108334, -18.0472221 ], [ 123.9105556, -18.0472221 ], [ 123.9102779, -18.0472221 ], [ 123.9100001, -18.0472221 ], [ 123.9097223, -18.0472221 ] ] } },
{ "type": "Feature", "properties": { "HydroID": 101913903, "AHGFFType": 1, "Name": "SNAKE CREEK", "Hierarchy": "Major", "Perennial": "Non Perennial", "AusHydroID": 10369240, "AusHydroEr": 1, "SegmentNo": 406250, "DrainID": 100644524, "From_Node": 101623971, "To_Node": 101623902, "NextDownID": 101913838, "Enabled": 1, "FlowDir": 1, "SrcFCName": "DEMDerivedStreamsVector", "SrcFType": "Watercourse", "SrcType": 1, "SourceID": null, "FeatRel": "2019-08-21T00:00:00Z", "FSource": "GEOSCIENCE AUSTRALIA", "AttrRel": "2019-08-21T00:00:00Z", "AttrSource": "GEOSCIENCE AUSTRALIA", "PlanAcc": 15, "Symbol": 6, "TextNote": null, "GeodesLen": 1249.5473903145651, "UpstrGeoLn": 56773016.042216115, "UpstrDArea": 53703480374.787796, "ConCatID": 239786, "StrOutlet": 0, "Shape_Length": 0.011630572519801836 }, "bbox": [ 123.9124013, -18.0472221, 123.9169445, -18.0449011 ], "geometry": { "type": "LineString", "coordinates": [ [ 123.9169445, -18.0472221 ], [ 123.9166668, -18.0469443 ], [ 123.916389, -18.0466665 ], [ 123.9161112, -18.0463887 ], [ 123.9158334, -18.046111 ], [ 123.9155556, -18.0458332 ], [ 123.9152779, -18.0458332 ], [ 123.9150001, -18.0458332 ], [ 123.9147223, -18.0458332 ], [ 123.9144445, -18.0458332 ], [ 123.9141668, -18.0458332 ], [ 123.913889, -18.0455554 ], [ 123.9136112, -18.0455554 ], [ 123.9133334, -18.0452776 ], [ 123.9130556, -18.0452776 ], [ 123.9127779, -18.0449998 ], [ 123.9125001, -18.0449998 ], [ 123.9124013, -18.0449011 ] ] } },
{ "type": "Feature", "properties": { "HydroID": 101913915, "AHGFFType": 1, "Name": " ", "Hierarchy": "Minor", "Perennial": "Non Perennial", "AusHydroID": 1433397, "AusHydroEr": 1, "SegmentNo": 406323, "DrainID": 100644561, "From_Node": 101623985, "To_Node": 101623943, "NextDownID": 101913877, "Enabled": 1, "FlowDir": 1, "SrcFCName": "DEMDerivedStreamsVector", "SrcFType": "Watercourse", "SrcType": 1, "SourceID": null, "FeatRel": "2019-08-21T00:00:00Z", "FSource": "GEOSCIENCE AUSTRALIA", "AttrRel": "2019-08-21T00:00:00Z", "AttrSource": "GEOSCIENCE AUSTRALIA", "PlanAcc": 15, "Symbol": null, "TextNote": null, "GeodesLen": 813.43461952816904, "UpstrGeoLn": 56167859.903190047, "UpstrDArea": 53315611054.844536, "ConCatID": 232627, "StrOutlet": 0, "Shape_Length": 0.0075871414911093723 }, "bbox": [ 123.9130556, -18.1, 123.9191668, -18.0972221 ], "geometry": { "type": "LineString", "coordinates": [ [ 123.9191668, -18.1 ], [ 123.918889, -18.1 ], [ 123.9186112, -18.1 ], [ 123.9183334, -18.1 ], [ 123.9180556, -18.1 ], [ 123.9177779, -18.1 ], [ 123.9175001, -18.1 ], [ 123.9172223, -18.1 ], [ 123.9169445, -18.1 ], [ 123.9166668, -18.1 ], [ 123.916389, -18.1 ], [ 123.9161112, -18.1 ], [ 123.9158334, -18.1 ], [ 123.9155556, -18.1 ], [ 123.9152779, -18.0997221 ], [ 123.9150001, -18.0994443 ], [ 123.9147223, -18.0991665 ], [ 123.9144445, -18.0991665 ], [ 123.9141668, -18.0988887 ], [ 123.913889, -18.098611 ], [ 123.9136112, -18.0983332 ], [ 123.9136112, -18.0980554 ], [ 123.9133334, -18.0977776 ], [ 123.9133334, -18.0974998 ], [ 123.9130556, -18.0972221 ] ] } },
{ "type": "Feature", "properties": { "HydroID": 101913916, "AHGFFType": 1, "Name": " ", "Hierarchy": "Minor", "Perennial": "Non Perennial", "AusHydroID": 1433398, "AusHydroEr": 1, "SegmentNo": 406322, "DrainID": 100644560, "From_Node": 101623985, "To_Node": 101623943, "NextDownID": 101913877, "Enabled": 1, "FlowDir": 1, "SrcFCName": "DEMDerivedStreamsVector", "SrcFType": "Watercourse", "SrcType": 1, "SourceID": null, "FeatRel": "2019-08-21T00:00:00Z", "FSource": "GEOSCIENCE AUSTRALIA", "AttrRel": "2019-08-21T00:00:00Z", "AttrSource": "GEOSCIENCE AUSTRALIA", "PlanAcc": 15, "Symbol": null, "TextNote": null, "GeodesLen": 1003.8945884567529, "UpstrGeoLn": 56168050.363158971, "UpstrDArea": 53315830717.21254, "ConCatID": 232627, "StrOutlet": 0, "Shape_Length": 0.0093212097358172773 }, "bbox": [ 123.9130556, -18.1, 123.9194445, -18.0972221 ], "geometry": { "type": "LineString", "coordinates": [ [ 123.9191668, -18.1 ], [ 123.9191668, -18.0997221 ], [ 123.9194445, -18.0994443 ], [ 123.9194445, -18.0991665 ], [ 123.9194445, -18.0988887 ], [ 123.9194445, -18.098611 ], [ 123.9191668, -18.0983332 ], [ 123.918889, -18.0980554 ], [ 123.9186112, -18.0980554 ], [ 123.9183334, -18.0980554 ], [ 123.9180556, -18.0980554 ], [ 123.9177779, -18.0980554 ], [ 123.9175001, -18.0983332 ], [ 123.9175001, -18.098611 ], [ 123.9172223, -18.0988887 ], [ 123.9169445, -18.0988887 ], [ 123.9166668, -18.0988887 ], [ 123.916389, -18.098611 ], [ 123.9161112, -18.098611 ], [ 123.9158334, -18.0983332 ], [ 123.9155556, -18.0983332 ], [ 123.9152779, -18.0980554 ], [ 123.9150001, -18.0977776 ], [ 123.9147223, -18.0974998 ], [ 123.9144445, -18.0974998 ], [ 123.9141668, -18.0974998 ], [ 123.913889, -18.0972221 ], [ 123.9136112, -18.0972221 ], [ 123.9133334, -18.0972221 ], [ 123.9130556, -18.0972221 ] ] } },
{ "type": "Feature", "properties": { "HydroID": 101913920, "AHGFFType": 3, "Name": "FITZROY RIVER", "Hierarchy": "Major", "Perennial": "Perennial", "AusHydroID": 1434389, "AusHydroEr": 1, "SegmentNo": 406044, "DrainID": 100644414, "From_Node": 101623987, "To_Node": 101623791, "NextDownID": 101913732, "Enabled": 1, "FlowDir": 1, "SrcFCName": "DEMDerivedStreamsVector", "SrcFType": "Waterbody Connector", "SrcType": 3, "SourceID": null, "FeatRel": "2019-08-21T00:00:00Z", "FSource": "GEOSCIENCE AUSTRALIA", "AttrRel": "2019-08-21T00:00:00Z", "AttrSource": "GEOSCIENCE AUSTRALIA", "PlanAcc": 15, "Symbol": 2, "TextNote": null, "GeodesLen": 2965.3927731905073, "UpstrGeoLn": 56877937.213878915, "UpstrDArea": 54172256306.267296, "ConCatID": 239786, "StrOutlet": 0, "Shape_Length": 0.027733504670431362 }, "bbox": [ 123.9082023, -18.0905554, 123.9194445, -18.0882021 ], "geometry": { "type": "LineString", "coordinates": [ [ 123.9194445, -18.0899998 ], [ 123.9191668, -18.0902776 ], [ 123.918889, -18.0902776 ], [ 123.9186112, -18.0902776 ], [ 123.9183334, -18.0902776 ], [ 123.9180556, -18.0902776 ], [ 123.9177779, -18.0902776 ], [ 123.9175001, -18.0905554 ], [ 123.9172223, -18.0905554 ], [ 123.9169445, -18.0902776 ], [ 123.9166668, -18.0902776 ], [ 123.916389, -18.0902776 ], [ 123.9161112, -18.0902776 ], [ 123.9158334, -18.0902776 ], [ 123.9155556, -18.0902776 ], [ 123.9152779, -18.0902776 ], [ 123.9150001, -18.0902776 ], [ 123.9147223, -18.0902776 ], [ 123.9144445, -18.0902776 ], [ 123.9141668, -18.0899998 ], [ 123.913889, -18.0899998 ], [ 123.9136112, -18.0899998 ], [ 123.9133334, -18.0899998 ], [ 123.9130556, -18.0899998 ], [ 123.9127779, -18.0899998 ], [ 123.9125001, -18.0897221 ], [ 123.9122223, -18.0897221 ], [ 123.9119445, -18.0897221 ], [ 123.9116668, -18.0897221 ], [ 123.911389, -18.0894443 ], [ 123.9111112, -18.0894443 ], [ 123.9108334, -18.0894443 ], [ 123.9105556, -18.0891665 ], [ 123.9102779, -18.0891665 ], [ 123.9100001, -18.0891665 ], [ 123.9097223, -18.0888887 ], [ 123.9094445, -18.0888887 ], [ 123.9091668, -18.0888887 ], [ 123.908889, -18.088611 ], [ 123.9086112, -18.088611 ], [ 123.9083334, -18.0883332 ], [ 123.9082023, -18.0882021 ] ] } },
{ "type": "Feature", "properties": { "HydroID": 101913921, "AHGFFType": 3, "Name": " ", "Hierarchy": "Minor", "Perennial": "Non Perennial", "AusHydroID": 22031236, "AusHydroEr": 1, "SegmentNo": 406408, "DrainID": 100644604, "From_Node": 101623992, "To_Node": 101623987, "NextDownID": 101913920, "Enabled": 1, "FlowDir": 1, "SrcFCName": "DEMDerivedStreamsVector", "SrcFType": "Waterbody Connector", "SrcType": 3, "SourceID": null, "FeatRel": "2019-08-21T00:00:00Z", "FSource": "GEOSCIENCE AUSTRALIA", "AttrRel": "2019-08-21T00:00:00Z", "AttrSource": "GEOSCIENCE AUSTRALIA", "PlanAcc": 15, "Symbol": null, "TextNote": null, "GeodesLen": 42.541527985944953, "UpstrGeoLn": 1457.6423195528923, "UpstrDArea": 1262844.3949608917, "ConCatID": 239786, "StrOutlet": 0, "Shape_Length": 0.00039283670782652605 }, "bbox": [ 123.9194445, -18.0902776, 123.9197223, -18.0899998 ], "geometry": { "type": "LineString", "coordinates": [ [ 123.9197223, -18.0902776 ], [ 123.9194445, -18.0899998 ] ] } },
{ "type": "Feature", "properties": { "HydroID": 101913927, "AHGFFType": 1, "Name": " ", "Hierarchy": "Minor", "Perennial": "Non Perennial", "AusHydroID": 1436468, "AusHydroEr": 1, "SegmentNo": 406271, "DrainID": 100644533, "From_Node": 101623998, "To_Node": 101623922, "NextDownID": 101913855, "Enabled": 1, "FlowDir": 1, "SrcFCName": "DEMDerivedStreamsVector", "SrcFType": "Watercourse", "SrcType": 1, "SourceID": null, "FeatRel": "2019-08-21T00:00:00Z", "FSource": "GEOSCIENCE AUSTRALIA", "AttrRel": "2019-08-21T00:00:00Z", "AttrSource": "GEOSCIENCE AUSTRALIA", "PlanAcc": 15, "Symbol": null, "TextNote": null, "GeodesLen": 1590.9156282663455, "UpstrGeoLn": 56772812.973078929, "UpstrDArea": 53702028128.589386, "ConCatID": 239786, "StrOutlet": 0, "Shape_Length": 0.014876764442837198 }, "bbox": [ 123.908889, -18.0508332, 123.9205556, -18.0472221 ], "geometry": { "type": "LineString", "coordinates": [ [ 123.9205556, -18.0502776 ], [ 123.9202779, -18.0502776 ], [ 123.9200001, -18.0502776 ], [ 123.9197223, -18.0502776 ], [ 123.9194445, -18.0502776 ], [ 123.9191668, -18.0502776 ], [ 123.918889, -18.0502776 ], [ 123.9186112, -18.0502776 ], [ 123.9183334, -18.0502776 ], [ 123.9180556, -18.0502776 ], [ 123.9177779, -18.0502776 ], [ 123.9175001, -18.0502776 ], [ 123.9172223, -18.0502776 ], [ 123.9169445, -18.0502776 ], [ 123.9166668, -18.0505554 ], [ 123.916389, -18.0505554 ], [ 123.9161112, -18.0505554 ], [ 123.9158334, -18.0508332 ], [ 123.9155556, -18.0508332 ], [ 123.9152779, -18.0508332 ], [ 123.9150001, -18.0508332 ], [ 123.9147223, -18.0508332 ], [ 123.9144445, -18.0508332 ], [ 123.9141668, -18.0508332 ], [ 123.913889, -18.0508332 ], [ 123.9136112, -18.0508332 ], [ 123.9133334, -18.0508332 ], [ 123.9130556, -18.0508332 ], [ 123.9127779, -18.0505554 ], [ 123.9125001, -18.0502776 ], [ 123.9122223, -18.0502776 ], [ 123.9119445, -18.0499998 ], [ 123.9116668, -18.0499998 ], [ 123.911389, -18.0499998 ], [ 123.9111112, -18.0499998 ], [ 123.9108334, -18.0499998 ], [ 123.9105556, -18.0499998 ], [ 123.9102779, -18.0499998 ], [ 123.9100001, -18.0499998 ], [ 123.9097223, -18.0499998 ], [ 123.9094445, -18.0497221 ], [ 123.9091668, -18.0494443 ], [ 123.908889, -18.0491665 ], [ 123.908889, -18.0488887 ], [ 123.9091668, -18.048611 ], [ 123.9094445, -18.0483332 ], [ 123.9097223, -18.0480554 ], [ 123.9097223, -18.0477776 ], [ 123.9097223, -18.0474998 ], [ 123.9097223, -18.0472221 ] ] } },
{ "type": "Feature", "properties": { "HydroID": 101913928, "AHGFFType": 1, "Name": "SNAKE CREEK", "Hierarchy": "Major", "Perennial": "Non Perennial", "AusHydroID": 1436490, "AusHydroEr": 1, "SegmentNo": 406369, "DrainID": 100644585, "From_Node": 101623998, "To_Node": 101623971, "NextDownID": 101913902, "Enabled": 1, "FlowDir": 1, "SrcFCName": "DEMDerivedStreamsVector", "SrcFType": "Watercourse", "SrcType": 1, "SourceID": null, "FeatRel": "2019-08-21T00:00:00Z", "FSource": "GEOSCIENCE AUSTRALIA", "AttrRel": "2019-08-21T00:00:00Z", "AttrSource": "GEOSCIENCE AUSTRALIA", "PlanAcc": 15, "Symbol": 6, "TextNote": null, "GeodesLen": 544.43737514286386, "UpstrGeoLn": 56771766.494825803, "UpstrDArea": 53701794849.153023, "ConCatID": 239786, "StrOutlet": 0, "Shape_Length": 0.0050394813208111573 }, "bbox": [ 123.9169445, -18.0502776, 123.9205556, -18.0472221 ], "geometry": { "type": "LineString", "coordinates": [ [ 123.9205556, -18.0502776 ], [ 123.9202779, -18.0499998 ], [ 123.9200001, -18.0497221 ], [ 123.9197223, -18.0494443 ], [ 123.9194445, -18.0491665 ], [ 123.9191668, -18.0488887 ], [ 123.9191668, -18.048611 ], [ 123.918889, -18.0483332 ], [ 123.9186112, -18.0480554 ], [ 123.9183334, -18.0480554 ], [ 123.9180556, -18.0477776 ], [ 123.9177779, -18.0477776 ], [ 123.9175001, -18.0474998 ], [ 123.9172223, -18.0474998 ], [ 123.9169445, -18.0472221 ] ] } },
{ "type": "Feature", "properties": { "HydroID": 101913939, "AHGFFType": 1, "Name": "SNAKE CREEK", "Hierarchy": "Major", "Perennial": "Non Perennial", "AusHydroID": 1436298, "AusHydroEr": 1, "SegmentNo": 406427, "DrainID": 100644614, "From_Node": 101624011, "To_Node": 101623998, "NextDownID": 101913927, "Enabled": 1, "FlowDir": 1, "SrcFCName": "DEMDerivedStreamsVector", "SrcFType": "Watercourse", "SrcType": 1, "SourceID": null, "FeatRel": "2019-08-21T00:00:00Z", "FSource": "GEOSCIENCE AUSTRALIA", "AttrRel": "2019-08-21T00:00:00Z", "AttrSource": "GEOSCIENCE AUSTRALIA", "PlanAcc": 15, "Symbol": 6, "TextNote": null, "GeodesLen": 173.32115478057796, "UpstrGeoLn": 56771222.05745066, "UpstrDArea": 53701617625.065506, "ConCatID": 239786, "StrOutlet": 0, "Shape_Length": 0.0016190081228007541 }, "bbox": [ 123.9205556, -18.0508332, 123.9219445, -18.0502776 ], "geometry": { "type": "LineString", "coordinates": [ [ 123.9219445, -18.0508332 ], [ 123.9216668, -18.0505554 ], [ 123.921389, -18.0505554 ], [ 123.9211112, -18.0505554 ], [ 123.9208334, -18.0502776 ], [ 123.9205556, -18.0502776 ] ] } },
{ "type": "Feature", "properties": { "HydroID": 101913980, "AHGFFType": 1, "Name": " ", "Hierarchy": "Minor", "Perennial": "Non Perennial", "AusHydroID": 1432837, "AusHydroEr": 1, "SegmentNo": 406415, "DrainID": 100644610, "From_Node": 101624056, "To_Node": 101623991, "NextDownID": -1, "Enabled": 1, "FlowDir": 1, "SrcFCName": "DEMDerivedStreamsVector", "SrcFType": "Watercourse", "SrcType": 1, "SourceID": null, "FeatRel": "2019-08-21T00:00:00Z", "FSource": "GEOSCIENCE AUSTRALIA", "AttrRel": "2019-08-21T00:00:00Z", "AttrSource": "GEOSCIENCE AUSTRALIA", "PlanAcc": 15, "Symbol": null, "TextNote": null, "GeodesLen": 935.2149487499961, "UpstrGeoLn": 935.2149487499961, "UpstrDArea": 404041.92984265281, "ConCatID": 232634, "StrOutlet": 3, "Shape_Length": 0.0087179931514500455 }, "bbox": [ 123.9197223, -18.1102776, 123.9269445, -18.1066665 ], "geometry": { "type": "LineString", "coordinates": [ [ 123.9269445, -18.1102776 ], [ 123.9266668, -18.1099998 ], [ 123.926389, -18.1099998 ], [ 123.9261112, -18.1097221 ], [ 123.9258334, -18.1094443 ], [ 123.9255556, -18.1094443 ], [ 123.9252779, -18.1091665 ], [ 123.9250001, -18.1091665 ], [ 123.9247223, -18.1088887 ], [ 123.9244445, -18.1088887 ], [ 123.9241668, -18.108611 ], [ 123.923889, -18.108611 ], [ 123.9236112, -18.1083332 ], [ 123.9233334, -18.1080554 ], [ 123.9230556, -18.1077776 ], [ 123.9227779, -18.1074998 ], [ 123.9225001, -18.1072221 ], [ 123.9222223, -18.1072221 ], [ 123.9219445, -18.1072221 ], [ 123.9216668, -18.1072221 ], [ 123.921389, -18.1072221 ], [ 123.9211112, -18.1069443 ], [ 123.9208334, -18.1069443 ], [ 123.9205556, -18.1069443 ], [ 123.9202779, -18.1069443 ], [ 123.9200001, -18.1066665 ], [ 123.9197223, -18.1066665 ] ] } },
{ "type": "Feature", "properties": { "HydroID": 101913990, "AHGFFType": 1, "Name": " ", "Hierarchy": "Minor", "Perennial": "Non Perennial", "AusHydroID": 1435865, "AusHydroEr": 1, "SegmentNo": 406307, "DrainID": 100644549, "From_Node": 101624066, "To_Node": 101623935, "NextDownID": 101913868, "Enabled": 1, "FlowDir": 1, "SrcFCName": "DEMDerivedStreamsVector", "SrcFType": "Watercourse", "SrcType": 1, "SourceID": null, "FeatRel": "2019-08-21T00:00:00Z", "FSource": "GEOSCIENCE AUSTRALIA", "AttrRel": "2019-08-21T00:00:00Z", "AttrSource": "GEOSCIENCE AUSTRALIA", "PlanAcc": 15, "Symbol": null, "TextNote": null, "GeodesLen": 2834.6634248711539, "UpstrGeoLn": 6776.7168743808961, "UpstrDArea": 2702311.7289322242, "ConCatID": 239786, "StrOutlet": 0, "Shape_Length": 0.026201640624436223 }, "bbox": [ 123.9116668, -18.0722221, 123.9283334, -18.0572221 ], "geometry": { "type": "LineString", "coordinates": [ [ 123.9283334, -18.0722221 ], [ 123.9280556, -18.0719443 ], [ 123.9277779, -18.0716665 ], [ 123.9275001, -18.0713887 ], [ 123.9272223, -18.071111 ], [ 123.9269445, -18.0708332 ], [ 123.9266668, -18.0708332 ], [ 123.926389, -18.0708332 ], [ 123.9261112, -18.0708332 ], [ 123.9258334, -18.0708332 ], [ 123.9255556, -18.0708332 ], [ 123.9252779, -18.0708332 ], [ 123.9250001, -18.0705554 ], [ 123.9247223, -18.0702776 ], [ 123.9244445, -18.0699998 ], [ 123.9244445, -18.0697221 ], [ 123.9241668, -18.0694443 ], [ 123.923889, -18.0694443 ], [ 123.9236112, -18.0691665 ], [ 123.9233334, -18.0688887 ], [ 123.9233334, -18.068611 ], [ 123.9233334, -18.0683332 ], [ 123.9233334, -18.0680554 ], [ 123.9233334, -18.0677776 ], [ 123.9230556, -18.0674998 ], [ 123.9230556, -18.0672221 ], [ 123.9227779, -18.0669443 ], [ 123.9225001, -18.0669443 ], [ 123.9222223, -18.0666665 ], [ 123.9219445, -18.0666665 ], [ 123.9216668, -18.0663887 ], [ 123.921389, -18.066111 ], [ 123.921389, -18.0658332 ], [ 123.921389, -18.0655554 ], [ 123.921389, -18.0652776 ], [ 123.9211112, -18.0649998 ], [ 123.9208334, -18.0647221 ], [ 123.9205556, -18.0644443 ], [ 123.9202779, -18.0644443 ], [ 123.9200001, -18.0644443 ], [ 123.9197223, -18.0641665 ], [ 123.9194445, -18.0638887 ], [ 123.9191668, -18.063611 ], [ 123.918889, -18.063611 ], [ 123.9186112, -18.063611 ], [ 123.9183334, -18.0633332 ], [ 123.9180556, -18.0633332 ], [ 123.9177779, -18.0630554 ], [ 123.9175001, -18.0627776 ], [ 123.9172223, -18.0624998 ], [ 123.9172223, -18.0622221 ], [ 123.9169445, -18.0619443 ], [ 123.9169445, -18.0616665 ], [ 123.9169445, -18.0613887 ], [ 123.9166668, -18.061111 ], [ 123.9166668, -18.0608332 ], [ 123.916389, -18.0605554 ], [ 123.9161112, -18.0602776 ], [ 123.9158334, -18.0599998 ], [ 123.9158334, -18.0597221 ], [ 123.9155556, -18.0594443 ], [ 123.9152779, -18.0594443 ], [ 123.9150001, -18.0597221 ], [ 123.9147223, -18.0597221 ], [ 123.9144445, -18.0597221 ], [ 123.9141668, -18.0597221 ], [ 123.913889, -18.0594443 ], [ 123.9136112, -18.0594443 ], [ 123.9133334, -18.0591665 ], [ 123.9133334, -18.0588887 ], [ 123.9133334, -18.058611 ], [ 123.9133334, -18.0583332 ], [ 123.9133334, -18.0580554 ], [ 123.9133334, -18.0577776 ], [ 123.9130556, -18.0574998 ], [ 123.9127779, -18.0574998 ], [ 123.9125001, -18.0574998 ], [ 123.9122223, -18.0574998 ], [ 123.9119445, -18.0572221 ], [ 123.9116668, -18.0572221 ] ] } },
{ "type": "Feature", "properties": { "HydroID": 101913992, "AHGFFType": 1, "Name": " ", "Hierarchy": "Minor", "Perennial": "Non Perennial", "AusHydroID": 1433832, "AusHydroEr": 1, "SegmentNo": 406409, "DrainID": 100644605, "From_Node": 101624071, "To_Node": 101623992, "NextDownID": 101913921, "Enabled": 1, "FlowDir": 1, "SrcFCName": "DEMDerivedStreamsVector", "SrcFType": "Watercourse", "SrcType": 1, "SourceID": null, "FeatRel": "2019-08-21T00:00:00Z", "FSource": "GEOSCIENCE AUSTRALIA", "AttrRel": "2019-08-21T00:00:00Z", "AttrSource": "GEOSCIENCE AUSTRALIA", "PlanAcc": 15, "Symbol": null, "TextNote": null, "GeodesLen": 1415.1007915669475, "UpstrGeoLn": 1415.1007915669475, "UpstrDArea": 1259228.4342772418, "ConCatID": 239786, "StrOutlet": 0, "Shape_Length": 0.013162438151440125 }, "bbox": [ 123.9197223, -18.0958332, 123.9294445, -18.0902776 ], "geometry": { "type": "LineString", "coordinates": [ [ 123.9294445, -18.0958332 ], [ 123.9291668, -18.0955554 ], [ 123.928889, -18.0955554 ], [ 123.9286112, -18.0955554 ], [ 123.9283334, -18.0955554 ], [ 123.9280556, -18.0955554 ], [ 123.9277779, -18.0955554 ], [ 123.9275001, -18.0955554 ], [ 123.9272223, -18.0955554 ], [ 123.9269445, -18.0952776 ], [ 123.9266668, -18.0949998 ], [ 123.926389, -18.0949998 ], [ 123.9261112, -18.0949998 ], [ 123.9258334, -18.0949998 ], [ 123.9255556, -18.0949998 ], [ 123.9252779, -18.0949998 ], [ 123.9250001, -18.0947221 ], [ 123.9247223, -18.0947221 ], [ 123.9244445, -18.0944443 ], [ 123.9244445, -18.0941665 ], [ 123.9241668, -18.0938887 ], [ 123.923889, -18.093611 ], [ 123.9236112, -18.093611 ], [ 123.9233334, -18.093611 ], [ 123.9230556, -18.093611 ], [ 123.9227779, -18.093611 ], [ 123.9225001, -18.0933332 ], [ 123.9222223, -18.0930554 ], [ 123.9219445, -18.0930554 ], [ 123.9216668, -18.0930554 ], [ 123.921389, -18.0930554 ], [ 123.9211112, -18.0927776 ], [ 123.9208334, -18.0924998 ], [ 123.9205556, -18.0924998 ], [ 123.9202779, -18.0922221 ], [ 123.9200001, -18.0922221 ], [ 123.9197223, -18.0919443 ], [ 123.9197223, -18.0916665 ], [ 123.9197223, -18.0913887 ], [ 123.9197223, -18.091111 ], [ 123.9197223, -18.0908332 ], [ 123.9197223, -18.0905554 ], [ 123.9197223, -18.0902776 ] ] } },
{ "type": "Feature", "properties": { "HydroID": 101914003, "AHGFFType": 1, "Name": " ", "Hierarchy": "Minor", "Perennial": "Non Perennial", "AusHydroID": 10369105, "AusHydroEr": 1, "SegmentNo": 406457, "DrainID": 100644632, "From_Node": 101624079, "To_Node": 101624011, "NextDownID": 101913939, "Enabled": 1, "FlowDir": 1, "SrcFCName": "DEMDerivedStreamsVector", "SrcFType": "Watercourse", "SrcType": 1, "SourceID": null, "FeatRel": "2019-08-21T00:00:00Z", "FSource": "GEOSCIENCE AUSTRALIA", "AttrRel": "2019-08-21T00:00:00Z", "AttrSource": "GEOSCIENCE AUSTRALIA", "PlanAcc": 15, "Symbol": null, "TextNote": null, "GeodesLen": 1554.10812594155, "UpstrGeoLn": 1554.10812594155, "UpstrDArea": 779425.86785989685, "ConCatID": 239786, "StrOutlet": 0, "Shape_Length": 0.014388607980545105 }, "bbox": [ 123.9219445, -18.0519443, 123.9311112, -18.0455554 ], "geometry": { "type": "LineString", "coordinates": [ [ 123.9311112, -18.0455554 ], [ 123.9311112, -18.0458332 ], [ 123.9311112, -18.046111 ], [ 123.9311112, -18.0463887 ], [ 123.9308334, -18.0466665 ], [ 123.9308334, -18.0469443 ], [ 123.9308334, -18.0472221 ], [ 123.9308334, -18.0474998 ], [ 123.9305556, -18.0477776 ], [ 123.9302779, -18.0480554 ], [ 123.9300001, -18.0483332 ], [ 123.9300001, -18.048611 ], [ 123.9297223, -18.0488887 ], [ 123.9297223, -18.0491665 ], [ 123.9297223, -18.0494443 ], [ 123.9297223, -18.0497221 ], [ 123.9297223, -18.0499998 ], [ 123.9294445, -18.0502776 ], [ 123.9291668, -18.0502776 ], [ 123.928889, -18.0502776 ], [ 123.9286112, -18.0505554 ], [ 123.9286112, -18.0508332 ], [ 123.9283334, -18.051111 ], [ 123.9283334, -18.0513887 ], [ 123.9280556, -18.0516665 ], [ 123.9277779, -18.0519443 ], [ 123.9275001, -18.0519443 ], [ 123.9272223, -18.0519443 ], [ 123.9269445, -18.0519443 ], [ 123.9266668, -18.0519443 ], [ 123.926389, -18.0516665 ], [ 123.9261112, -18.0516665 ], [ 123.9258334, -18.0516665 ], [ 123.9255556, -18.0516665 ], [ 123.9252779, -18.0513887 ], [ 123.9250001, -18.0513887 ], [ 123.9247223, -18.051111 ], [ 123.9244445, -18.0508332 ], [ 123.9241668, -18.0508332 ], [ 123.923889, -18.0508332 ], [ 123.9236112, -18.0508332 ], [ 123.9233334, -18.0508332 ], [ 123.9230556, -18.0508332 ], [ 123.9227779, -18.0508332 ], [ 123.9225001, -18.0508332 ], [ 123.9222223, -18.0508332 ], [ 123.9219445, -18.0508332 ] ] } },
{ "type": "Feature", "properties": { "HydroID": 101914008, "AHGFFType": 1, "Name": " ", "Hierarchy": "Minor", "Perennial": "Non Perennial", "AusHydroID": 1436957, "AusHydroEr": 1, "SegmentNo": 406456, "DrainID": 100644631, "From_Node": 101624089, "To_Node": 101624011, "NextDownID": 101913939, "Enabled": 1, "FlowDir": 1, "SrcFCName": "DEMDerivedStreamsVector", "SrcFType": "Watercourse", "SrcType": 1, "SourceID": null, "FeatRel": "2019-08-21T00:00:00Z", "FSource": "GEOSCIENCE AUSTRALIA", "AttrRel": "2019-08-21T00:00:00Z", "AttrSource": "GEOSCIENCE AUSTRALIA", "PlanAcc": 15, "Symbol": null, "TextNote": null, "GeodesLen": 2134.1923947602081, "UpstrGeoLn": 15602.18242647734, "UpstrDArea": 11028472.30670481, "ConCatID": 239786, "StrOutlet": 0, "Shape_Length": 0.019658208302873053 }, "bbox": [ 123.9219445, -18.0508332, 123.9258637, -18.0446918 ], "geometry": { "type": "LineString", "coordinates": [ [ 123.9258637, -18.0446918 ], [ 123.9258334, -18.0447221 ], [ 123.9258334, -18.0449998 ], [ 123.9255556, -18.0452776 ], [ 123.9252779, -18.0455554 ], [ 123.9250001, -18.0458332 ], [ 123.9247223, -18.046111 ], [ 123.9244445, -18.046111 ], [ 123.9241668, -18.0463887 ], [ 123.923889, -18.0466665 ], [ 123.9236112, -18.0469443 ], [ 123.9236112, -18.0472221 ], [ 123.9236112, -18.0474998 ], [ 123.9236112, -18.0477776 ], [ 123.9236112, -18.0480554 ], [ 123.9236112, -18.0483332 ], [ 123.9233334, -18.048611 ], [ 123.9230556, -18.0488887 ], [ 123.9227779, -18.0488887 ], [ 123.9225001, -18.048611 ], [ 123.9222223, -18.048611 ], [ 123.9219445, -18.0488887 ], [ 123.9219445, -18.0491665 ], [ 123.9222223, -18.0494443 ], [ 123.9222223, -18.0497221 ], [ 123.9222223, -18.0499998 ], [ 123.9225001, -18.0502776 ], [ 123.9222223, -18.0505554 ], [ 123.9219445, -18.0508332 ] ] } },
{ "type": "Feature", "properties": { "HydroID": 101914009, "AHGFFType": 1, "Name": " ", "Hierarchy": "Minor", "Perennial": "Non Perennial", "AusHydroID": 1435989, "AusHydroEr": 1, "SegmentNo": 406306, "DrainID": 100644548, "From_Node": 101624088, "To_Node": 101623935, "NextDownID": 101913868, "Enabled": 1, "FlowDir": 1, "SrcFCName": "DEMDerivedStreamsVector", "SrcFType": "Watercourse", "SrcType": 1, "SourceID": null, "FeatRel": "2019-08-21T00:00:00Z", "FSource": "GEOSCIENCE AUSTRALIA", "AttrRel": "2019-08-21T00:00:00Z", "AttrSource": "GEOSCIENCE AUSTRALIA", "PlanAcc": 15, "Symbol": null, "TextNote": null, "GeodesLen": 2454.7739668027598, "UpstrGeoLn": 56693738.192000896, "UpstrDArea": 53619827729.962334, "ConCatID": 239786, "StrOutlet": 0, "Shape_Length": 0.022971801763721267 }, "bbox": [ 123.9116668, -18.0597221, 123.9316668, -18.0555554 ], "geometry": { "type": "LineString", "coordinates": [ [ 123.9316668, -18.0597221 ], [ 123.931389, -18.0597221 ], [ 123.9311112, -18.0597221 ], [ 123.9308334, -18.0594443 ], [ 123.9305556, -18.0594443 ], [ 123.9302779, -18.0591665 ], [ 123.9300001, -18.0588887 ], [ 123.9297223, -18.0588887 ], [ 123.9294445, -18.0588887 ], [ 123.9291668, -18.0588887 ], [ 123.928889, -18.0588887 ], [ 123.9286112, -18.0588887 ], [ 123.9283334, -18.0588887 ], [ 123.9280556, -18.0588887 ], [ 123.9277779, -18.0588887 ], [ 123.9275001, -18.0588887 ], [ 123.9272223, -18.0588887 ], [ 123.9269445, -18.0588887 ], [ 123.9266668, -18.058611 ], [ 123.926389, -18.0583332 ], [ 123.9261112, -18.0580554 ], [ 123.9258334, -18.0580554 ], [ 123.9255556, -18.0577776 ], [ 123.9252779, -18.0577776 ], [ 123.9250001, -18.0577776 ], [ 123.9247223, -18.0577776 ], [ 123.9244445, -18.0577776 ], [ 123.9241668, -18.0577776 ], [ 123.923889, -18.0577776 ], [ 123.9236112, -18.0577776 ], [ 123.9233334, -18.0577776 ], [ 123.9230556, -18.0580554 ], [ 123.9227779, -18.0580554 ], [ 123.9225001, -18.0580554 ], [ 123.9222223, -18.0580554 ], [ 123.9219445, -18.0580554 ], [ 123.9216668, -18.0580554 ], [ 123.921389, -18.0580554 ], [ 123.9211112, -18.0580554 ], [ 123.9208334, -18.0580554 ], [ 123.9205556, -18.0577776 ], [ 123.9202779, -18.0574998 ], [ 123.9200001, -18.0572221 ], [ 123.9197223, -18.0569443 ], [ 123.9197223, -18.0566665 ], [ 123.9194445, -18.0563887 ], [ 123.9194445, -18.056111 ], [ 123.9191668, -18.0558332 ], [ 123.918889, -18.0558332 ], [ 123.9186112, -18.0555554 ], [ 123.9183334, -18.0555554 ], [ 123.9180556, -18.0555554 ], [ 123.9177779, -18.0555554 ], [ 123.9175001, -18.0555554 ], [ 123.9172223, -18.0555554 ], [ 123.9169445, -18.0555554 ], [ 123.9166668, -18.0555554 ], [ 123.916389, -18.0555554 ], [ 123.9161112, -18.0555554 ], [ 123.9158334, -18.0558332 ], [ 123.9155556, -18.0558332 ], [ 123.9152779, -18.056111 ], [ 123.9150001, -18.056111 ], [ 123.9147223, -18.056111 ], [ 123.9144445, -18.0563887 ], [ 123.9141668, -18.0563887 ], [ 123.913889, -18.0563887 ], [ 123.9136112, -18.0563887 ], [ 123.9133334, -18.0563887 ], [ 123.9130556, -18.0563887 ], [ 123.9127779, -18.0563887 ], [ 123.9125001, -18.0566665 ], [ 123.9122223, -18.0569443 ], [ 123.9119445, -18.0569443 ], [ 123.9116668, -18.0572221 ] ] } },
{ "type": "Feature", "properties": { "HydroID": 101914010, "AHGFFType": 3, "Name": "FITZROY RIVER", "Hierarchy": "Major", "Perennial": "Perennial", "AusHydroID": 1434015, "AusHydroEr": 1, "SegmentNo": 406407, "DrainID": 100644603, "From_Node": 101624087, "To_Node": 101623987, "NextDownID": 101913920, "Enabled": 1, "FlowDir": 1, "SrcFCName": "DEMDerivedStreamsVector", "SrcFType": "Waterbody Connector", "SrcType": 3, "SourceID": null, "FeatRel": "2019-08-21T00:00:00Z", "FSource": "GEOSCIENCE AUSTRALIA", "AttrRel": "2019-08-21T00:00:00Z", "AttrSource": "GEOSCIENCE AUSTRALIA", "PlanAcc": 15, "Symbol": 2, "TextNote": null, "GeodesLen": 1372.5739587401426, "UpstrGeoLn": 56873514.178786173, "UpstrDArea": 54169282170.366516, "ConCatID": 239786, "StrOutlet": 0, "Shape_Length": 0.012912577782532833 }, "bbox": [ 123.9194445, -18.0899998, 123.9316668, -18.0883332 ], "geometry": { "type": "LineString", "coordinates": [ [ 123.9316668, -18.0883332 ], [ 123.931389, -18.0883332 ], [ 123.9311112, -18.0883332 ], [ 123.9308334, -18.0883332 ], [ 123.9305556, -18.0883332 ], [ 123.9302779, -18.0883332 ], [ 123.9300001, -18.0883332 ], [ 123.9297223, -18.0883332 ], [ 123.9294445, -18.0883332 ], [ 123.9291668, -18.0883332 ], [ 123.928889, -18.0883332 ], [ 123.9286112, -18.0883332 ], [ 123.9283334, -18.0883332 ], [ 123.9280556, -18.0883332 ], [ 123.9277779, -18.0883332 ], [ 123.9275001, -18.088611 ], [ 123.9272223, -18.088611 ], [ 123.9269445, -18.088611 ], [ 123.9266668, -18.0888887 ], [ 123.926389, -18.0888887 ], [ 123.9261112, -18.0888887 ], [ 123.9258334, -18.0888887 ], [ 123.9255556, -18.0888887 ], [ 123.9252779, -18.0888887 ], [ 123.9250001, -18.0891665 ], [ 123.9247223, -18.0891665 ], [ 123.9244445, -18.0891665 ], [ 123.9241668, -18.0894443 ], [ 123.923889, -18.0894443 ], [ 123.9236112, -18.0894443 ], [ 123.9233334, -18.0894443 ], [ 123.9230556, -18.0894443 ], [ 123.9227779, -18.0894443 ], [ 123.9225001, -18.0894443 ], [ 123.9222223, -18.0894443 ], [ 123.9219445, -18.0897221 ], [ 123.9216668, -18.0897221 ], [ 123.921389, -18.0897221 ], [ 123.9211112, -18.0897221 ], [ 123.9208334, -18.0897221 ], [ 123.9205556, -18.0897221 ], [ 123.9202779, -18.0899998 ], [ 123.9200001, -18.0899998 ], [ 123.9197223, -18.0899998 ], [ 123.9194445, -18.0899998 ] ] } },
{ "type": "Feature", "properties": { "HydroID": 101914012, "AHGFFType": 3, "Name": " ", "Hierarchy": "Minor", "Perennial": "Non Perennial", "AusHydroID": 1433993, "AusHydroEr": 1, "SegmentNo": 406576, "DrainID": 100644693, "From_Node": 101624092, "To_Node": 101624087, "NextDownID": 101914010, "Enabled": 1, "FlowDir": 1, "SrcFCName": "DEMDerivedStreamsVector", "SrcFType": "Waterbody Connector", "SrcType": 3, "SourceID": null, "FeatRel": "2019-08-21T00:00:00Z", "FSource": "GEOSCIENCE AUSTRALIA", "AttrRel": "2019-08-21T00:00:00Z", "AttrSource": "GEOSCIENCE AUSTRALIA", "PlanAcc": 15, "Symbol": null, "TextNote": null, "GeodesLen": 42.541796078208264, "UpstrGeoLn": 1073.6325393759369, "UpstrDArea": 440238.90735708992, "ConCatID": 239786, "StrOutlet": 0, "Shape_Length": 0.00039283741500558154 }, "bbox": [ 123.9316668, -18.088611, 123.9319445, -18.0883332 ], "geometry": { "type": "LineString", "coordinates": [ [ 123.9319445, -18.088611 ], [ 123.9316668, -18.0883332 ] ] } },
{ "type": "Feature", "properties": { "HydroID": 101914013, "AHGFFType": 1, "Name": " ", "Hierarchy": "Minor", "Perennial": "Non Perennial", "AusHydroID": 1435852, "AusHydroEr": 1, "SegmentNo": 406107, "DrainID": 100644450, "From_Node": 101624094, "To_Node": 101623832, "NextDownID": 101913770, "Enabled": 1, "FlowDir": 1, "SrcFCName": "DEMDerivedStreamsVector", "SrcFType": "Watercourse", "SrcType": 1, "SourceID": null, "FeatRel": "2019-08-21T00:00:00Z", "FSource": "GEOSCIENCE AUSTRALIA", "AttrRel": "2019-08-21T00:00:00Z", "AttrSource": "GEOSCIENCE AUSTRALIA", "PlanAcc": 15, "Symbol": null, "TextNote": null, "GeodesLen": 4735.2188916087134, "UpstrGeoLn": 6255.5097940015348, "UpstrDArea": 2375062.3465652727, "ConCatID": 239785, "StrOutlet": 0, "Shape_Length": 0.043963064511682165 }, "bbox": [ 123.9080043, -18.0772221, 123.9322223, -18.0619443 ], "geometry": { "type": "LineString", "coordinates": [ [ 123.9322223, -18.0772221 ], [ 123.9319445, -18.0772221 ], [ 123.9316668, -18.0772221 ], [ 123.931389, -18.0772221 ], [ 123.9311112, -18.0772221 ], [ 123.9308334, -18.0772221 ], [ 123.9305556, -18.0769443 ], [ 123.9302779, -18.0769443 ], [ 123.9300001, -18.0766665 ], [ 123.9297223, -18.0763887 ], [ 123.9294445, -18.0763887 ], [ 123.9291668, -18.0763887 ], [ 123.928889, -18.0763887 ], [ 123.9286112, -18.0763887 ], [ 123.9283334, -18.0763887 ], [ 123.9280556, -18.0766665 ], [ 123.9277779, -18.0766665 ], [ 123.9275001, -18.0766665 ], [ 123.9272223, -18.0766665 ], [ 123.9269445, -18.0766665 ], [ 123.9266668, -18.0763887 ], [ 123.926389, -18.0763887 ], [ 123.9261112, -18.0763887 ], [ 123.9258334, -18.0763887 ], [ 123.9255556, -18.0763887 ], [ 123.9252779, -18.076111 ], [ 123.9250001, -18.076111 ], [ 123.9247223, -18.076111 ], [ 123.9244445, -18.076111 ], [ 123.9241668, -18.0758332 ], [ 123.923889, -18.0758332 ], [ 123.9236112, -18.0755554 ], [ 123.9233334, -18.0755554 ], [ 123.9230556, -18.0752776 ], [ 123.9227779, -18.0752776 ], [ 123.9225001, -18.0749998 ], [ 123.9222223, -18.0749998 ], [ 123.9219445, -18.0747221 ], [ 123.9216668, -18.0747221 ], [ 123.921389, -18.0744443 ], [ 123.921389, -18.0741665 ], [ 123.921389, -18.0738887 ], [ 123.921389, -18.073611 ], [ 123.921389, -18.0733332 ], [ 123.921389, -18.0730554 ], [ 123.921389, -18.0727776 ], [ 123.921389, -18.0724998 ], [ 123.921389, -18.0722221 ], [ 123.921389, -18.0719443 ], [ 123.9211112, -18.0716665 ], [ 123.9208334, -18.0713887 ], [ 123.9205556, -18.0713887 ], [ 123.9202779, -18.0713887 ], [ 123.9200001, -18.0713887 ], [ 123.9197223, -18.0713887 ], [ 123.9194445, -18.071111 ], [ 123.9191668, -18.0708332 ], [ 123.9191668, -18.0705554 ], [ 123.9191668, -18.0702776 ], [ 123.9191668, -18.0699998 ], [ 123.9191668, -18.0697221 ], [ 123.9191668, -18.0694443 ], [ 123.918889, -18.0691665 ], [ 123.918889, -18.0688887 ], [ 123.9186112, -18.068611 ], [ 123.9183334, -18.0683332 ], [ 123.9180556, -18.0680554 ], [ 123.9177779, -18.0677776 ], [ 123.9175001, -18.0674998 ], [ 123.9172223, -18.0672221 ], [ 123.9169445, -18.0669443 ], [ 123.9166668, -18.0669443 ], [ 123.916389, -18.0666665 ], [ 123.9161112, -18.0666665 ], [ 123.9158334, -18.0666665 ], [ 123.9155556, -18.0666665 ], [ 123.9152779, -18.0663887 ], [ 123.9150001, -18.066111 ], [ 123.9147223, -18.0658332 ], [ 123.9144445, -18.0655554 ], [ 123.9141668, -18.0652776 ], [ 123.913889, -18.0649998 ], [ 123.9136112, -18.0647221 ], [ 123.9133334, -18.0644443 ], [ 123.9130556, -18.0641665 ], [ 123.9130556, -18.0638887 ], [ 123.9127779, -18.063611 ], [ 123.9125001, -18.0633332 ], [ 123.9122223, -18.0630554 ], [ 123.9119445, -18.0630554 ], [ 123.9116668, -18.0630554 ], [ 123.911389, -18.0627776 ], [ 123.9111112, -18.0627776 ], [ 123.9108334, -18.0624998 ], [ 123.9105556, -18.0624998 ], [ 123.9102779, -18.0622221 ], [ 123.9100001, -18.0622221 ], [ 123.9097223, -18.0622221 ], [ 123.9094445, -18.0622221 ], [ 123.9091668, -18.0622221 ], [ 123.908889, -18.0619443 ], [ 123.9086112, -18.0619443 ], [ 123.9083334, -18.0619443 ], [ 123.9080556, -18.0619443 ], [ 123.9080043, -18.0619443 ] ] } },
{ "type": "Feature", "properties": { "HydroID": 101914014, "AHGFFType": 1, "Name": " ", "Hierarchy": "Minor", "Perennial": "Non Perennial", "AusHydroID": 1434961, "AusHydroEr": 1, "SegmentNo": 406531, "DrainID": 100644668, "From_Node": 101624094, "To_Node": 101624066, "NextDownID": 101913990, "Enabled": 1, "FlowDir": 1, "SrcFCName": "DEMDerivedStreamsVector", "SrcFType": "Watercourse", "SrcType": 1, "SourceID": null, "FeatRel": "2019-08-21T00:00:00Z", "FSource": "GEOSCIENCE AUSTRALIA", "AttrRel": "2019-08-21T00:00:00Z", "AttrSource": "GEOSCIENCE AUSTRALIA", "PlanAcc": 15, "Symbol": null, "TextNote": null, "GeodesLen": 718.58551583826954, "UpstrGeoLn": 2238.8764182310906, "UpstrDArea": 744942.84392220259, "ConCatID": 239786, "StrOutlet": 0, "Shape_Length": 0.0066108305663583177 }, "bbox": [ 123.9283334, -18.0772221, 123.9322223, -18.0722221 ], "geometry": { "type": "LineString", "coordinates": [ [ 123.9322223, -18.0772221 ], [ 123.9319445, -18.0769443 ], [ 123.9316668, -18.0766665 ], [ 123.931389, -18.0763887 ], [ 123.9311112, -18.076111 ], [ 123.9308334, -18.0758332 ], [ 123.9308334, -18.0755554 ], [ 123.9305556, -18.0752776 ], [ 123.9305556, -18.0749998 ], [ 123.9302779, -18.0747221 ], [ 123.9302779, -18.0744443 ], [ 123.9300001, -18.0741665 ], [ 123.9297223, -18.0738887 ], [ 123.9294445, -18.073611 ], [ 123.9291668, -18.0733332 ], [ 123.9291668, -18.0730554 ], [ 123.928889, -18.0727776 ], [ 123.9286112, -18.0724998 ], [ 123.9283334, -18.0722221 ] ] } },
{ "type": "Feature", "properties": { "HydroID": 101914019, "AHGFFType": 1, "Name": "SNAKE CREEK", "Hierarchy": "Major", "Perennial": "Non Perennial", "AusHydroID": 1436258, "AusHydroEr": 1, "SegmentNo": 406458, "DrainID": 100644633, "From_Node": 101624100, "To_Node": 101624011, "NextDownID": 101913939, "Enabled": 1, "FlowDir": 1, "SrcFCName": "DEMDerivedStreamsVector", "SrcFType": "Watercourse", "SrcType": 1, "SourceID": null, "FeatRel": "2019-08-21T00:00:00Z", "FSource": "GEOSCIENCE AUSTRALIA", "AttrRel": "2019-08-21T00:00:00Z", "AttrSource": "GEOSCIENCE AUSTRALIA", "PlanAcc": 15, "Symbol": 6, "TextNote": null, "GeodesLen": 1458.3189846632117, "UpstrGeoLn": 56753892.445743456, "UpstrDArea": 53689772655.07019, "ConCatID": 239786, "StrOutlet": 0, "Shape_Length": 0.013602931029398716 }, "bbox": [ 123.9219445, -18.0538887, 123.9327779, -18.0508332 ], "geometry": { "type": "LineString", "coordinates": [ [ 123.9327779, -18.0538887 ], [ 123.9325001, -18.053611 ], [ 123.9322223, -18.053611 ], [ 123.9319445, -18.053611 ], [ 123.9316668, -18.053611 ], [ 123.931389, -18.053611 ], [ 123.9311112, -18.053611 ], [ 123.9308334, -18.053611 ], [ 123.9305556, -18.053611 ], [ 123.9302779, -18.053611 ], [ 123.9300001, -18.053611 ], [ 123.9297223, -18.053611 ], [ 123.9294445, -18.0538887 ], [ 123.9291668, -18.0538887 ], [ 123.928889, -18.0538887 ], [ 123.9286112, -18.053611 ], [ 123.9283334, -18.053611 ], [ 123.9280556, -18.053611 ], [ 123.9277779, -18.0533332 ], [ 123.9275001, -18.0533332 ], [ 123.9272223, -18.0533332 ], [ 123.9269445, -18.053611 ], [ 123.9266668, -18.053611 ], [ 123.926389, -18.0538887 ], [ 123.9261112, -18.0538887 ], [ 123.9258334, -18.0538887 ], [ 123.9255556, -18.0538887 ], [ 123.9252779, -18.0538887 ], [ 123.9250001, -18.0538887 ], [ 123.9247223, -18.0538887 ], [ 123.9244445, -18.0538887 ], [ 123.9241668, -18.0538887 ], [ 123.923889, -18.0538887 ], [ 123.9236112, -18.0538887 ], [ 123.9233334, -18.053611 ], [ 123.9230556, -18.0533332 ], [ 123.9230556, -18.0530554 ], [ 123.9230556, -18.0527776 ], [ 123.9230556, -18.0524998 ], [ 123.9230556, -18.0522221 ], [ 123.9227779, -18.0519443 ], [ 123.9225001, -18.0516665 ], [ 123.9222223, -18.0513887 ], [ 123.9222223, -18.051111 ], [ 123.9219445, -18.0508332 ] ] } },
{ "type": "Feature", "properties": { "HydroID": 101914021, "AHGFFType": 1, "Name": " ", "Hierarchy": "Minor", "Perennial": "Non Perennial", "AusHydroID": 1436232, "AusHydroEr": 1, "SegmentNo": 406269, "DrainID": 100644532, "From_Node": 101624103, "To_Node": 101623919, "NextDownID": 101913852, "Enabled": 1, "FlowDir": 1, "SrcFCName": "DEMDerivedStreamsVector", "SrcFType": "Watercourse", "SrcType": 1, "SourceID": null, "FeatRel": "2019-08-21T00:00:00Z", "FSource": "GEOSCIENCE AUSTRALIA", "AttrRel": "2019-08-21T00:00:00Z", "AttrSource": "GEOSCIENCE AUSTRALIA", "PlanAcc": 15, "Symbol": null, "TextNote": null, "GeodesLen": 2939.5348056313433, "UpstrGeoLn": 56670701.637302071, "UpstrDArea": 53607643824.285263, "ConCatID": 239786, "StrOutlet": 0, "Shape_Length": 0.027503387426321586 }, "bbox": [ 123.9094445, -18.0569443, 123.9336112, -18.0513887 ], "geometry": { "type": "LineString", "coordinates": [ [ 123.9336112, -18.056111 ], [ 123.9333334, -18.056111 ], [ 123.9330556, -18.0563887 ], [ 123.9327779, -18.0563887 ], [ 123.9325001, -18.0563887 ], [ 123.9322223, -18.0563887 ], [ 123.9319445, -18.0563887 ], [ 123.9316668, -18.0563887 ], [ 123.931389, -18.0563887 ], [ 123.9311112, -18.0563887 ], [ 123.9308334, -18.0563887 ], [ 123.9305556, -18.056111 ], [ 123.9302779, -18.0558332 ], [ 123.9300001, -18.0558332 ], [ 123.9297223, -18.0558332 ], [ 123.9294445, -18.0558332 ], [ 123.9291668, -18.0558332 ], [ 123.928889, -18.056111 ], [ 123.9286112, -18.056111 ], [ 123.9283334, -18.056111 ], [ 123.9280556, -18.056111 ], [ 123.9277779, -18.0563887 ], [ 123.9275001, -18.0563887 ], [ 123.9272223, -18.0566665 ], [ 123.9269445, -18.0566665 ], [ 123.9266668, -18.0566665 ], [ 123.926389, -18.0566665 ], [ 123.9261112, -18.0569443 ], [ 123.9258334, -18.0569443 ], [ 123.9255556, -18.0569443 ], [ 123.9252779, -18.0566665 ], [ 123.9250001, -18.0563887 ], [ 123.9247223, -18.0563887 ], [ 123.9244445, -18.0566665 ], [ 123.9241668, -18.0566665 ], [ 123.923889, -18.0566665 ], [ 123.9236112, -18.0563887 ], [ 123.9233334, -18.0563887 ], [ 123.9230556, -18.056111 ], [ 123.9227779, -18.056111 ], [ 123.9225001, -18.056111 ], [ 123.9222223, -18.056111 ], [ 123.9219445, -18.056111 ], [ 123.9216668, -18.056111 ], [ 123.921389, -18.0558332 ], [ 123.9211112, -18.0558332 ], [ 123.9208334, -18.0555554 ], [ 123.9205556, -18.0555554 ], [ 123.9202779, -18.0555554 ], [ 123.9200001, -18.0555554 ], [ 123.9197223, -18.0552776 ], [ 123.9194445, -18.0552776 ], [ 123.9191668, -18.0552776 ], [ 123.918889, -18.0552776 ], [ 123.9186112, -18.0549998 ], [ 123.9183334, -18.0549998 ], [ 123.9180556, -18.0547221 ], [ 123.9177779, -18.0544443 ], [ 123.9175001, -18.0544443 ], [ 123.9172223, -18.0544443 ], [ 123.9169445, -18.0544443 ], [ 123.9166668, -18.0544443 ], [ 123.916389, -18.0544443 ], [ 123.9161112, -18.0544443 ], [ 123.9158334, -18.0544443 ], [ 123.9155556, -18.0544443 ], [ 123.9152779, -18.0544443 ], [ 123.9150001, -18.0544443 ], [ 123.9147223, -18.0544443 ], [ 123.9144445, -18.0541665 ], [ 123.9141668, -18.0541665 ], [ 123.913889, -18.0538887 ], [ 123.9136112, -18.053611 ], [ 123.9133334, -18.053611 ], [ 123.9130556, -18.0533332 ], [ 123.9127779, -18.0530554 ], [ 123.9125001, -18.0530554 ], [ 123.9122223, -18.0527776 ], [ 123.9119445, -18.0527776 ], [ 123.9116668, -18.0527776 ], [ 123.911389, -18.0524998 ], [ 123.9111112, -18.0524998 ], [ 123.9108334, -18.0522221 ], [ 123.9105556, -18.0522221 ], [ 123.9102779, -18.0519443 ], [ 123.9100001, -18.0519443 ], [ 123.9097223, -18.0516665 ], [ 123.9094445, -18.0513887 ] ] } },
{ "type": "Feature", "properties": { "HydroID": 101914022, "AHGFFType": 1, "Name": "SNAKE CREEK", "Hierarchy": "Major", "Perennial": "Non Perennial", "AusHydroID": 1436087, "AusHydroEr": 1, "SegmentNo": 406585, "DrainID": 100644699, "From_Node": 101624103, "To_Node": 101624100, "NextDownID": 101914019, "Enabled": 1, "FlowDir": 1, "SrcFCName": "DEMDerivedStreamsVector", "SrcFType": "Watercourse", "SrcType": 1, "SourceID": null, "FeatRel": "2019-08-21T00:00:00Z", "FSource": "GEOSCIENCE AUSTRALIA", "AttrRel": "2019-08-21T00:00:00Z", "AttrSource": "GEOSCIENCE AUSTRALIA", "PlanAcc": 15, "Symbol": 6, "TextNote": null, "GeodesLen": 281.36024510838092, "UpstrGeoLn": 56668043.462741546, "UpstrDArea": 53606921390.383125, "ConCatID": 239786, "StrOutlet": 0, "Shape_Length": 0.0025674012448133345 }, "bbox": [ 123.9327779, -18.056111, 123.9336112, -18.0538887 ], "geometry": { "type": "LineString", "coordinates": [ [ 123.9336112, -18.056111 ], [ 123.9333334, -18.0558332 ], [ 123.9330556, -18.0555554 ], [ 123.9330556, -18.0552776 ], [ 123.9330556, -18.0549998 ], [ 123.9330556, -18.0547221 ], [ 123.9330556, -18.0544443 ], [ 123.9327779, -18.0541665 ], [ 123.9327779, -18.0538887 ] ] } },
{ "type": "Feature", "properties": { "HydroID": 101914034, "AHGFFType": 1, "Name": "SNAKE CREEK", "Hierarchy": "Major", "Perennial": "Non Perennial", "AusHydroID": 1435955, "AusHydroEr": 1, "SegmentNo": 406592, "DrainID": 100644702, "From_Node": 101624115, "To_Node": 101624103, "NextDownID": 101914022, "Enabled": 1, "FlowDir": 1, "SrcFCName": "DEMDerivedStreamsVector", "SrcFType": "Watercourse", "SrcType": 1, "SourceID": null, "FeatRel": "2019-08-21T00:00:00Z", "FSource": "GEOSCIENCE AUSTRALIA", "AttrRel": "2019-08-21T00:00:00Z", "AttrSource": "GEOSCIENCE AUSTRALIA", "PlanAcc": 15, "Symbol": 6, "TextNote": null, "GeodesLen": 357.97002719974842, "UpstrGeoLn": 56667762.102496438, "UpstrDArea": 53606890648.645073, "ConCatID": 239786, "StrOutlet": 0, "Shape_Length": 0.003305414783202368 }, "bbox": [ 123.9336112, -18.0583332, 123.9358334, -18.056111 ], "geometry": { "type": "LineString", "coordinates": [ [ 123.9358334, -18.0583332 ], [ 123.9355556, -18.0580554 ], [ 123.9352779, -18.0577776 ], [ 123.9350001, -18.0577776 ], [ 123.9347223, -18.0574998 ], [ 123.9344445, -18.0572221 ], [ 123.9341668, -18.0569443 ], [ 123.933889, -18.0566665 ], [ 123.9336112, -18.0563887 ], [ 123.9336112, -18.056111 ] ] } },
{ "type": "Feature", "properties": { "HydroID": 101914041, "AHGFFType": 1, "Name": " ", "Hierarchy": "Minor", "Perennial": "Non Perennial", "AusHydroID": 1435755, "AusHydroEr": 1, "SegmentNo": 406574, "DrainID": 100644691, "From_Node": 101624123, "To_Node": 101624088, "NextDownID": 101914009, "Enabled": 1, "FlowDir": 1, "SrcFCName": "DEMDerivedStreamsVector", "SrcFType": "Watercourse", "SrcType": 1, "SourceID": null, "FeatRel": "2019-08-21T00:00:00Z", "FSource": "GEOSCIENCE AUSTRALIA", "AttrRel": "2019-08-21T00:00:00Z", "AttrSource": "GEOSCIENCE AUSTRALIA", "PlanAcc": 15, "Symbol": null, "TextNote": null, "GeodesLen": 552.48711119836992, "UpstrGeoLn": 56665233.482274942, "UpstrDArea": 53606301151.08403, "ConCatID": 239786, "StrOutlet": 0, "Shape_Length": 0.0051824599525902432 }, "bbox": [ 123.9316668, -18.0597221, 123.936389, -18.0588887 ], "geometry": { "type": "LineString", "coordinates": [ [ 123.936389, -18.0591665 ], [ 123.9361112, -18.0591665 ], [ 123.9358334, -18.0591665 ], [ 123.9355556, -18.0588887 ], [ 123.9352779, -18.0588887 ], [ 123.9350001, -18.0588887 ], [ 123.9347223, -18.0588887 ], [ 123.9344445, -18.0588887 ], [ 123.9341668, -18.0588887 ], [ 123.933889, -18.0591665 ], [ 123.9336112, -18.0591665 ], [ 123.9333334, -18.0594443 ], [ 123.9330556, -18.0594443 ], [ 123.9327779, -18.0594443 ], [ 123.9325001, -18.0594443 ], [ 123.9322223, -18.0597221 ], [ 123.9319445, -18.0597221 ], [ 123.9316668, -18.0597221 ] ] } },
{ "type": "Feature", "properties": { "HydroID": 101914042, "AHGFFType": 1, "Name": " ", "Hierarchy": "Minor", "Perennial": "Non Perennial", "AusHydroID": 1435787, "AusHydroEr": 1, "SegmentNo": 406617, "DrainID": 100644721, "From_Node": 101624123, "To_Node": 101624115, "NextDownID": 101914034, "Enabled": 1, "FlowDir": 1, "SrcFCName": "DEMDerivedStreamsVector", "SrcFType": "Watercourse", "SrcType": 1, "SourceID": null, "FeatRel": "2019-08-21T00:00:00Z", "FSource": "GEOSCIENCE AUSTRALIA", "AttrRel": "2019-08-21T00:00:00Z", "AttrSource": "GEOSCIENCE AUSTRALIA", "PlanAcc": 15, "Symbol": null, "TextNote": null, "GeodesLen": 115.83487509772988, "UpstrGeoLn": 56664796.830038846, "UpstrDArea": 53606200790.724396, "ConCatID": 239786, "StrOutlet": 0, "Shape_Length": 0.0010634511227596913 }, "bbox": [ 123.9358334, -18.0591665, 123.936389, -18.0583332 ], "geometry": { "type": "LineString", "coordinates": [ [ 123.936389, -18.0591665 ], [ 123.9361112, -18.0588887 ], [ 123.9361112, -18.058611 ], [ 123.9358334, -18.0583332 ] ] } },
{ "type": "Feature", "properties": { "HydroID": 101914055, "AHGFFType": 1, "Name": " ", "Hierarchy": "Minor", "Perennial": "Non Perennial", "AusHydroID": 1433993, "AusHydroEr": 1, "SegmentNo": 406577, "DrainID": 100644694, "From_Node": 101624133, "To_Node": 101624092, "NextDownID": 101914012, "Enabled": 1, "FlowDir": 1, "SrcFCName": "DEMDerivedStreamsVector", "SrcFType": "Watercourse", "SrcType": 1, "SourceID": null, "FeatRel": "2019-08-21T00:00:00Z", "FSource": "GEOSCIENCE AUSTRALIA", "AttrRel": "2019-08-21T00:00:00Z", "AttrSource": "GEOSCIENCE AUSTRALIA", "PlanAcc": 15, "Symbol": null, "TextNote": null, "GeodesLen": 1031.0907432977285, "UpstrGeoLn": 1031.0907432977285, "UpstrDArea": 437526.90574205271, "ConCatID": 239786, "StrOutlet": 0, "Shape_Length": 0.0095036682742232134 }, "bbox": [ 123.9319445, -18.0949998, 123.9375001, -18.088611 ], "geometry": { "type": "LineString", "coordinates": [ [ 123.9375001, -18.0949998 ], [ 123.9372223, -18.0947221 ], [ 123.9369445, -18.0947221 ], [ 123.9366668, -18.0944443 ], [ 123.936389, -18.0941665 ], [ 123.9361112, -18.0941665 ], [ 123.9358334, -18.0938887 ], [ 123.9355556, -18.093611 ], [ 123.9352779, -18.0933332 ], [ 123.9350001, -18.0930554 ], [ 123.9347223, -18.0927776 ], [ 123.9344445, -18.0927776 ], [ 123.9341668, -18.0927776 ], [ 123.933889, -18.0927776 ], [ 123.9336112, -18.0924998 ], [ 123.9333334, -18.0922221 ], [ 123.9333334, -18.0919443 ], [ 123.9330556, -18.0916665 ], [ 123.9327779, -18.0913887 ], [ 123.9325001, -18.091111 ], [ 123.9325001, -18.0908332 ], [ 123.9325001, -18.0905554 ], [ 123.9325001, -18.0902776 ], [ 123.9325001, -18.0899998 ], [ 123.9322223, -18.0897221 ], [ 123.9322223, -18.0894443 ], [ 123.9322223, -18.0891665 ], [ 123.9319445, -18.0888887 ], [ 123.9319445, -18.088611 ] ] } },
{ "type": "Feature", "properties": { "HydroID": 101914078, "AHGFFType": 1, "Name": " ", "Hierarchy": "Minor", "Perennial": "Non Perennial", "AusHydroID": 10369102, "AusHydroEr": 1, "SegmentNo": 406580, "DrainID": 100644695, "From_Node": 101624158, "To_Node": 101624094, "NextDownID": 101914013, "Enabled": 1, "FlowDir": 1, "SrcFCName": "DEMDerivedStreamsVector", "SrcFType": "Watercourse", "SrcType": 1, "SourceID": null, "FeatRel": "2019-08-21T00:00:00Z", "FSource": "GEOSCIENCE AUSTRALIA", "AttrRel": "2019-08-21T00:00:00Z", "AttrSource": "GEOSCIENCE AUSTRALIA", "PlanAcc": 15, "Symbol": null, "TextNote": null, "GeodesLen": 1072.3388640641861, "UpstrGeoLn": 1520.290902392821, "UpstrDArea": 596675.26519989339, "ConCatID": 239785, "StrOutlet": 0, "Shape_Length": 0.010039481906578373 }, "bbox": [ 123.9322223, -18.0794443, 123.9411112, -18.0772221 ], "geometry": { "type": "LineString", "coordinates": [ [ 123.9411112, -18.0788887 ], [ 123.9408334, -18.0788887 ], [ 123.9405556, -18.0791665 ], [ 123.9402779, -18.0791665 ], [ 123.9400001, -18.0794443 ], [ 123.9397223, -18.0794443 ], [ 123.9394445, -18.0794443 ], [ 123.9391668, -18.0794443 ], [ 123.938889, -18.0794443 ], [ 123.9386112, -18.0791665 ], [ 123.9383334, -18.0788887 ], [ 123.9380556, -18.0788887 ], [ 123.9377779, -18.078611 ], [ 123.9375001, -18.078611 ], [ 123.9372223, -18.078611 ], [ 123.9369445, -18.0783332 ], [ 123.9366668, -18.0783332 ], [ 123.936389, -18.0783332 ], [ 123.9361112, -18.0783332 ], [ 123.9358334, -18.0783332 ], [ 123.9355556, -18.0783332 ], [ 123.9352779, -18.0783332 ], [ 123.9350001, -18.0780554 ], [ 123.9347223, -18.0780554 ], [ 123.9344445, -18.0780554 ], [ 123.9341668, -18.0780554 ], [ 123.933889, -18.0780554 ], [ 123.9336112, -18.0780554 ], [ 123.9333334, -18.0780554 ], [ 123.9330556, -18.0777776 ], [ 123.9327779, -18.0774998 ], [ 123.9325001, -18.0774998 ], [ 123.9322223, -18.0772221 ] ] } },
{ "type": "Feature", "properties": { "HydroID": 101914079, "AHGFFType": 1, "Name": " ", "Hierarchy": "Minor", "Perennial": "Non Perennial", "AusHydroID": 1434969, "AusHydroEr": 1, "SegmentNo": 406530, "DrainID": 100644667, "From_Node": 101624158, "To_Node": 101624066, "NextDownID": 101913990, "Enabled": 1, "FlowDir": 1, "SrcFCName": "DEMDerivedStreamsVector", "SrcFType": "Watercourse", "SrcType": 1, "SourceID": null, "FeatRel": "2019-08-21T00:00:00Z", "FSource": "GEOSCIENCE AUSTRALIA", "AttrRel": "2019-08-21T00:00:00Z", "AttrSource": "GEOSCIENCE AUSTRALIA", "PlanAcc": 15, "Symbol": null, "TextNote": null, "GeodesLen": 1703.1770312786514, "UpstrGeoLn": 2151.1290696072865, "UpstrDArea": 927568.93275904143, "ConCatID": 239786, "StrOutlet": 0, "Shape_Length": 0.01586463964303058 }, "bbox": [ 123.9283334, -18.0788887, 123.9411112, -18.0722221 ], "geometry": { "type": "LineString", "coordinates": [ [ 123.9411112, -18.0788887 ], [ 123.9408334, -18.078611 ], [ 123.9405556, -18.0783332 ], [ 123.9405556, -18.0780554 ], [ 123.9402779, -18.0777776 ], [ 123.9400001, -18.0774998 ], [ 123.9397223, -18.0772221 ], [ 123.9394445, -18.0772221 ], [ 123.9391668, -18.0772221 ], [ 123.938889, -18.0769443 ], [ 123.9386112, -18.0766665 ], [ 123.9383334, -18.0763887 ], [ 123.9380556, -18.076111 ], [ 123.9377779, -18.076111 ], [ 123.9375001, -18.0758332 ], [ 123.9372223, -18.0755554 ], [ 123.9369445, -18.0755554 ], [ 123.9366668, -18.0752776 ], [ 123.936389, -18.0752776 ], [ 123.9361112, -18.0749998 ], [ 123.9358334, -18.0749998 ], [ 123.9355556, -18.0749998 ], [ 123.9352779, -18.0749998 ], [ 123.9350001, -18.0749998 ], [ 123.9347223, -18.0749998 ], [ 123.9344445, -18.0749998 ], [ 123.9341668, -18.0749998 ], [ 123.933889, -18.0747221 ], [ 123.9336112, -18.0747221 ], [ 123.9333334, -18.0744443 ], [ 123.9330556, -18.0744443 ], [ 123.9327779, -18.0741665 ], [ 123.9325001, -18.0741665 ], [ 123.9322223, -18.0738887 ], [ 123.9319445, -18.0738887 ], [ 123.9316668, -18.0738887 ], [ 123.931389, -18.0738887 ], [ 123.9311112, -18.073611 ], [ 123.9308334, -18.073611 ], [ 123.9305556, -18.0733332 ], [ 123.9305556, -18.0730554 ], [ 123.9302779, -18.0727776 ], [ 123.9300001, -18.0724998 ], [ 123.9297223, -18.0722221 ], [ 123.9294445, -18.0722221 ], [ 123.9291668, -18.0722221 ], [ 123.928889, -18.0722221 ], [ 123.9286112, -18.0722221 ], [ 123.9283334, -18.0722221 ] ] } },
{ "type": "Feature", "properties": { "HydroID": 101914083, "AHGFFType": 1, "Name": " ", "Hierarchy": "Minor", "Perennial": "Non Perennial", "AusHydroID": 1437314, "AusHydroEr": 1, "SegmentNo": 406584, "DrainID": 100644698, "From_Node": 101624163, "To_Node": 101624100, "NextDownID": 101914019, "Enabled": 1, "FlowDir": 1, "SrcFCName": "DEMDerivedStreamsVector", "SrcFType": "Watercourse", "SrcType": 1, "SourceID": null, "FeatRel": "2019-08-21T00:00:00Z", "FSource": "GEOSCIENCE AUSTRALIA", "AttrRel": "2019-08-21T00:00:00Z", "AttrSource": "GEOSCIENCE AUSTRALIA", "PlanAcc": 15, "Symbol": null, "TextNote": null, "GeodesLen": 2773.7576016293483, "UpstrGeoLn": 2773.7576016293483, "UpstrDArea": 1030821.0378465205, "ConCatID": 239786, "StrOutlet": 0, "Shape_Length": 0.025415965501703244 }, "bbox": [ 123.9327779, -18.0538887, 123.9352779, -18.0445584 ], "geometry": { "type": "LineString", "coordinates": [ [ 123.9344445, -18.0445584 ], [ 123.9344445, -18.0447221 ], [ 123.9344445, -18.0449998 ], [ 123.9344445, -18.0452776 ], [ 123.9344445, -18.0455554 ], [ 123.9344445, -18.0458332 ], [ 123.9344445, -18.046111 ], [ 123.9344445, -18.0463887 ], [ 123.9347223, -18.0466665 ], [ 123.9347223, -18.0469443 ], [ 123.9347223, -18.0472221 ], [ 123.9347223, -18.0474998 ], [ 123.9350001, -18.0477776 ], [ 123.9350001, -18.0480554 ], [ 123.9352779, -18.0483332 ], [ 123.9352779, -18.048611 ], [ 123.9352779, -18.0488887 ], [ 123.9352779, -18.0491665 ], [ 123.9352779, -18.0494443 ], [ 123.9352779, -18.0497221 ], [ 123.9350001, -18.0499998 ], [ 123.9350001, -18.0502776 ], [ 123.9347223, -18.0505554 ], [ 123.9344445, -18.0508332 ], [ 123.9341668, -18.051111 ], [ 123.933889, -18.0513887 ], [ 123.933889, -18.0516665 ], [ 123.9336112, -18.0519443 ], [ 123.9336112, -18.0522221 ], [ 123.9333334, -18.0524998 ], [ 123.9333334, -18.0527776 ], [ 123.9330556, -18.0530554 ], [ 123.9330556, -18.0533332 ], [ 123.9327779, -18.053611 ], [ 123.9327779, -18.0538887 ] ] } },
{ "type": "Feature", "properties": { "HydroID": 101914090, "AHGFFType": 1, "Name": " ", "Hierarchy": "Minor", "Perennial": "Non Perennial", "AusHydroID": 1435711, "AusHydroEr": 1, "SegmentNo": 406620, "DrainID": 100644723, "From_Node": 101624173, "To_Node": 101624123, "NextDownID": 101914041, "Enabled": 1, "FlowDir": 1, "SrcFCName": "DEMDerivedStreamsVector", "SrcFType": "Watercourse", "SrcType": 1, "SourceID": null, "FeatRel": "2019-08-21T00:00:00Z", "FSource": "GEOSCIENCE AUSTRALIA", "AttrRel": "2019-08-21T00:00:00Z", "AttrSource": "GEOSCIENCE AUSTRALIA", "PlanAcc": 15, "Symbol": null, "TextNote": null, "GeodesLen": 889.70700896708672, "UpstrGeoLn": 56664680.995163746, "UpstrDArea": 53606197174.12439, "ConCatID": 239786, "StrOutlet": 0, "Shape_Length": 0.0082774975663558216 }, "bbox": [ 123.936389, -18.0630554, 123.9430556, -18.0591665 ], "geometry": { "type": "LineString", "coordinates": [ [ 123.9430556, -18.0630554 ], [ 123.9427779, -18.0630554 ], [ 123.9425001, -18.0627776 ], [ 123.9422223, -18.0627776 ], [ 123.9419445, -18.0624998 ], [ 123.9416668, -18.0622221 ], [ 123.941389, -18.0619443 ], [ 123.9411112, -18.0616665 ], [ 123.9408334, -18.0613887 ], [ 123.9405556, -18.0613887 ], [ 123.9402779, -18.061111 ], [ 123.9400001, -18.0608332 ], [ 123.9397223, -18.0608332 ], [ 123.9394445, -18.0608332 ], [ 123.9391668, -18.0608332 ], [ 123.938889, -18.0605554 ], [ 123.9386112, -18.0605554 ], [ 123.9383334, -18.0605554 ], [ 123.9380556, -18.0602776 ], [ 123.9377779, -18.0599998 ], [ 123.9375001, -18.0599998 ], [ 123.9372223, -18.0597221 ], [ 123.9369445, -18.0597221 ], [ 123.9366668, -18.0594443 ], [ 123.936389, -18.0591665 ] ] } },
{ "type": "Feature", "properties": { "HydroID": 101914091, "AHGFFType": 1, "Name": " ", "Hierarchy": "Minor", "Perennial": "Non Perennial", "AusHydroID": 1434738, "AusHydroEr": 1, "SegmentNo": 406299, "DrainID": 100644545, "From_Node": 101624172, "To_Node": 101623934, "NextDownID": 101913869, "Enabled": 1, "FlowDir": 1, "SrcFCName": "DEMDerivedStreamsVector", "SrcFType": "Watercourse", "SrcType": 1, "SourceID": null, "FeatRel": "2019-08-21T00:00:00Z", "FSource": "GEOSCIENCE AUSTRALIA", "AttrRel": "2019-08-21T00:00:00Z", "AttrSource": "GEOSCIENCE AUSTRALIA", "PlanAcc": 15, "Symbol": null, "TextNote": null, "GeodesLen": 3752.1068256395597, "UpstrGeoLn": 57022180.070034914, "UpstrDArea": 54272010912.625381, "ConCatID": 239786, "StrOutlet": 0, "Shape_Length": 0.03516610613255168 }, "bbox": [ 123.9116668, -18.0827776, 123.9430556, -18.0755554 ], "geometry": { "type": "LineString", "coordinates": [ [ 123.9430556, -18.0827776 ], [ 123.9427779, -18.0824998 ], [ 123.9425001, -18.0824998 ], [ 123.9422223, -18.0824998 ], [ 123.9419445, -18.0824998 ], [ 123.9416668, -18.0824998 ], [ 123.941389, -18.0824998 ], [ 123.9411112, -18.0822221 ], [ 123.9408334, -18.0822221 ], [ 123.9405556, -18.0822221 ], [ 123.9402779, -18.0822221 ], [ 123.9400001, -18.0819443 ], [ 123.9397223, -18.0816665 ], [ 123.9394445, -18.0813887 ], [ 123.9391668, -18.081111 ], [ 123.938889, -18.0808332 ], [ 123.9386112, -18.0808332 ], [ 123.9383334, -18.0808332 ], [ 123.9380556, -18.0808332 ], [ 123.9377779, -18.0808332 ], [ 123.9375001, -18.0808332 ], [ 123.9372223, -18.0808332 ], [ 123.9369445, -18.0808332 ], [ 123.9366668, -18.0808332 ], [ 123.936389, -18.0808332 ], [ 123.9361112, -18.0808332 ], [ 123.9358334, -18.0808332 ], [ 123.9355556, -18.0808332 ], [ 123.9352779, -18.0808332 ], [ 123.9350001, -18.0808332 ], [ 123.9347223, -18.0808332 ], [ 123.9344445, -18.0808332 ], [ 123.9341668, -18.0808332 ], [ 123.933889, -18.0808332 ], [ 123.9336112, -18.0808332 ], [ 123.9333334, -18.0808332 ], [ 123.9330556, -18.0808332 ], [ 123.9327779, -18.0808332 ], [ 123.9325001, -18.0808332 ], [ 123.9322223, -18.081111 ], [ 123.9319445, -18.081111 ], [ 123.9316668, -18.081111 ], [ 123.931389, -18.081111 ], [ 123.9311112, -18.0808332 ], [ 123.9308334, -18.0805554 ], [ 123.9305556, -18.0805554 ], [ 123.9302779, -18.0802776 ], [ 123.9300001, -18.0799998 ], [ 123.9297223, -18.0799998 ], [ 123.9294445, -18.0797221 ], [ 123.9294445, -18.0794443 ], [ 123.9291668, -18.0791665 ], [ 123.9291668, -18.0788887 ], [ 123.928889, -18.078611 ], [ 123.9286112, -18.0783332 ], [ 123.9283334, -18.0783332 ], [ 123.9280556, -18.0783332 ], [ 123.9277779, -18.078611 ], [ 123.9275001, -18.078611 ], [ 123.9272223, -18.078611 ], [ 123.9269445, -18.078611 ], [ 123.9266668, -18.0783332 ], [ 123.926389, -18.0783332 ], [ 123.9261112, -18.0783332 ], [ 123.9258334, -18.0783332 ], [ 123.9255556, -18.0780554 ], [ 123.9252779, -18.0780554 ], [ 123.9250001, -18.0780554 ], [ 123.9247223, -18.0780554 ], [ 123.9244445, -18.0777776 ], [ 123.9241668, -18.0777776 ], [ 123.923889, -18.0777776 ], [ 123.9236112, -18.0777776 ], [ 123.9233334, -18.0777776 ], [ 123.9230556, -18.0777776 ], [ 123.9227779, -18.0777776 ], [ 123.9225001, -18.0777776 ], [ 123.9222223, -18.0774998 ], [ 123.9219445, -18.0774998 ], [ 123.9216668, -18.0774998 ], [ 123.921389, -18.0774998 ], [ 123.9211112, -18.0774998 ], [ 123.9208334, -18.0774998 ], [ 123.9205556, -18.0774998 ], [ 123.9202779, -18.0774998 ], [ 123.9200001, -18.0774998 ], [ 123.9197223, -18.0774998 ], [ 123.9194445, -18.0774998 ], [ 123.9191668, -18.0774998 ], [ 123.918889, -18.0774998 ], [ 123.9186112, -18.0774998 ], [ 123.9183334, -18.0774998 ], [ 123.9180556, -18.0774998 ], [ 123.9177779, -18.0774998 ], [ 123.9175001, -18.0772221 ], [ 123.9172223, -18.0772221 ], [ 123.9169445, -18.0772221 ], [ 123.9166668, -18.0772221 ], [ 123.916389, -18.0769443 ], [ 123.9161112, -18.0769443 ], [ 123.9158334, -18.0769443 ], [ 123.9155556, -18.0766665 ], [ 123.9152779, -18.0766665 ], [ 123.9150001, -18.0766665 ], [ 123.9147223, -18.0763887 ], [ 123.9144445, -18.0763887 ], [ 123.9141668, -18.076111 ], [ 123.913889, -18.0758332 ], [ 123.9136112, -18.0758332 ], [ 123.9133334, -18.0758332 ], [ 123.9130556, -18.0758332 ], [ 123.9127779, -18.0758332 ], [ 123.9125001, -18.0758332 ], [ 123.9122223, -18.0758332 ], [ 123.9119445, -18.0755554 ], [ 123.9116668, -18.0755554 ] ] } },
{ "type": "Feature", "properties": { "HydroID": 101914097, "AHGFFType": 1, "Name": "BLOODWOOD CREEK", "Hierarchy": "Minor", "Perennial": "Non Perennial", "AusHydroID": 10369106, "AusHydroEr": 1, "SegmentNo": 406587, "DrainID": 100644700, "From_Node": 101624180, "To_Node": 101624100, "NextDownID": 101914019, "Enabled": 1, "FlowDir": 1, "SrcFCName": "DEMDerivedStreamsVector", "SrcFType": "Watercourse", "SrcType": 1, "SourceID": null, "FeatRel": "2019-08-21T00:00:00Z", "FSource": "GEOSCIENCE AUSTRALIA", "AttrRel": "2019-08-21T00:00:00Z", "AttrSource": "GEOSCIENCE AUSTRALIA", "PlanAcc": 15, "Symbol": null, "TextNote": null, "GeodesLen": 1334.0055529838114, "UpstrGeoLn": 56717782.501358964, "UpstrDArea": 53674771049.727325, "ConCatID": 239786, "StrOutlet": 0, "Shape_Length": 0.012491821322301011 }, "bbox": [ 123.9327779, -18.0538887, 123.943889, -18.0522221 ], "geometry": { "type": "LineString", "coordinates": [ [ 123.943889, -18.0533332 ], [ 123.9436112, -18.0533332 ], [ 123.9433334, -18.0530554 ], [ 123.9430556, -18.0530554 ], [ 123.9427779, -18.0530554 ], [ 123.9425001, -18.0530554 ], [ 123.9422223, -18.0530554 ], [ 123.9419445, -18.0530554 ], [ 123.9416668, -18.0530554 ], [ 123.941389, -18.0527776 ], [ 123.9411112, -18.0524998 ], [ 123.9408334, -18.0522221 ], [ 123.9405556, -18.0522221 ], [ 123.9402779, -18.0522221 ], [ 123.9400001, -18.0524998 ], [ 123.9397223, -18.0527776 ], [ 123.9394445, -18.0530554 ], [ 123.9391668, -18.0533332 ], [ 123.938889, -18.053611 ], [ 123.9386112, -18.053611 ], [ 123.9383334, -18.053611 ], [ 123.9380556, -18.0538887 ], [ 123.9377779, -18.0538887 ], [ 123.9375001, -18.0538887 ], [ 123.9372223, -18.0538887 ], [ 123.9369445, -18.0538887 ], [ 123.9366668, -18.0538887 ], [ 123.936389, -18.0538887 ], [ 123.9361112, -18.053611 ], [ 123.9358334, -18.053611 ], [ 123.9355556, -18.053611 ], [ 123.9352779, -18.053611 ], [ 123.9350001, -18.053611 ], [ 123.9347223, -18.053611 ], [ 123.9344445, -18.053611 ], [ 123.9341668, -18.0538887 ], [ 123.933889, -18.0538887 ], [ 123.9336112, -18.0538887 ], [ 123.9333334, -18.0538887 ], [ 123.9330556, -18.0538887 ], [ 123.9327779, -18.0538887 ] ] } },
{ "type": "Feature", "properties": { "HydroID": 101914099, "AHGFFType": 1, "Name": " ", "Hierarchy": "Minor", "Perennial": "Non Perennial", "AusHydroID": 1745676, "AusHydroEr": 1, "SegmentNo": 406685, "DrainID": 100644755, "From_Node": 101624182, "To_Node": 101624158, "NextDownID": 101914079, "Enabled": 1, "FlowDir": 1, "SrcFCName": "DEMDerivedStreamsVector", "SrcFType": "Watercourse", "SrcType": 1, "SourceID": null, "FeatRel": "2019-08-21T00:00:00Z", "FSource": "GEOSCIENCE AUSTRALIA", "AttrRel": "2019-08-21T00:00:00Z", "AttrSource": "GEOSCIENCE AUSTRALIA", "PlanAcc": 15, "Symbol": null, "TextNote": null, "GeodesLen": 447.9520383286349, "UpstrGeoLn": 447.9520383286349, "UpstrDArea": 349868.72711178602, "ConCatID": 239785, "StrOutlet": 0, "Shape_Length": 0.0041864066604797292 }, "bbox": [ 123.9411112, -18.0802776, 123.9447223, -18.0788887 ], "geometry": { "type": "LineString", "coordinates": [ [ 123.9447223, -18.0802776 ], [ 123.9444445, -18.0802776 ], [ 123.9441668, -18.0802776 ], [ 123.943889, -18.0799998 ], [ 123.9436112, -18.0799998 ], [ 123.9433334, -18.0799998 ], [ 123.9430556, -18.0799998 ], [ 123.9427779, -18.0797221 ], [ 123.9425001, -18.0797221 ], [ 123.9422223, -18.0794443 ], [ 123.9419445, -18.0791665 ], [ 123.9416668, -18.0791665 ], [ 123.941389, -18.0788887 ], [ 123.9411112, -18.0788887 ] ] } },
{ "type": "Feature", "properties": { "HydroID": 101914105, "AHGFFType": 1, "Name": " ", "Hierarchy": "Minor", "Perennial": "Non Perennial", "AusHydroID": 1434344, "AusHydroEr": 1, "SegmentNo": 406727, "DrainID": 100644773, "From_Node": 101624186, "To_Node": 101624172, "NextDownID": 101914091, "Enabled": 1, "FlowDir": 1, "SrcFCName": "DEMDerivedStreamsVector", "SrcFType": "Watercourse", "SrcType": 1, "SourceID": null, "FeatRel": "2019-08-21T00:00:00Z", "FSource": "GEOSCIENCE AUSTRALIA", "AttrRel": "2019-08-21T00:00:00Z", "AttrSource": "GEOSCIENCE AUSTRALIA", "PlanAcc": 15, "Symbol": null, "TextNote": null, "GeodesLen": 443.02942875134056, "UpstrGeoLn": 56998858.570802815, "UpstrDArea": 54258541540.481636, "ConCatID": 239786, "StrOutlet": 0, "Shape_Length": 0.0040910896130527535 }, "bbox": [ 123.9430556, -18.0855554, 123.9458334, -18.0827776 ], "geometry": { "type": "LineString", "coordinates": [ [ 123.9458334, -18.0855554 ], [ 123.9455556, -18.0852776 ], [ 123.9455556, -18.0849998 ], [ 123.9452779, -18.0847221 ], [ 123.9450001, -18.0844443 ], [ 123.9447223, -18.0841665 ], [ 123.9444445, -18.0838887 ], [ 123.9441668, -18.083611 ], [ 123.943889, -18.0833332 ], [ 123.9436112, -18.0830554 ], [ 123.9433334, -18.0830554 ], [ 123.9430556, -18.0827776 ] ] } },
{ "type": "Feature", "properties": { "HydroID": 101914113, "AHGFFType": 3, "Name": "FITZROY RIVER", "Hierarchy": "Major", "Perennial": "Perennial", "AusHydroID": 1434022, "AusHydroEr": 1, "SegmentNo": 406575, "DrainID": 100644692, "From_Node": 101624196, "To_Node": 101624087, "NextDownID": 101914010, "Enabled": 1, "FlowDir": 1, "SrcFCName": "DEMDerivedStreamsVector", "SrcFType": "Waterbody Connector", "SrcType": 3, "SourceID": null, "FeatRel": "2019-08-21T00:00:00Z", "FSource": "GEOSCIENCE AUSTRALIA", "AttrRel": "2019-08-21T00:00:00Z", "AttrSource": "GEOSCIENCE AUSTRALIA", "PlanAcc": 15, "Symbol": 2, "TextNote": null, "GeodesLen": 2268.0063208905021, "UpstrGeoLn": 56871067.972288065, "UpstrDArea": 54168285067.665184, "ConCatID": 239786, "StrOutlet": 0, "Shape_Length": 0.021094757594360157 }, "bbox": [ 123.9316668, -18.0969443, 123.9475001, -18.0880554 ], "geometry": { "type": "LineString", "coordinates": [ [ 123.9475001, -18.0969443 ], [ 123.9475001, -18.0966665 ], [ 123.9475001, -18.0963887 ], [ 123.9475001, -18.096111 ], [ 123.9472223, -18.0958332 ], [ 123.9472223, -18.0955554 ], [ 123.9472223, -18.0952776 ], [ 123.9469445, -18.0949998 ], [ 123.9469445, -18.0947221 ], [ 123.9466668, -18.0944443 ], [ 123.9466668, -18.0941665 ], [ 123.9466668, -18.0938887 ], [ 123.946389, -18.093611 ], [ 123.9461112, -18.0933332 ], [ 123.9461112, -18.0930554 ], [ 123.9458334, -18.0927776 ], [ 123.9455556, -18.0924998 ], [ 123.9452779, -18.0922221 ], [ 123.9450001, -18.0919443 ], [ 123.9447223, -18.0919443 ], [ 123.9444445, -18.0916665 ], [ 123.9441668, -18.0913887 ], [ 123.943889, -18.091111 ], [ 123.9436112, -18.091111 ], [ 123.9433334, -18.0908332 ], [ 123.9430556, -18.0908332 ], [ 123.9427779, -18.0905554 ], [ 123.9425001, -18.0905554 ], [ 123.9422223, -18.0902776 ], [ 123.9419445, -18.0902776 ], [ 123.9416668, -18.0899998 ], [ 123.941389, -18.0899998 ], [ 123.9411112, -18.0897221 ], [ 123.9408334, -18.0897221 ], [ 123.9405556, -18.0894443 ], [ 123.9402779, -18.0894443 ], [ 123.9400001, -18.0894443 ], [ 123.9397223, -18.0891665 ], [ 123.9394445, -18.0891665 ], [ 123.9391668, -18.0888887 ], [ 123.938889, -18.0888887 ], [ 123.9386112, -18.088611 ], [ 123.9383334, -18.088611 ], [ 123.9380556, -18.088611 ], [ 123.9377779, -18.088611 ], [ 123.9375001, -18.0883332 ], [ 123.9372223, -18.0883332 ], [ 123.9369445, -18.0883332 ], [ 123.9366668, -18.0883332 ], [ 123.936389, -18.0883332 ], [ 123.9361112, -18.0883332 ], [ 123.9358334, -18.0883332 ], [ 123.9355556, -18.0883332 ], [ 123.9352779, -18.0880554 ], [ 123.9350001, -18.0880554 ], [ 123.9347223, -18.0880554 ], [ 123.9344445, -18.0880554 ], [ 123.9341668, -18.0880554 ], [ 123.933889, -18.0883332 ], [ 123.9336112, -18.0883332 ], [ 123.9333334, -18.0883332 ], [ 123.9330556, -18.0883332 ], [ 123.9327779, -18.0883332 ], [ 123.9325001, -18.0883332 ], [ 123.9322223, -18.0883332 ], [ 123.9319445, -18.0883332 ], [ 123.9316668, -18.0883332 ] ] } },
{ "type": "Feature", "properties": { "HydroID": 101914114, "AHGFFType": 1, "Name": " ", "Hierarchy": "Minor", "Perennial": "Non Perennial", "AusHydroID": 1437272, "AusHydroEr": 1, "SegmentNo": 406740, "DrainID": 100644779, "From_Node": 101624198, "To_Node": 101624180, "NextDownID": 101914097, "Enabled": 1, "FlowDir": 1, "SrcFCName": "DEMDerivedStreamsVector", "SrcFType": "Watercourse", "SrcType": 1, "SourceID": null, "FeatRel": "2019-08-21T00:00:00Z", "FSource": "GEOSCIENCE AUSTRALIA", "AttrRel": "2019-08-21T00:00:00Z", "AttrSource": "GEOSCIENCE AUSTRALIA", "PlanAcc": 15, "Symbol": null, "TextNote": null, "GeodesLen": 2465.2542883394344, "UpstrGeoLn": 2465.2542883394344, "UpstrDArea": 808378.93517895311, "ConCatID": 239786, "StrOutlet": 0, "Shape_Length": 0.022531303935878242 }, "bbox": [ 123.943889, -18.0533332, 123.9477779, -18.0443512 ], "geometry": { "type": "LineString", "coordinates": [ [ 123.9477779, -18.0443512 ], [ 123.9477779, -18.0444443 ], [ 123.9477779, -18.0447221 ], [ 123.9477779, -18.0449998 ], [ 123.9477779, -18.0452776 ], [ 123.9477779, -18.0455554 ], [ 123.9475001, -18.0458332 ], [ 123.9475001, -18.046111 ], [ 123.9475001, -18.0463887 ], [ 123.9475001, -18.0466665 ], [ 123.9475001, -18.0469443 ], [ 123.9475001, -18.0472221 ], [ 123.9475001, -18.0474998 ], [ 123.9472223, -18.0477776 ], [ 123.9472223, -18.0480554 ], [ 123.9472223, -18.0483332 ], [ 123.9472223, -18.048611 ], [ 123.9472223, -18.0488887 ], [ 123.9472223, -18.0491665 ], [ 123.9472223, -18.0494443 ], [ 123.9469445, -18.0497221 ], [ 123.9466668, -18.0497221 ], [ 123.946389, -18.0497221 ], [ 123.9461112, -18.0497221 ], [ 123.9458334, -18.0499998 ], [ 123.9455556, -18.0499998 ], [ 123.9452779, -18.0499998 ], [ 123.9450001, -18.0502776 ], [ 123.9447223, -18.0505554 ], [ 123.9447223, -18.0508332 ], [ 123.9447223, -18.051111 ], [ 123.9450001, -18.0513887 ], [ 123.9450001, -18.0516665 ], [ 123.9450001, -18.0519443 ], [ 123.9450001, -18.0522221 ], [ 123.9450001, -18.0524998 ], [ 123.9447223, -18.0527776 ], [ 123.9444445, -18.0527776 ], [ 123.9441668, -18.0530554 ], [ 123.943889, -18.0533332 ] ] } },
{ "type": "Feature", "properties": { "HydroID": 101914117, "AHGFFType": 3, "Name": " ", "Hierarchy": "Minor", "Perennial": "Non Perennial", "AusHydroID": 1433377, "AusHydroEr": 1, "SegmentNo": 406771, "DrainID": 100644799, "From_Node": 101624200, "To_Node": 101624196, "NextDownID": 101914113, "Enabled": 1, "FlowDir": 1, "SrcFCName": "DEMDerivedStreamsVector", "SrcFType": "Waterbody Connector", "SrcType": 3, "SourceID": null, "FeatRel": "2019-08-21T00:00:00Z", "FSource": "GEOSCIENCE AUSTRALIA", "AttrRel": "2019-08-21T00:00:00Z", "AttrSource": "GEOSCIENCE AUSTRALIA", "PlanAcc": 15, "Symbol": null, "TextNote": null, "GeodesLen": 58.803808925377361, "UpstrGeoLn": 1695.7176697714528, "UpstrDArea": 2635805.8081150255, "ConCatID": 239786, "StrOutlet": 0, "Shape_Length": 0.00055555500000536995 }, "bbox": [ 123.9475001, -18.0969443, 123.9480556, -18.0969443 ], "geometry": { "type": "LineString", "coordinates": [ [ 123.9480556, -18.0969443 ], [ 123.9477779, -18.0969443 ], [ 123.9475001, -18.0969443 ] ] } },
{ "type": "Feature", "properties": { "HydroID": 101914118, "AHGFFType": 1, "Name": " ", "Hierarchy": "Minor", "Perennial": "Non Perennial", "AusHydroID": 1433230, "AusHydroEr": 1, "SegmentNo": 406400, "DrainID": 100644598, "From_Node": 101624199, "To_Node": 101623985, "NextDownID": 101913915, "Enabled": 1, "FlowDir": 1, "SrcFCName": "DEMDerivedStreamsVector", "SrcFType": "Watercourse", "SrcType": 1, "SourceID": null, "FeatRel": "2019-08-21T00:00:00Z", "FSource": "GEOSCIENCE AUSTRALIA", "AttrRel": "2019-08-21T00:00:00Z", "AttrSource": "GEOSCIENCE AUSTRALIA", "PlanAcc": 15, "Symbol": null, "TextNote": null, "GeodesLen": 4549.1950259824644, "UpstrGeoLn": 56167046.468570516, "UpstrDArea": 53315480886.73452, "ConCatID": 232627, "StrOutlet": 0, "Shape_Length": 0.042189513653141122 }, "bbox": [ 123.9191668, -18.1177776, 123.9480556, -18.1 ], "geometry": { "type": "LineString", "coordinates": [ [ 123.9480556, -18.1177776 ], [ 123.9477779, -18.1177776 ], [ 123.9475001, -18.1177776 ], [ 123.9472223, -18.1177776 ], [ 123.9469445, -18.1177776 ], [ 123.9466668, -18.1177776 ], [ 123.946389, -18.1174998 ], [ 123.9461112, -18.1172221 ], [ 123.9458334, -18.1169443 ], [ 123.9458334, -18.1166665 ], [ 123.9455556, -18.1163887 ], [ 123.9455556, -18.116111 ], [ 123.9452779, -18.1158332 ], [ 123.9450001, -18.1155554 ], [ 123.9450001, -18.1152776 ], [ 123.9447223, -18.1149998 ], [ 123.9447223, -18.1147221 ], [ 123.9444445, -18.1144443 ], [ 123.9444445, -18.1141665 ], [ 123.9444445, -18.1138887 ], [ 123.9441668, -18.113611 ], [ 123.9441668, -18.1133332 ], [ 123.943889, -18.1130554 ], [ 123.943889, -18.1127776 ], [ 123.943889, -18.1124998 ], [ 123.943889, -18.1122221 ], [ 123.943889, -18.1119443 ], [ 123.943889, -18.1116665 ], [ 123.943889, -18.1113887 ], [ 123.943889, -18.111111 ], [ 123.9436112, -18.1108332 ], [ 123.9436112, -18.1105554 ], [ 123.9436112, -18.1102776 ], [ 123.9433334, -18.1099998 ], [ 123.9433334, -18.1097221 ], [ 123.9433334, -18.1094443 ], [ 123.9430556, -18.1091665 ], [ 123.9430556, -18.1088887 ], [ 123.9430556, -18.108611 ], [ 123.9430556, -18.1083332 ], [ 123.9427779, -18.1080554 ], [ 123.9425001, -18.1077776 ], [ 123.9425001, -18.1074998 ], [ 123.9422223, -18.1072221 ], [ 123.9422223, -18.1069443 ], [ 123.9419445, -18.1066665 ], [ 123.9416668, -18.1063887 ], [ 123.941389, -18.1063887 ], [ 123.9411112, -18.106111 ], [ 123.9408334, -18.106111 ], [ 123.9405556, -18.106111 ], [ 123.9402779, -18.106111 ], [ 123.9400001, -18.106111 ], [ 123.9397223, -18.106111 ], [ 123.9394445, -18.106111 ], [ 123.9391668, -18.106111 ], [ 123.938889, -18.106111 ], [ 123.9386112, -18.106111 ], [ 123.9383334, -18.106111 ], [ 123.9380556, -18.106111 ], [ 123.9377779, -18.106111 ], [ 123.9375001, -18.106111 ], [ 123.9372223, -18.106111 ], [ 123.9369445, -18.106111 ], [ 123.9366668, -18.1058332 ], [ 123.936389, -18.1058332 ], [ 123.9361112, -18.1058332 ], [ 123.9358334, -18.1055554 ], [ 123.9355556, -18.1055554 ], [ 123.9352779, -18.1052776 ], [ 123.9350001, -18.1049998 ], [ 123.9347223, -18.1049998 ], [ 123.9344445, -18.1049998 ], [ 123.9341668, -18.1049998 ], [ 123.933889, -18.1049998 ], [ 123.9336112, -18.1052776 ], [ 123.9333334, -18.1055554 ], [ 123.9330556, -18.1058332 ], [ 123.9327779, -18.1058332 ], [ 123.9325001, -18.106111 ], [ 123.9322223, -18.106111 ], [ 123.9319445, -18.106111 ], [ 123.9316668, -18.106111 ], [ 123.931389, -18.106111 ], [ 123.9311112, -18.106111 ], [ 123.9308334, -18.106111 ], [ 123.9305556, -18.1058332 ], [ 123.9302779, -18.1058332 ], [ 123.9300001, -18.1055554 ], [ 123.9297223, -18.1052776 ], [ 123.9294445, -18.1052776 ], [ 123.9291668, -18.1049998 ], [ 123.928889, -18.1047221 ], [ 123.9286112, -18.1044443 ], [ 123.9283334, -18.1041665 ], [ 123.9280556, -18.1038887 ], [ 123.9280556, -18.103611 ], [ 123.9277779, -18.1033332 ], [ 123.9277779, -18.1030554 ], [ 123.9275001, -18.1027776 ], [ 123.9275001, -18.1024998 ], [ 123.9272223, -18.1022221 ], [ 123.9272223, -18.1019443 ], [ 123.9272223, -18.1016665 ], [ 123.9269445, -18.1013887 ], [ 123.9266668, -18.101111 ], [ 123.926389, -18.1008332 ], [ 123.9261112, -18.1005554 ], [ 123.9258334, -18.1002776 ], [ 123.9255556, -18.1002776 ], [ 123.9252779, -18.1 ], [ 123.9250001, -18.1 ], [ 123.9247223, -18.1 ], [ 123.9244445, -18.1 ], [ 123.9241668, -18.1 ], [ 123.923889, -18.1 ], [ 123.9236112, -18.1 ], [ 123.9233334, -18.1 ], [ 123.9230556, -18.1 ], [ 123.9227779, -18.1 ], [ 123.9225001, -18.1 ], [ 123.9222223, -18.1 ], [ 123.9219445, -18.1002776 ], [ 123.9216668, -18.1002776 ], [ 123.921389, -18.1002776 ], [ 123.9211112, -18.1005554 ], [ 123.9208334, -18.1005554 ], [ 123.9205556, -18.1005554 ], [ 123.9202779, -18.1005554 ], [ 123.9200001, -18.1005554 ], [ 123.9197223, -18.1002776 ], [ 123.9194445, -18.1 ], [ 123.9191668, -18.1 ] ] } },
{ "type": "Feature", "properties": { "HydroID": 101914140, "AHGFFType": 1, "Name": " ", "Hierarchy": "Minor", "Perennial": "Non Perennial", "AusHydroID": 1434540, "AusHydroEr": 1, "SegmentNo": 406726, "DrainID": 100644772, "From_Node": 101624227, "To_Node": 101624172, "NextDownID": 101914091, "Enabled": 1, "FlowDir": 1, "SrcFCName": "DEMDerivedStreamsVector", "SrcFType": "Watercourse", "SrcType": 1, "SourceID": null, "FeatRel": "2019-08-21T00:00:00Z", "FSource": "GEOSCIENCE AUSTRALIA", "AttrRel": "2019-08-21T00:00:00Z", "AttrSource": "GEOSCIENCE AUSTRALIA", "PlanAcc": 15, "Symbol": null, "TextNote": null, "GeodesLen": 1190.8372387391942, "UpstrGeoLn": 56666345.198625796, "UpstrDArea": 53607816255.729942, "ConCatID": 239786, "StrOutlet": 0, "Shape_Length": 0.011102934443567424 }, "bbox": [ 123.9430556, -18.0827776, 123.9519445, -18.0791665 ], "geometry": { "type": "LineString", "coordinates": [ [ 123.9519445, -18.0797221 ], [ 123.9516668, -18.0797221 ], [ 123.951389, -18.0794443 ], [ 123.9511112, -18.0791665 ], [ 123.9508334, -18.0791665 ], [ 123.9505556, -18.0791665 ], [ 123.9502779, -18.0791665 ], [ 123.9500001, -18.0791665 ], [ 123.9497223, -18.0791665 ], [ 123.9494445, -18.0791665 ], [ 123.9491668, -18.0791665 ], [ 123.948889, -18.0794443 ], [ 123.9486112, -18.0794443 ], [ 123.9483334, -18.0797221 ], [ 123.9483334, -18.0799998 ], [ 123.9480556, -18.0802776 ], [ 123.9477779, -18.0805554 ], [ 123.9475001, -18.0808332 ], [ 123.9472223, -18.081111 ], [ 123.9472223, -18.0813887 ], [ 123.9472223, -18.0816665 ], [ 123.9469445, -18.0819443 ], [ 123.9466668, -18.0822221 ], [ 123.946389, -18.0824998 ], [ 123.9461112, -18.0827776 ], [ 123.9458334, -18.0827776 ], [ 123.9455556, -18.0827776 ], [ 123.9452779, -18.0827776 ], [ 123.9450001, -18.0827776 ], [ 123.9447223, -18.0827776 ], [ 123.9444445, -18.0827776 ], [ 123.9441668, -18.0827776 ], [ 123.943889, -18.0827776 ], [ 123.9436112, -18.0827776 ], [ 123.9433334, -18.0827776 ], [ 123.9430556, -18.0827776 ] ] } },
{ "type": "Feature", "properties": { "HydroID": 101914141, "AHGFFType": 1, "Name": " ", "Hierarchy": "Minor", "Perennial": "Non Perennial", "AusHydroID": 1435687, "AusHydroEr": 1, "SegmentNo": 406570, "DrainID": 100644689, "From_Node": 101624227, "To_Node": 101624088, "NextDownID": 101914009, "Enabled": 1, "FlowDir": 1, "SrcFCName": "DEMDerivedStreamsVector", "SrcFType": "Watercourse", "SrcType": 1, "SourceID": null, "FeatRel": "2019-08-21T00:00:00Z", "FSource": "GEOSCIENCE AUSTRALIA", "AttrRel": "2019-08-21T00:00:00Z", "AttrSource": "GEOSCIENCE AUSTRALIA", "PlanAcc": 15, "Symbol": null, "TextNote": null, "GeodesLen": 4007.9446160082834, "UpstrGeoLn": 56669162.306003064, "UpstrDArea": 53609205862.87323, "ConCatID": 239786, "StrOutlet": 0, "Shape_Length": 0.037007053528974106 }, "bbox": [ 123.9316668, -18.0797221, 123.9525001, -18.0597221 ], "geometry": { "type": "LineString", "coordinates": [ [ 123.9519445, -18.0797221 ], [ 123.9522223, -18.0794443 ], [ 123.9525001, -18.0791665 ], [ 123.9525001, -18.0788887 ], [ 123.9525001, -18.078611 ], [ 123.9525001, -18.0783332 ], [ 123.9522223, -18.0780554 ], [ 123.9522223, -18.0777776 ], [ 123.9519445, -18.0774998 ], [ 123.9516668, -18.0772221 ], [ 123.951389, -18.0769443 ], [ 123.951389, -18.0766665 ], [ 123.951389, -18.0763887 ], [ 123.9511112, -18.076111 ], [ 123.9508334, -18.0758332 ], [ 123.9508334, -18.0755554 ], [ 123.9505556, -18.0752776 ], [ 123.9505556, -18.0749998 ], [ 123.9502779, -18.0747221 ], [ 123.9502779, -18.0744443 ], [ 123.9500001, -18.0741665 ], [ 123.9497223, -18.0738887 ], [ 123.9497223, -18.073611 ], [ 123.9494445, -18.0733332 ], [ 123.9491668, -18.0730554 ], [ 123.9491668, -18.0727776 ], [ 123.948889, -18.0724998 ], [ 123.9486112, -18.0724998 ], [ 123.9483334, -18.0724998 ], [ 123.9480556, -18.0724998 ], [ 123.9477779, -18.0727776 ], [ 123.9475001, -18.0727776 ], [ 123.9472223, -18.0730554 ], [ 123.9469445, -18.0733332 ], [ 123.9466668, -18.0733332 ], [ 123.946389, -18.0733332 ], [ 123.9461112, -18.0733332 ], [ 123.9458334, -18.0733332 ], [ 123.9455556, -18.0730554 ], [ 123.9452779, -18.0730554 ], [ 123.9450001, -18.0727776 ], [ 123.9447223, -18.0727776 ], [ 123.9444445, -18.0727776 ], [ 123.9441668, -18.0727776 ], [ 123.943889, -18.0730554 ], [ 123.9436112, -18.0730554 ], [ 123.9433334, -18.0730554 ], [ 123.9430556, -18.0730554 ], [ 123.9427779, -18.0730554 ], [ 123.9425001, -18.0730554 ], [ 123.9422223, -18.0730554 ], [ 123.9419445, -18.0727776 ], [ 123.9416668, -18.0727776 ], [ 123.941389, -18.0727776 ], [ 123.9411112, -18.0727776 ], [ 123.9408334, -18.0727776 ], [ 123.9405556, -18.0727776 ], [ 123.9402779, -18.0727776 ], [ 123.9400001, -18.0727776 ], [ 123.9397223, -18.0727776 ], [ 123.9394445, -18.0727776 ], [ 123.9391668, -18.0727776 ], [ 123.938889, -18.0724998 ], [ 123.9386112, -18.0724998 ], [ 123.9383334, -18.0724998 ], [ 123.9380556, -18.0722221 ], [ 123.9377779, -18.0722221 ], [ 123.9375001, -18.0722221 ], [ 123.9372223, -18.0722221 ], [ 123.9369445, -18.0722221 ], [ 123.9366668, -18.0719443 ], [ 123.936389, -18.0719443 ], [ 123.9361112, -18.0716665 ], [ 123.9358334, -18.0713887 ], [ 123.9358334, -18.071111 ], [ 123.9355556, -18.0708332 ], [ 123.9355556, -18.0705554 ], [ 123.9355556, -18.0702776 ], [ 123.9352779, -18.0699998 ], [ 123.9352779, -18.0697221 ], [ 123.9352779, -18.0694443 ], [ 123.9352779, -18.0691665 ], [ 123.9352779, -18.0688887 ], [ 123.9352779, -18.068611 ], [ 123.9352779, -18.0683332 ], [ 123.9352779, -18.0680554 ], [ 123.9350001, -18.0677776 ], [ 123.9347223, -18.0674998 ], [ 123.9347223, -18.0672221 ], [ 123.9344445, -18.0669443 ], [ 123.9341668, -18.0666665 ], [ 123.9341668, -18.0663887 ], [ 123.933889, -18.066111 ], [ 123.9336112, -18.0658332 ], [ 123.9333334, -18.0655554 ], [ 123.9333334, -18.0652776 ], [ 123.9330556, -18.0649998 ], [ 123.9327779, -18.0647221 ], [ 123.9325001, -18.0644443 ], [ 123.9325001, -18.0641665 ], [ 123.9322223, -18.0638887 ], [ 123.9322223, -18.063611 ], [ 123.9322223, -18.0633332 ], [ 123.9325001, -18.0630554 ], [ 123.9325001, -18.0627776 ], [ 123.9325001, -18.0624998 ], [ 123.9325001, -18.0622221 ], [ 123.9325001, -18.0619443 ], [ 123.9325001, -18.0616665 ], [ 123.9322223, -18.0613887 ], [ 123.9322223, -18.061111 ], [ 123.9322223, -18.0608332 ], [ 123.9319445, -18.0605554 ], [ 123.9319445, -18.0602776 ], [ 123.9316668, -18.0599998 ], [ 123.9316668, -18.0597221 ] ] } },
{ "type": "Feature", "properties": { "HydroID": 101914157, "AHGFFType": 1, "Name": " ", "Hierarchy": "Minor", "Perennial": "Non Perennial", "AusHydroID": 1436651, "AusHydroEr": 1, "SegmentNo": 406857, "DrainID": 100644855, "From_Node": 101624246, "To_Node": 101624251, "NextDownID": 101914160, "Enabled": 1, "FlowDir": 1, "SrcFCName": "DEMDerivedStreamsVector", "SrcFType": "Watercourse", "SrcType": 1, "SourceID": null, "FeatRel": "2019-08-21T00:00:00Z", "FSource": "GEOSCIENCE AUSTRALIA", "AttrRel": "2019-08-21T00:00:00Z", "AttrSource": "GEOSCIENCE AUSTRALIA", "PlanAcc": 15, "Symbol": null, "TextNote": null, "GeodesLen": 1303.2440203668455, "UpstrGeoLn": 4357.2351548779525, "UpstrDArea": 2362795.8503136463, "ConCatID": 239786, "StrOutlet": 0, "Shape_Length": 0.011936267443661603 }, "bbox": [ 123.9522223, -18.0530554, 123.9550001, -18.0442532 ], "geometry": { "type": "LineString", "coordinates": [ [ 123.95408, -18.0442532 ], [ 123.953889, -18.0444443 ], [ 123.953889, -18.0447221 ], [ 123.9536112, -18.0449998 ], [ 123.9533334, -18.0452776 ], [ 123.9530556, -18.0455554 ], [ 123.9527779, -18.0458332 ], [ 123.9527779, -18.046111 ], [ 123.9525001, -18.0463887 ], [ 123.9525001, -18.0466665 ], [ 123.9525001, -18.0469443 ], [ 123.9525001, -18.0472221 ], [ 123.9522223, -18.0474998 ], [ 123.9522223, -18.0477776 ], [ 123.9522223, -18.0480554 ], [ 123.9525001, -18.0483332 ], [ 123.9525001, -18.048611 ], [ 123.9525001, -18.0488887 ], [ 123.9525001, -18.0491665 ], [ 123.9525001, -18.0494443 ], [ 123.9525001, -18.0497221 ], [ 123.9525001, -18.0499998 ], [ 123.9527779, -18.0502776 ], [ 123.9530556, -18.0502776 ], [ 123.9533334, -18.0502776 ], [ 123.9536112, -18.0502776 ], [ 123.953889, -18.0502776 ], [ 123.9541668, -18.0502776 ], [ 123.9544445, -18.0505554 ], [ 123.9547223, -18.0508332 ], [ 123.9550001, -18.051111 ], [ 123.9550001, -18.0513887 ], [ 123.9550001, -18.0516665 ], [ 123.9550001, -18.0519443 ], [ 123.9550001, -18.0522221 ], [ 123.9550001, -18.0524998 ], [ 123.9550001, -18.0527776 ], [ 123.9550001, -18.0530554 ] ] } },
{ "type": "Feature", "properties": { "HydroID": 101914160, "AHGFFType": 1, "Name": "BLOODWOOD CREEK", "Hierarchy": "Minor", "Perennial": "Non Perennial", "AusHydroID": 10369243, "AusHydroEr": 1, "SegmentNo": 406736, "DrainID": 100644777, "From_Node": 101624251, "To_Node": 101624180, "NextDownID": 101914097, "Enabled": 1, "FlowDir": 1, "SrcFCName": "DEMDerivedStreamsVector", "SrcFType": "Watercourse", "SrcType": 1, "SourceID": null, "FeatRel": "2019-08-21T00:00:00Z", "FSource": "GEOSCIENCE AUSTRALIA", "AttrRel": "2019-08-21T00:00:00Z", "AttrSource": "GEOSCIENCE AUSTRALIA", "PlanAcc": 15, "Symbol": null, "TextNote": null, "GeodesLen": 1610.4226480256557, "UpstrGeoLn": 56713983.241517641, "UpstrDArea": 53672100003.078476, "ConCatID": 239786, "StrOutlet": 0, "Shape_Length": 0.014963906348004562 }, "bbox": [ 123.943889, -18.056111, 123.9550001, -18.0530554 ], "geometry": { "type": "LineString", "coordinates": [ [ 123.9550001, -18.0530554 ], [ 123.9547223, -18.0533332 ], [ 123.9544445, -18.0533332 ], [ 123.9541668, -18.053611 ], [ 123.953889, -18.0538887 ], [ 123.9536112, -18.0538887 ], [ 123.9533334, -18.0541665 ], [ 123.9530556, -18.0541665 ], [ 123.9527779, -18.0538887 ], [ 123.9525001, -18.0538887 ], [ 123.9522223, -18.0541665 ], [ 123.9519445, -18.0544443 ], [ 123.9519445, -18.0547221 ], [ 123.9519445, -18.0549998 ], [ 123.9519445, -18.0552776 ], [ 123.9519445, -18.0555554 ], [ 123.9516668, -18.0558332 ], [ 123.951389, -18.0558332 ], [ 123.9511112, -18.056111 ], [ 123.9508334, -18.056111 ], [ 123.9505556, -18.056111 ], [ 123.9502779, -18.056111 ], [ 123.9500001, -18.056111 ], [ 123.9497223, -18.056111 ], [ 123.9494445, -18.056111 ], [ 123.9491668, -18.056111 ], [ 123.948889, -18.0558332 ], [ 123.9486112, -18.0558332 ], [ 123.9483334, -18.0555554 ], [ 123.9480556, -18.0552776 ], [ 123.9477779, -18.0549998 ], [ 123.9477779, -18.0547221 ], [ 123.9475001, -18.0544443 ], [ 123.9472223, -18.0541665 ], [ 123.9469445, -18.0538887 ], [ 123.9466668, -18.0538887 ], [ 123.946389, -18.0538887 ], [ 123.9461112, -18.0538887 ], [ 123.9458334, -18.0538887 ], [ 123.9455556, -18.0538887 ], [ 123.9452779, -18.0538887 ], [ 123.9450001, -18.0541665 ], [ 123.9447223, -18.0541665 ], [ 123.9444445, -18.0541665 ], [ 123.9441668, -18.0538887 ], [ 123.943889, -18.053611 ], [ 123.943889, -18.0533332 ] ] } },
{ "type": "Feature", "properties": { "HydroID": 101914161, "AHGFFType": 1, "Name": " ", "Hierarchy": "Minor", "Perennial": "Non Perennial", "AusHydroID": 10369104, "AusHydroEr": 1, "SegmentNo": 406779, "DrainID": 100644803, "From_Node": 101624250, "To_Node": 101624199, "NextDownID": 101914118, "Enabled": 1, "FlowDir": 1, "SrcFCName": "DEMDerivedStreamsVector", "SrcFType": "Watercourse", "SrcType": 1, "SourceID": null, "FeatRel": "2019-08-21T00:00:00Z", "FSource": "GEOSCIENCE AUSTRALIA", "AttrRel": "2019-08-21T00:00:00Z", "AttrSource": "GEOSCIENCE AUSTRALIA", "PlanAcc": 15, "Symbol": null, "TextNote": null, "GeodesLen": 984.87409378529856, "UpstrGeoLn": 56161329.5376046, "UpstrDArea": 53311991862.676826, "ConCatID": 232627, "StrOutlet": 0, "Shape_Length": 0.0091584904436395678 }, "bbox": [ 123.9480556, -18.1213887, 123.9550001, -18.1174998 ], "geometry": { "type": "LineString", "coordinates": [ [ 123.9550001, -18.1213887 ], [ 123.9547223, -18.121111 ], [ 123.9544445, -18.121111 ], [ 123.9541668, -18.1208332 ], [ 123.953889, -18.1205554 ], [ 123.953889, -18.1202776 ], [ 123.9536112, -18.1199998 ], [ 123.9536112, -18.1197221 ], [ 123.9533334, -18.1194443 ], [ 123.9533334, -18.1191665 ], [ 123.9530556, -18.1188887 ], [ 123.9527779, -18.118611 ], [ 123.9525001, -18.1183332 ], [ 123.9522223, -18.1183332 ], [ 123.9519445, -18.1180554 ], [ 123.9516668, -18.1180554 ], [ 123.951389, -18.1177776 ], [ 123.9511112, -18.1177776 ], [ 123.9508334, -18.1174998 ], [ 123.9505556, -18.1174998 ], [ 123.9502779, -18.1174998 ], [ 123.9500001, -18.1174998 ], [ 123.9497223, -18.1174998 ], [ 123.9494445, -18.1174998 ], [ 123.9491668, -18.1174998 ], [ 123.948889, -18.1174998 ], [ 123.9486112, -18.1174998 ], [ 123.9483334, -18.1174998 ], [ 123.9480556, -18.1177776 ] ] } },
{ "type": "Feature", "properties": { "HydroID": 101914164, "AHGFFType": 1, "Name": " ", "Hierarchy": "Minor", "Perennial": "Non Perennial", "AusHydroID": 1432233, "AusHydroEr": 1, "SegmentNo": 406780, "DrainID": 100644804, "From_Node": 101624254, "To_Node": 101624199, "NextDownID": 101914118, "Enabled": 1, "FlowDir": 1, "SrcFCName": "DEMDerivedStreamsVector", "SrcFType": "Watercourse", "SrcType": 1, "SourceID": null, "FeatRel": "2019-08-21T00:00:00Z", "FSource": "GEOSCIENCE AUSTRALIA", "AttrRel": "2019-08-21T00:00:00Z", "AttrSource": "GEOSCIENCE AUSTRALIA", "PlanAcc": 15, "Symbol": null, "TextNote": null, "GeodesLen": 1167.7359399347902, "UpstrGeoLn": 1167.7359399347902, "UpstrDArea": 480834.93554257829, "ConCatID": 232627, "StrOutlet": 0, "Shape_Length": 0.010797238105520073 }, "bbox": [ 123.9480556, -18.1244443, 123.9552779, -18.1177776 ], "geometry": { "type": "LineString", "coordinates": [ [ 123.9552779, -18.1244443 ], [ 123.9550001, -18.1244443 ], [ 123.9547223, -18.1241665 ], [ 123.9544445, -18.1238887 ], [ 123.9544445, -18.123611 ], [ 123.9541668, -18.1233332 ], [ 123.953889, -18.1230554 ], [ 123.953889, -18.1227776 ], [ 123.9536112, -18.1224998 ], [ 123.9536112, -18.1222221 ], [ 123.9533334, -18.1219443 ], [ 123.9530556, -18.1216665 ], [ 123.9527779, -18.1213887 ], [ 123.9527779, -18.121111 ], [ 123.9525001, -18.1208332 ], [ 123.9522223, -18.1208332 ], [ 123.9519445, -18.1205554 ], [ 123.9516668, -18.1202776 ], [ 123.9516668, -18.1199998 ], [ 123.951389, -18.1197221 ], [ 123.9511112, -18.1194443 ], [ 123.9508334, -18.1191665 ], [ 123.9505556, -18.1188887 ], [ 123.9502779, -18.1188887 ], [ 123.9500001, -18.118611 ], [ 123.9497223, -18.1183332 ], [ 123.9494445, -18.1183332 ], [ 123.9491668, -18.1180554 ], [ 123.948889, -18.1180554 ], [ 123.9486112, -18.1177776 ], [ 123.9483334, -18.1177776 ], [ 123.9480556, -18.1177776 ] ] } },
{ "type": "Feature", "properties": { "HydroID": 101914173, "AHGFFType": 3, "Name": "FITZROY RIVER", "Hierarchy": "Major", "Perennial": "Perennial", "AusHydroID": 1433390, "AusHydroEr": 1, "SegmentNo": 406770, "DrainID": 100644798, "From_Node": 101624263, "To_Node": 101624196, "NextDownID": 101914113, "Enabled": 1, "FlowDir": 1, "SrcFCName": "DEMDerivedStreamsVector", "SrcFType": "Waterbody Connector", "SrcType": 3, "SourceID": null, "FeatRel": "2019-08-21T00:00:00Z", "FSource": "GEOSCIENCE AUSTRALIA", "AttrRel": "2019-08-21T00:00:00Z", "AttrSource": "GEOSCIENCE AUSTRALIA", "PlanAcc": 15, "Symbol": 2, "TextNote": null, "GeodesLen": 2831.6218460402356, "UpstrGeoLn": 56867104.248297401, "UpstrDArea": 54164460520.734543, "ConCatID": 239786, "StrOutlet": 0, "Shape_Length": 0.025904121085345653 }, "bbox": [ 123.9475001, -18.1180554, 123.956389, -18.0969443 ], "geometry": { "type": "LineString", "coordinates": [ [ 123.956389, -18.1180554 ], [ 123.9561112, -18.1177776 ], [ 123.9558334, -18.1174998 ], [ 123.9555556, -18.1174998 ], [ 123.9552779, -18.1172221 ], [ 123.9550001, -18.1172221 ], [ 123.9547223, -18.1169443 ], [ 123.9544445, -18.1166665 ], [ 123.9541668, -18.1166665 ], [ 123.953889, -18.1163887 ], [ 123.9536112, -18.116111 ], [ 123.9533334, -18.116111 ], [ 123.9530556, -18.1158332 ], [ 123.9527779, -18.1155554 ], [ 123.9525001, -18.1152776 ], [ 123.9522223, -18.1149998 ], [ 123.9519445, -18.1147221 ], [ 123.9516668, -18.1144443 ], [ 123.951389, -18.1141665 ], [ 123.9511112, -18.1138887 ], [ 123.9508334, -18.113611 ], [ 123.9508334, -18.1133332 ], [ 123.9505556, -18.1130554 ], [ 123.9502779, -18.1127776 ], [ 123.9502779, -18.1124998 ], [ 123.9500001, -18.1122221 ], [ 123.9497223, -18.1119443 ], [ 123.9497223, -18.1116665 ], [ 123.9494445, -18.1113887 ], [ 123.9494445, -18.111111 ], [ 123.9491668, -18.1108332 ], [ 123.948889, -18.1105554 ], [ 123.948889, -18.1102776 ], [ 123.948889, -18.1099998 ], [ 123.9486112, -18.1097221 ], [ 123.9486112, -18.1094443 ], [ 123.9486112, -18.1091665 ], [ 123.9486112, -18.1088887 ], [ 123.9483334, -18.108611 ], [ 123.9483334, -18.1083332 ], [ 123.9483334, -18.1080554 ], [ 123.9483334, -18.1077776 ], [ 123.9483334, -18.1074998 ], [ 123.9480556, -18.1072221 ], [ 123.9480556, -18.1069443 ], [ 123.9483334, -18.1066665 ], [ 123.9483334, -18.1063887 ], [ 123.9483334, -18.106111 ], [ 123.9483334, -18.1058332 ], [ 123.9486112, -18.1055554 ], [ 123.9486112, -18.1052776 ], [ 123.9486112, -18.1049998 ], [ 123.9486112, -18.1047221 ], [ 123.9486112, -18.1044443 ], [ 123.9486112, -18.1041665 ], [ 123.9486112, -18.1038887 ], [ 123.9486112, -18.103611 ], [ 123.9486112, -18.1033332 ], [ 123.9486112, -18.1030554 ], [ 123.9486112, -18.1027776 ], [ 123.9486112, -18.1024998 ], [ 123.9486112, -18.1022221 ], [ 123.9486112, -18.1019443 ], [ 123.9486112, -18.1016665 ], [ 123.9483334, -18.1013887 ], [ 123.9483334, -18.101111 ], [ 123.9483334, -18.1008332 ], [ 123.9480556, -18.1005554 ], [ 123.9480556, -18.1002776 ], [ 123.9480556, -18.1 ], [ 123.9480556, -18.0997221 ], [ 123.9480556, -18.0994443 ], [ 123.9477779, -18.0991665 ], [ 123.9477779, -18.0988887 ], [ 123.9477779, -18.098611 ], [ 123.9477779, -18.0983332 ], [ 123.9477779, -18.0980554 ], [ 123.9477779, -18.0977776 ], [ 123.9477779, -18.0974998 ], [ 123.9475001, -18.0972221 ], [ 123.9475001, -18.0969443 ] ] } },
{ "type": "Feature", "properties": { "HydroID": 101914174, "AHGFFType": 1, "Name": " ", "Hierarchy": "Minor", "Perennial": "Non Perennial", "AusHydroID": 1433377, "AusHydroEr": 1, "SegmentNo": 406778, "DrainID": 100644802, "From_Node": 101624267, "To_Node": 101624200, "NextDownID": 101914117, "Enabled": 1, "FlowDir": 1, "SrcFCName": "DEMDerivedStreamsVector", "SrcFType": "Watercourse", "SrcType": 1, "SourceID": null, "FeatRel": "2019-08-21T00:00:00Z", "FSource": "GEOSCIENCE AUSTRALIA", "AttrRel": "2019-08-21T00:00:00Z", "AttrSource": "GEOSCIENCE AUSTRALIA", "PlanAcc": 15, "Symbol": null, "TextNote": null, "GeodesLen": 1636.9138608460755, "UpstrGeoLn": 1636.9138608460755, "UpstrDArea": 2623150.4010602804, "ConCatID": 239786, "StrOutlet": 0, "Shape_Length": 0.015098705595076253 }, "bbox": [ 123.9480556, -18.1069443, 123.9569445, -18.0969443 ], "geometry": { "type": "LineString", "coordinates": [ [ 123.9566668, -18.1069443 ], [ 123.9569445, -18.1066665 ], [ 123.9566668, -18.1063887 ], [ 123.9566668, -18.106111 ], [ 123.9566668, -18.1058332 ], [ 123.956389, -18.1055554 ], [ 123.9561112, -18.1052776 ], [ 123.9558334, -18.1049998 ], [ 123.9558334, -18.1047221 ], [ 123.9558334, -18.1044443 ], [ 123.9558334, -18.1041665 ], [ 123.9558334, -18.1038887 ], [ 123.9555556, -18.103611 ], [ 123.9555556, -18.1033332 ], [ 123.9552779, -18.1030554 ], [ 123.9552779, -18.1027776 ], [ 123.9552779, -18.1024998 ], [ 123.9550001, -18.1022221 ], [ 123.9547223, -18.1022221 ], [ 123.9544445, -18.1019443 ], [ 123.9541668, -18.1019443 ], [ 123.953889, -18.1016665 ], [ 123.9536112, -18.1013887 ], [ 123.9533334, -18.101111 ], [ 123.9533334, -18.1008332 ], [ 123.9530556, -18.1005554 ], [ 123.9530556, -18.1002776 ], [ 123.9527779, -18.1 ], [ 123.9525001, -18.0997221 ], [ 123.9522223, -18.0994443 ], [ 123.9519445, -18.0994443 ], [ 123.9516668, -18.0991665 ], [ 123.951389, -18.0988887 ], [ 123.9511112, -18.0988887 ], [ 123.9508334, -18.098611 ], [ 123.9505556, -18.098611 ], [ 123.9502779, -18.098611 ], [ 123.9500001, -18.098611 ], [ 123.9497223, -18.0983332 ], [ 123.9494445, -18.0983332 ], [ 123.9491668, -18.0980554 ], [ 123.948889, -18.0977776 ], [ 123.9486112, -18.0974998 ], [ 123.9483334, -18.0972221 ], [ 123.9480556, -18.0969443 ] ] } },
{ "type": "Feature", "properties": { "HydroID": 101914177, "AHGFFType": 1, "Name": " ", "Hierarchy": "Minor", "Perennial": "Non Perennial", "AusHydroID": 1435499, "AusHydroEr": 1, "SegmentNo": 406724, "DrainID": 100644770, "From_Node": 101624268, "To_Node": 101624173, "NextDownID": 101914090, "Enabled": 1, "FlowDir": 1, "SrcFCName": "DEMDerivedStreamsVector", "SrcFType": "Watercourse", "SrcType": 1, "SourceID": null, "FeatRel": "2019-08-21T00:00:00Z", "FSource": "GEOSCIENCE AUSTRALIA", "AttrRel": "2019-08-21T00:00:00Z", "AttrSource": "GEOSCIENCE AUSTRALIA", "PlanAcc": 15, "Symbol": null, "TextNote": null, "GeodesLen": 1628.0160028426449, "UpstrGeoLn": 56659329.933805428, "UpstrDArea": 53603255288.276703, "ConCatID": 239786, "StrOutlet": 0, "Shape_Length": 0.015269601736582785 }, "bbox": [ 123.9430556, -18.0658332, 123.9569445, -18.0627776 ], "geometry": { "type": "LineString", "coordinates": [ [ 123.9569445, -18.0658332 ], [ 123.9566668, -18.0658332 ], [ 123.956389, -18.0658332 ], [ 123.9561112, -18.0658332 ], [ 123.9558334, -18.0655554 ], [ 123.9555556, -18.0655554 ], [ 123.9552779, -18.0655554 ], [ 123.9550001, -18.0655554 ], [ 123.9547223, -18.0655554 ], [ 123.9544445, -18.0655554 ], [ 123.9541668, -18.0655554 ], [ 123.953889, -18.0655554 ], [ 123.9536112, -18.0655554 ], [ 123.9533334, -18.0655554 ], [ 123.9530556, -18.0652776 ], [ 123.9527779, -18.0652776 ], [ 123.9525001, -18.0649998 ], [ 123.9522223, -18.0649998 ], [ 123.9519445, -18.0647221 ], [ 123.9516668, -18.0647221 ], [ 123.951389, -18.0644443 ], [ 123.9511112, -18.0644443 ], [ 123.9508334, -18.0644443 ], [ 123.9505556, -18.0641665 ], [ 123.9502779, -18.0638887 ], [ 123.9500001, -18.063611 ], [ 123.9497223, -18.0633332 ], [ 123.9494445, -18.0630554 ], [ 123.9491668, -18.0630554 ], [ 123.948889, -18.0630554 ], [ 123.9486112, -18.0630554 ], [ 123.9483334, -18.0630554 ], [ 123.9480556, -18.0630554 ], [ 123.9477779, -18.0630554 ], [ 123.9475001, -18.0630554 ], [ 123.9472223, -18.0630554 ], [ 123.9469445, -18.0627776 ], [ 123.9466668, -18.0627776 ], [ 123.946389, -18.0627776 ], [ 123.9461112, -18.0627776 ], [ 123.9458334, -18.0627776 ], [ 123.9455556, -18.0627776 ], [ 123.9452779, -18.0627776 ], [ 123.9450001, -18.0627776 ], [ 123.9447223, -18.0627776 ], [ 123.9444445, -18.0627776 ], [ 123.9441668, -18.0627776 ], [ 123.943889, -18.0627776 ], [ 123.9436112, -18.0630554 ], [ 123.9433334, -18.0630554 ], [ 123.9430556, -18.0630554 ] ] } },
{ "type": "Feature", "properties": { "HydroID": 101914178, "AHGFFType": 1, "Name": "SNAKE CREEK", "Hierarchy": "Major", "Perennial": "Non Perennial", "AusHydroID": 1435788, "AusHydroEr": 1, "SegmentNo": 406616, "DrainID": 100644720, "From_Node": 101624268, "To_Node": 101624115, "NextDownID": 101914034, "Enabled": 1, "FlowDir": 1, "SrcFCName": "DEMDerivedStreamsVector", "SrcFType": "Watercourse", "SrcType": 1, "SourceID": null, "FeatRel": "2019-08-21T00:00:00Z", "FSource": "GEOSCIENCE AUSTRALIA", "AttrRel": "2019-08-21T00:00:00Z", "AttrSource": "GEOSCIENCE AUSTRALIA", "PlanAcc": 15, "Symbol": 6, "TextNote": null, "GeodesLen": 2607.3024303883826, "UpstrGeoLn": 56660309.220232978, "UpstrDArea": 53603503931.741875, "ConCatID": 239786, "StrOutlet": 0, "Shape_Length": 0.02438043188870144 }, "bbox": [ 123.9358334, -18.0658332, 123.9569445, -18.0583332 ], "geometry": { "type": "LineString", "coordinates": [ [ 123.9569445, -18.0658332 ], [ 123.9566668, -18.0655554 ], [ 123.956389, -18.0652776 ], [ 123.9561112, -18.0649998 ], [ 123.9558334, -18.0649998 ], [ 123.9555556, -18.0649998 ], [ 123.9552779, -18.0649998 ], [ 123.9550001, -18.0649998 ], [ 123.9547223, -18.0649998 ], [ 123.9544445, -18.0647221 ], [ 123.9541668, -18.0644443 ], [ 123.9541668, -18.0641665 ], [ 123.953889, -18.0638887 ], [ 123.9536112, -18.063611 ], [ 123.9533334, -18.0633332 ], [ 123.9530556, -18.0630554 ], [ 123.9527779, -18.0627776 ], [ 123.9525001, -18.0624998 ], [ 123.9522223, -18.0624998 ], [ 123.9519445, -18.0622221 ], [ 123.9516668, -18.0622221 ], [ 123.951389, -18.0622221 ], [ 123.9511112, -18.0622221 ], [ 123.9508334, -18.0622221 ], [ 123.9505556, -18.0622221 ], [ 123.9502779, -18.0622221 ], [ 123.9500001, -18.0622221 ], [ 123.9497223, -18.0622221 ], [ 123.9494445, -18.0622221 ], [ 123.9491668, -18.0622221 ], [ 123.948889, -18.0622221 ], [ 123.9486112, -18.0622221 ], [ 123.9483334, -18.0622221 ], [ 123.9480556, -18.0619443 ], [ 123.9477779, -18.0619443 ], [ 123.9475001, -18.0616665 ], [ 123.9472223, -18.0616665 ], [ 123.9469445, -18.0613887 ], [ 123.9466668, -18.0613887 ], [ 123.946389, -18.0613887 ], [ 123.9461112, -18.061111 ], [ 123.9458334, -18.061111 ], [ 123.9455556, -18.061111 ], [ 123.9452779, -18.061111 ], [ 123.9450001, -18.0608332 ], [ 123.9447223, -18.0608332 ], [ 123.9444445, -18.0608332 ], [ 123.9441668, -18.0608332 ], [ 123.943889, -18.0608332 ], [ 123.9436112, -18.0608332 ], [ 123.9433334, -18.0608332 ], [ 123.9430556, -18.0608332 ], [ 123.9427779, -18.0608332 ], [ 123.9425001, -18.0605554 ], [ 123.9422223, -18.0605554 ], [ 123.9419445, -18.0605554 ], [ 123.9416668, -18.0602776 ], [ 123.941389, -18.0602776 ], [ 123.9411112, -18.0602776 ], [ 123.9408334, -18.0599998 ], [ 123.9405556, -18.0599998 ], [ 123.9402779, -18.0597221 ], [ 123.9400001, -18.0594443 ], [ 123.9397223, -18.0591665 ], [ 123.9394445, -18.0591665 ], [ 123.9391668, -18.0588887 ], [ 123.938889, -18.0588887 ], [ 123.9386112, -18.0588887 ], [ 123.9383334, -18.0588887 ], [ 123.9380556, -18.0588887 ], [ 123.9377779, -18.0588887 ], [ 123.9375001, -18.0588887 ], [ 123.9372223, -18.058611 ], [ 123.9369445, -18.058611 ], [ 123.9366668, -18.058611 ], [ 123.936389, -18.0583332 ], [ 123.9361112, -18.0583332 ], [ 123.9358334, -18.0583332 ] ] } },
{ "type": "Feature", "properties": { "HydroID": 101914191, "AHGFFType": 1, "Name": "FITZROY RIVER", "Hierarchy": "Major", "Perennial": "Perennial", "AusHydroID": 1433390, "AusHydroEr": 1, "SegmentNo": 406890, "DrainID": 100644872, "From_Node": 101624282, "To_Node": 101624263, "NextDownID": 101914173, "Enabled": 1, "FlowDir": 1, "SrcFCName": "DEMDerivedStreamsVector", "SrcFType": "Watercourse", "SrcType": 1, "SourceID": null, "FeatRel": "2019-08-21T00:00:00Z", "FSource": "GEOSCIENCE AUSTRALIA", "AttrRel": "2019-08-21T00:00:00Z", "AttrSource": "GEOSCIENCE AUSTRALIA", "PlanAcc": 15, "Symbol": 2, "TextNote": null, "GeodesLen": 346.54347271530639, "UpstrGeoLn": 56864272.626451358, "UpstrDArea": 54163038696.95018, "ConCatID": 239786, "StrOutlet": 0, "Shape_Length": 0.0032380152454983967 }, "bbox": [ 123.956389, -18.1191665, 123.9591668, -18.1180554 ], "geometry": { "type": "LineString", "coordinates": [ [ 123.9591668, -18.1191665 ], [ 123.958889, -18.1188887 ], [ 123.9586112, -18.1188887 ], [ 123.9583334, -18.1188887 ], [ 123.9580556, -18.118611 ], [ 123.9577779, -18.118611 ], [ 123.9575001, -18.1183332 ], [ 123.9572223, -18.1183332 ], [ 123.9569445, -18.1183332 ], [ 123.9566668, -18.1180554 ], [ 123.956389, -18.1180554 ] ] } },
{ "type": "Feature", "properties": { "HydroID": 101914205, "AHGFFType": 1, "Name": "FITZROY RIVER", "Hierarchy": "Major", "Perennial": "Perennial", "AusHydroID": 10369432, "AusHydroEr": 1, "SegmentNo": 406916, "DrainID": 100644885, "From_Node": 101624303, "To_Node": 101624282, "NextDownID": 101914191, "Enabled": 1, "FlowDir": 1, "SrcFCName": "DEMDerivedStreamsVector", "SrcFType": "Watercourse", "SrcType": 1, "SourceID": null, "FeatRel": "2019-08-21T00:00:00Z", "FSource": "GEOSCIENCE AUSTRALIA", "AttrRel": "2019-08-21T00:00:00Z", "AttrSource": "GEOSCIENCE AUSTRALIA", "PlanAcc": 15, "Symbol": 2, "TextNote": null, "GeodesLen": 318.49075239357018, "UpstrGeoLn": 56861505.817472041, "UpstrDArea": 54161757084.114952, "ConCatID": 239786, "StrOutlet": 0, "Shape_Length": 0.0029602379525996659 }, "bbox": [ 123.9591668, -18.1205554, 123.961389, -18.1191665 ], "geometry": { "type": "LineString", "coordinates": [ [ 123.961389, -18.1205554 ], [ 123.961389, -18.1202776 ], [ 123.9611112, -18.1199998 ], [ 123.9608334, -18.1197221 ], [ 123.9605556, -18.1194443 ], [ 123.9602779, -18.1194443 ], [ 123.9600001, -18.1194443 ], [ 123.9597223, -18.1191665 ], [ 123.9594445, -18.1191665 ], [ 123.9591668, -18.1191665 ] ] } },
{ "type": "Feature", "properties": { "HydroID": 101914219, "AHGFFType": 1, "Name": "SNAKE CREEK", "Hierarchy": "Major", "Perennial": "Non Perennial", "AusHydroID": 1435363, "AusHydroEr": 1, "SegmentNo": 406893, "DrainID": 100644874, "From_Node": 101624318, "To_Node": 101624268, "NextDownID": 101914178, "Enabled": 1, "FlowDir": 1, "SrcFCName": "DEMDerivedStreamsVector", "SrcFType": "Watercourse", "SrcType": 1, "SourceID": null, "FeatRel": "2019-08-21T00:00:00Z", "FSource": "GEOSCIENCE AUSTRALIA", "AttrRel": "2019-08-21T00:00:00Z", "AttrSource": "GEOSCIENCE AUSTRALIA", "PlanAcc": 15, "Symbol": 6, "TextNote": null, "GeodesLen": 848.47993111032304, "UpstrGeoLn": 56657701.917802587, "UpstrDArea": 53602894543.906631, "ConCatID": 239786, "StrOutlet": 0, "Shape_Length": 0.0078846607371954956 }, "bbox": [ 123.9569445, -18.0697221, 123.9630556, -18.0658332 ], "geometry": { "type": "LineString", "coordinates": [ [ 123.9630556, -18.0697221 ], [ 123.9627779, -18.0694443 ], [ 123.9625001, -18.0691665 ], [ 123.9622223, -18.0688887 ], [ 123.9619445, -18.0688887 ], [ 123.9616668, -18.068611 ], [ 123.961389, -18.0683332 ], [ 123.9611112, -18.0683332 ], [ 123.9608334, -18.0680554 ], [ 123.9605556, -18.0677776 ], [ 123.9602779, -18.0674998 ], [ 123.9600001, -18.0672221 ], [ 123.9597223, -18.0672221 ], [ 123.9594445, -18.0669443 ], [ 123.9591668, -18.0669443 ], [ 123.958889, -18.0666665 ], [ 123.9586112, -18.0666665 ], [ 123.9583334, -18.0666665 ], [ 123.9580556, -18.0666665 ], [ 123.9577779, -18.0666665 ], [ 123.9575001, -18.0663887 ], [ 123.9572223, -18.0663887 ], [ 123.9569445, -18.066111 ], [ 123.9569445, -18.0658332 ] ] } },
{ "type": "Feature", "properties": { "HydroID": 101914220, "AHGFFType": 1, "Name": " ", "Hierarchy": "Minor", "Perennial": "Non Perennial", "AusHydroID": 10369103, "AusHydroEr": 1, "SegmentNo": 406865, "DrainID": 100644860, "From_Node": 101624321, "To_Node": 101624250, "NextDownID": 101914161, "Enabled": 1, "FlowDir": 1, "SrcFCName": "DEMDerivedStreamsVector", "SrcFType": "Watercourse", "SrcType": 1, "SourceID": null, "FeatRel": "2019-08-21T00:00:00Z", "FSource": "GEOSCIENCE AUSTRALIA", "AttrRel": "2019-08-21T00:00:00Z", "AttrSource": "GEOSCIENCE AUSTRALIA", "PlanAcc": 15, "Symbol": null, "TextNote": null, "GeodesLen": 1342.5844369453882, "UpstrGeoLn": 56157888.181755483, "UpstrDArea": 53310524963.28698, "ConCatID": 232627, "StrOutlet": 0, "Shape_Length": 0.012444163566357809 }, "bbox": [ 123.9550001, -18.1277776, 123.9633334, -18.1213887 ], "geometry": { "type": "LineString", "coordinates": [ [ 123.9633334, -18.1277776 ], [ 123.9630556, -18.1277776 ], [ 123.9627779, -18.1277776 ], [ 123.9625001, -18.1277776 ], [ 123.9622223, -18.1277776 ], [ 123.9619445, -18.1277776 ], [ 123.9616668, -18.1277776 ], [ 123.961389, -18.1274998 ], [ 123.9611112, -18.1272221 ], [ 123.9608334, -18.1269443 ], [ 123.9608334, -18.1266665 ], [ 123.9605556, -18.1263887 ], [ 123.9605556, -18.126111 ], [ 123.9605556, -18.1258332 ], [ 123.9602779, -18.1255554 ], [ 123.9600001, -18.1252776 ], [ 123.9597223, -18.1252776 ], [ 123.9594445, -18.1252776 ], [ 123.9591668, -18.1252776 ], [ 123.958889, -18.1252776 ], [ 123.9586112, -18.1252776 ], [ 123.9583334, -18.1252776 ], [ 123.9580556, -18.1252776 ], [ 123.9577779, -18.1252776 ], [ 123.9575001, -18.1252776 ], [ 123.9572223, -18.1252776 ], [ 123.9569445, -18.1249998 ], [ 123.9566668, -18.1247221 ], [ 123.9566668, -18.1244443 ], [ 123.956389, -18.1241665 ], [ 123.9561112, -18.1238887 ], [ 123.9558334, -18.123611 ], [ 123.9558334, -18.1233332 ], [ 123.9558334, -18.1230554 ], [ 123.9558334, -18.1227776 ], [ 123.9555556, -18.1224998 ], [ 123.9555556, -18.1222221 ], [ 123.9552779, -18.1219443 ], [ 123.9552779, -18.1216665 ], [ 123.9550001, -18.1213887 ] ] } },
{ "type": "Feature", "properties": { "HydroID": 101914230, "AHGFFType": 1, "Name": " ", "Hierarchy": "Minor", "Perennial": "Non Perennial", "AusHydroID": 1434506, "AusHydroEr": 1, "SegmentNo": 406821, "DrainID": 100644831, "From_Node": 101624332, "To_Node": 101624227, "NextDownID": 101914141, "Enabled": 1, "FlowDir": 1, "SrcFCName": "DEMDerivedStreamsVector", "SrcFType": "Watercourse", "SrcType": 1, "SourceID": null, "FeatRel": "2019-08-21T00:00:00Z", "FSource": "GEOSCIENCE AUSTRALIA", "AttrRel": "2019-08-21T00:00:00Z", "AttrSource": "GEOSCIENCE AUSTRALIA", "PlanAcc": 15, "Symbol": null, "TextNote": null, "GeodesLen": 1928.5087913896029, "UpstrGeoLn": 56665154.361387059, "UpstrDArea": 53607415766.390602, "ConCatID": 239786, "StrOutlet": 0, "Shape_Length": 0.017896224548226293 }, "bbox": [ 123.9519445, -18.0891665, 123.9652779, -18.0797221 ], "geometry": { "type": "LineString", "coordinates": [ [ 123.9652779, -18.0891665 ], [ 123.9650001, -18.0891665 ], [ 123.9647223, -18.0888887 ], [ 123.9644445, -18.0888887 ], [ 123.9641668, -18.0888887 ], [ 123.963889, -18.088611 ], [ 123.9636112, -18.088611 ], [ 123.9633334, -18.0883332 ], [ 123.9630556, -18.0883332 ], [ 123.9627779, -18.0880554 ], [ 123.9625001, -18.0880554 ], [ 123.9622223, -18.0877776 ], [ 123.9619445, -18.0877776 ], [ 123.9616668, -18.0874998 ], [ 123.961389, -18.0874998 ], [ 123.9611112, -18.0874998 ], [ 123.9608334, -18.0872221 ], [ 123.9605556, -18.0869443 ], [ 123.9602779, -18.0869443 ], [ 123.9600001, -18.0866665 ], [ 123.9597223, -18.0863887 ], [ 123.9594445, -18.0863887 ], [ 123.9591668, -18.0863887 ], [ 123.958889, -18.086111 ], [ 123.9586112, -18.086111 ], [ 123.9583334, -18.0858332 ], [ 123.9580556, -18.0858332 ], [ 123.9577779, -18.0855554 ], [ 123.9575001, -18.0855554 ], [ 123.9572223, -18.0852776 ], [ 123.9569445, -18.0852776 ], [ 123.9566668, -18.0849998 ], [ 123.956389, -18.0847221 ], [ 123.9561112, -18.0847221 ], [ 123.9558334, -18.0844443 ], [ 123.9555556, -18.0841665 ], [ 123.9552779, -18.0838887 ], [ 123.9550001, -18.083611 ], [ 123.9547223, -18.083611 ], [ 123.9544445, -18.0833332 ], [ 123.9541668, -18.0830554 ], [ 123.953889, -18.0827776 ], [ 123.9536112, -18.0824998 ], [ 123.9533334, -18.0822221 ], [ 123.9530556, -18.0819443 ], [ 123.9527779, -18.0816665 ], [ 123.9527779, -18.0813887 ], [ 123.9525001, -18.081111 ], [ 123.9525001, -18.0808332 ], [ 123.9522223, -18.0805554 ], [ 123.9522223, -18.0802776 ], [ 123.9519445, -18.0799998 ], [ 123.9519445, -18.0797221 ] ] } },
{ "type": "Feature", "properties": { "HydroID": 101914235, "AHGFFType": 1, "Name": " ", "Hierarchy": "Minor", "Perennial": "Non Perennial", "AusHydroID": 1431890, "AusHydroEr": 1, "SegmentNo": 406864, "DrainID": 100644859, "From_Node": 101624336, "To_Node": 101624250, "NextDownID": 101914161, "Enabled": 1, "FlowDir": 1, "SrcFCName": "DEMDerivedStreamsVector", "SrcFType": "Watercourse", "SrcType": 1, "SourceID": null, "FeatRel": "2019-08-21T00:00:00Z", "FSource": "GEOSCIENCE AUSTRALIA", "AttrRel": "2019-08-21T00:00:00Z", "AttrSource": "GEOSCIENCE AUSTRALIA", "PlanAcc": 15, "Symbol": null, "TextNote": null, "GeodesLen": 1343.6052225861479, "UpstrGeoLn": 2456.4817553346015, "UpstrDArea": 1223763.7525173682, "ConCatID": 232627, "StrOutlet": 0, "Shape_Length": 0.012559222395478959 }, "bbox": [ 123.9550001, -18.1255554, 123.9658334, -18.1213887 ], "geometry": { "type": "LineString", "coordinates": [ [ 123.9658334, -18.1255554 ], [ 123.9655556, -18.1252776 ], [ 123.9652779, -18.1252776 ], [ 123.9650001, -18.1249998 ], [ 123.9647223, -18.1249998 ], [ 123.9644445, -18.1247221 ], [ 123.9641668, -18.1247221 ], [ 123.963889, -18.1247221 ], [ 123.9636112, -18.1244443 ], [ 123.9633334, -18.1244443 ], [ 123.9630556, -18.1244443 ], [ 123.9627779, -18.1244443 ], [ 123.9625001, -18.1244443 ], [ 123.9622223, -18.1244443 ], [ 123.9619445, -18.1244443 ], [ 123.9616668, -18.1244443 ], [ 123.961389, -18.1244443 ], [ 123.9611112, -18.1244443 ], [ 123.9608334, -18.1244443 ], [ 123.9605556, -18.1244443 ], [ 123.9602779, -18.1244443 ], [ 123.9600001, -18.1244443 ], [ 123.9597223, -18.1241665 ], [ 123.9594445, -18.1241665 ], [ 123.9591668, -18.1238887 ], [ 123.958889, -18.123611 ], [ 123.9586112, -18.1233332 ], [ 123.9583334, -18.1230554 ], [ 123.9580556, -18.1230554 ], [ 123.9577779, -18.1227776 ], [ 123.9575001, -18.1227776 ], [ 123.9572223, -18.1224998 ], [ 123.9569445, -18.1224998 ], [ 123.9566668, -18.1222221 ], [ 123.956389, -18.1222221 ], [ 123.9561112, -18.1219443 ], [ 123.9558334, -18.1219443 ], [ 123.9555556, -18.1216665 ], [ 123.9552779, -18.1213887 ], [ 123.9550001, -18.1213887 ] ] } },
{ "type": "Feature", "properties": { "HydroID": 101914236, "AHGFFType": 1, "Name": " ", "Hierarchy": "Minor", "Perennial": "Non Perennial", "AusHydroID": 1432152, "AusHydroEr": 1, "SegmentNo": 406906, "DrainID": 100644879, "From_Node": 101624336, "To_Node": 101624282, "NextDownID": 101914191, "Enabled": 1, "FlowDir": 1, "SrcFCName": "DEMDerivedStreamsVector", "SrcFType": "Watercourse", "SrcType": 1, "SourceID": null, "FeatRel": "2019-08-21T00:00:00Z", "FSource": "GEOSCIENCE AUSTRALIA", "AttrRel": "2019-08-21T00:00:00Z", "AttrSource": "GEOSCIENCE AUSTRALIA", "PlanAcc": 15, "Symbol": null, "TextNote": null, "GeodesLen": 1307.3889738601115, "UpstrGeoLn": 2420.2655066085654, "UpstrDArea": 1179477.5606221519, "ConCatID": 239786, "StrOutlet": 0, "Shape_Length": 0.012118726689255078 }, "bbox": [ 123.9583334, -18.1255554, 123.9658334, -18.1191665 ], "geometry": { "type": "LineString", "coordinates": [ [ 123.9658334, -18.1255554 ], [ 123.9658334, -18.1252776 ], [ 123.9658334, -18.1249998 ], [ 123.9658334, -18.1247221 ], [ 123.9655556, -18.1244443 ], [ 123.9652779, -18.1241665 ], [ 123.9650001, -18.1238887 ], [ 123.9647223, -18.123611 ], [ 123.9644445, -18.1233332 ], [ 123.9641668, -18.1233332 ], [ 123.963889, -18.1233332 ], [ 123.9636112, -18.1233332 ], [ 123.9633334, -18.1233332 ], [ 123.9630556, -18.1230554 ], [ 123.9627779, -18.1230554 ], [ 123.9625001, -18.1230554 ], [ 123.9622223, -18.1230554 ], [ 123.9619445, -18.1227776 ], [ 123.9616668, -18.1227776 ], [ 123.961389, -18.1224998 ], [ 123.9611112, -18.1222221 ], [ 123.9608334, -18.1219443 ], [ 123.9605556, -18.1219443 ], [ 123.9602779, -18.1216665 ], [ 123.9600001, -18.1216665 ], [ 123.9597223, -18.1216665 ], [ 123.9594445, -18.1216665 ], [ 123.9591668, -18.1213887 ], [ 123.958889, -18.1213887 ], [ 123.9586112, -18.1213887 ], [ 123.9583334, -18.121111 ], [ 123.9583334, -18.1208332 ], [ 123.9583334, -18.1205554 ], [ 123.9583334, -18.1202776 ], [ 123.9586112, -18.1199998 ], [ 123.958889, -18.1197221 ], [ 123.958889, -18.1194443 ], [ 123.9591668, -18.1191665 ] ] } },
{ "type": "Feature", "properties": { "HydroID": 101914245, "AHGFFType": 1, "Name": "BLOODWOOD CREEK", "Hierarchy": "Minor", "Perennial": "Non Perennial", "AusHydroID": 10369242, "AusHydroEr": 1, "SegmentNo": 406863, "DrainID": 100644858, "From_Node": 101624344, "To_Node": 101624251, "NextDownID": 101914160, "Enabled": 1, "FlowDir": 1, "SrcFCName": "DEMDerivedStreamsVector", "SrcFType": "Watercourse", "SrcType": 1, "SourceID": null, "FeatRel": "2019-08-21T00:00:00Z", "FSource": "GEOSCIENCE AUSTRALIA", "AttrRel": "2019-08-21T00:00:00Z", "AttrSource": "GEOSCIENCE AUSTRALIA", "PlanAcc": 15, "Symbol": null, "TextNote": null, "GeodesLen": 1620.8931212117761, "UpstrGeoLn": 56708015.583714731, "UpstrDArea": 53667767015.002663, "ConCatID": 239786, "StrOutlet": 0, "Shape_Length": 0.015078964934667656 }, "bbox": [ 123.9550001, -18.0574998, 123.9666668, -18.0527776 ], "geometry": { "type": "LineString", "coordinates": [ [ 123.9666668, -18.0574998 ], [ 123.9666668, -18.0572221 ], [ 123.9666668, -18.0569443 ], [ 123.966389, -18.0566665 ], [ 123.9661112, -18.0563887 ], [ 123.9658334, -18.056111 ], [ 123.9658334, -18.0558332 ], [ 123.9658334, -18.0555554 ], [ 123.9655556, -18.0552776 ], [ 123.9652779, -18.0549998 ], [ 123.9650001, -18.0549998 ], [ 123.9647223, -18.0549998 ], [ 123.9644445, -18.0547221 ], [ 123.9641668, -18.0544443 ], [ 123.963889, -18.0541665 ], [ 123.9636112, -18.0538887 ], [ 123.9633334, -18.053611 ], [ 123.9630556, -18.0533332 ], [ 123.9627779, -18.0530554 ], [ 123.9625001, -18.0530554 ], [ 123.9622223, -18.0530554 ], [ 123.9619445, -18.0527776 ], [ 123.9616668, -18.0527776 ], [ 123.961389, -18.0530554 ], [ 123.9611112, -18.0533332 ], [ 123.9608334, -18.053611 ], [ 123.9605556, -18.053611 ], [ 123.9602779, -18.053611 ], [ 123.9600001, -18.053611 ], [ 123.9597223, -18.053611 ], [ 123.9594445, -18.053611 ], [ 123.9591668, -18.053611 ], [ 123.958889, -18.053611 ], [ 123.9586112, -18.053611 ], [ 123.9583334, -18.053611 ], [ 123.9580556, -18.0533332 ], [ 123.9577779, -18.0533332 ], [ 123.9575001, -18.053611 ], [ 123.9572223, -18.053611 ], [ 123.9569445, -18.053611 ], [ 123.9566668, -18.0533332 ], [ 123.956389, -18.0530554 ], [ 123.9561112, -18.0530554 ], [ 123.9558334, -18.0530554 ], [ 123.9555556, -18.0530554 ], [ 123.9552779, -18.0530554 ], [ 123.9550001, -18.0530554 ] ] } },
{ "type": "Feature", "properties": { "HydroID": 101914254, "AHGFFType": 1, "Name": "BLOODWOOD CREEK", "Hierarchy": "Minor", "Perennial": "Non Perennial", "AusHydroID": 1742546, "AusHydroEr": 1, "SegmentNo": 407012, "DrainID": 100644950, "From_Node": 101624356, "To_Node": 101624344, "NextDownID": 101914245, "Enabled": 1, "FlowDir": 1, "SrcFCName": "DEMDerivedStreamsVector", "SrcFType": "Watercourse", "SrcType": 1, "SourceID": null, "FeatRel": "2019-08-21T00:00:00Z", "FSource": "GEOSCIENCE AUSTRALIA", "AttrRel": "2019-08-21T00:00:00Z", "AttrSource": "GEOSCIENCE AUSTRALIA", "PlanAcc": 15, "Symbol": null, "TextNote": null, "GeodesLen": 501.22796569226261, "UpstrGeoLn": 56705619.472130895, "UpstrDArea": 53665519196.033691, "ConCatID": 239786, "StrOutlet": 0, "Shape_Length": 0.0045792443681750969 }, "bbox": [ 123.966389, -18.0613887, 123.9677779, -18.0574998 ], "geometry": { "type": "LineString", "coordinates": [ [ 123.9677779, -18.0613887 ], [ 123.9677779, -18.061111 ], [ 123.9675001, -18.0608332 ], [ 123.9675001, -18.0605554 ], [ 123.9672223, -18.0602776 ], [ 123.9672223, -18.0599998 ], [ 123.9669445, -18.0597221 ], [ 123.9669445, -18.0594443 ], [ 123.9666668, -18.0591665 ], [ 123.966389, -18.0588887 ], [ 123.966389, -18.058611 ], [ 123.966389, -18.0583332 ], [ 123.9666668, -18.0580554 ], [ 123.9666668, -18.0577776 ], [ 123.9666668, -18.0574998 ] ] } },
{ "type": "Feature", "properties": { "HydroID": 101914255, "AHGFFType": 1, "Name": " ", "Hierarchy": "Minor", "Perennial": "Non Perennial", "AusHydroID": 1434168, "AusHydroEr": 1, "SegmentNo": 406752, "DrainID": 100644786, "From_Node": 101624355, "To_Node": 101624186, "NextDownID": 101914105, "Enabled": 1, "FlowDir": 1, "SrcFCName": "DEMDerivedStreamsVector", "SrcFType": "Watercourse", "SrcType": 1, "SourceID": null, "FeatRel": "2019-08-21T00:00:00Z", "FSource": "GEOSCIENCE AUSTRALIA", "AttrRel": "2019-08-21T00:00:00Z", "AttrSource": "GEOSCIENCE AUSTRALIA", "PlanAcc": 15, "Symbol": null, "TextNote": null, "GeodesLen": 3457.8458831135426, "UpstrGeoLn": 56992733.901665099, "UpstrDArea": 54256114370.85302, "ConCatID": 239786, "StrOutlet": 0, "Shape_Length": 0.032102375455120749 }, "bbox": [ 123.9452779, -18.101111, 123.9677779, -18.0855554 ], "geometry": { "type": "LineString", "coordinates": [ [ 123.9677779, -18.101111 ], [ 123.9675001, -18.101111 ], [ 123.9672223, -18.101111 ], [ 123.9669445, -18.101111 ], [ 123.9666668, -18.101111 ], [ 123.966389, -18.101111 ], [ 123.9661112, -18.101111 ], [ 123.9658334, -18.101111 ], [ 123.9655556, -18.1008332 ], [ 123.9652779, -18.1005554 ], [ 123.9650001, -18.1005554 ], [ 123.9647223, -18.1002776 ], [ 123.9644445, -18.1002776 ], [ 123.9641668, -18.1 ], [ 123.963889, -18.1 ], [ 123.9636112, -18.1 ], [ 123.9633334, -18.0997221 ], [ 123.9630556, -18.0997221 ], [ 123.9627779, -18.0997221 ], [ 123.9625001, -18.0994443 ], [ 123.9622223, -18.0991665 ], [ 123.9619445, -18.0988887 ], [ 123.9616668, -18.0988887 ], [ 123.961389, -18.098611 ], [ 123.9611112, -18.0983332 ], [ 123.9608334, -18.0983332 ], [ 123.9605556, -18.0980554 ], [ 123.9602779, -18.0980554 ], [ 123.9600001, -18.0980554 ], [ 123.9597223, -18.0977776 ], [ 123.9594445, -18.0977776 ], [ 123.9591668, -18.0977776 ], [ 123.958889, -18.0977776 ], [ 123.9586112, -18.0974998 ], [ 123.9583334, -18.0974998 ], [ 123.9580556, -18.0972221 ], [ 123.9577779, -18.0972221 ], [ 123.9575001, -18.0969443 ], [ 123.9572223, -18.0969443 ], [ 123.9569445, -18.0966665 ], [ 123.9566668, -18.0966665 ], [ 123.956389, -18.0963887 ], [ 123.9561112, -18.096111 ], [ 123.9558334, -18.0958332 ], [ 123.9555556, -18.0955554 ], [ 123.9552779, -18.0955554 ], [ 123.9550001, -18.0955554 ], [ 123.9547223, -18.0952776 ], [ 123.9544445, -18.0952776 ], [ 123.9541668, -18.0952776 ], [ 123.953889, -18.0952776 ], [ 123.9536112, -18.0952776 ], [ 123.9533334, -18.0952776 ], [ 123.9530556, -18.0952776 ], [ 123.9527779, -18.0952776 ], [ 123.9525001, -18.0952776 ], [ 123.9522223, -18.0949998 ], [ 123.9519445, -18.0949998 ], [ 123.9516668, -18.0947221 ], [ 123.9516668, -18.0944443 ], [ 123.9516668, -18.0941665 ], [ 123.951389, -18.0938887 ], [ 123.9511112, -18.093611 ], [ 123.9508334, -18.0933332 ], [ 123.9505556, -18.0930554 ], [ 123.9502779, -18.0930554 ], [ 123.9500001, -18.0927776 ], [ 123.9497223, -18.0924998 ], [ 123.9494445, -18.0924998 ], [ 123.9491668, -18.0922221 ], [ 123.948889, -18.0919443 ], [ 123.9486112, -18.0916665 ], [ 123.9483334, -18.0913887 ], [ 123.9483334, -18.091111 ], [ 123.9480556, -18.0908332 ], [ 123.9480556, -18.0905554 ], [ 123.9480556, -18.0902776 ], [ 123.9477779, -18.0899998 ], [ 123.9477779, -18.0897221 ], [ 123.9477779, -18.0894443 ], [ 123.9477779, -18.0891665 ], [ 123.9475001, -18.0888887 ], [ 123.9475001, -18.088611 ], [ 123.9475001, -18.0883332 ], [ 123.9472223, -18.0880554 ], [ 123.9469445, -18.0880554 ], [ 123.9466668, -18.0880554 ], [ 123.946389, -18.0880554 ], [ 123.9461112, -18.0880554 ], [ 123.9458334, -18.0880554 ], [ 123.9455556, -18.0880554 ], [ 123.9452779, -18.0877776 ], [ 123.9452779, -18.0874998 ], [ 123.9452779, -18.0872221 ], [ 123.9452779, -18.0869443 ], [ 123.9452779, -18.0866665 ], [ 123.9455556, -18.0863887 ], [ 123.9455556, -18.086111 ], [ 123.9455556, -18.0858332 ], [ 123.9458334, -18.0855554 ] ] } },
{ "type": "Feature", "properties": { "HydroID": 101914259, "AHGFFType": 3, "Name": "FITZROY RIVER", "Hierarchy": "Major", "Perennial": "Perennial", "AusHydroID": 10369433, "AusHydroEr": 1, "SegmentNo": 406945, "DrainID": 100644900, "From_Node": 101624359, "To_Node": 101624303, "NextDownID": 101914205, "Enabled": 1, "FlowDir": 1, "SrcFCName": "DEMDerivedStreamsVector", "SrcFType": "Waterbody Connector", "SrcType": 3, "SourceID": null, "FeatRel": "2019-08-21T00:00:00Z", "FSource": "GEOSCIENCE AUSTRALIA", "AttrRel": "2019-08-21T00:00:00Z", "AttrSource": "GEOSCIENCE AUSTRALIA", "PlanAcc": 15, "Symbol": 2, "TextNote": null, "GeodesLen": 771.25022751403014, "UpstrGeoLn": 56861187.326719649, "UpstrDArea": 54161645007.088013, "ConCatID": 239786, "StrOutlet": 0, "Shape_Length": 0.0072419629533394623 }, "bbox": [ 123.961389, -18.1213887, 123.9680556, -18.1205554 ], "geometry": { "type": "LineString", "coordinates": [ [ 123.9680556, -18.1208332 ], [ 123.9677779, -18.121111 ], [ 123.9675001, -18.121111 ], [ 123.9672223, -18.121111 ], [ 123.9669445, -18.1213887 ], [ 123.9666668, -18.1213887 ], [ 123.966389, -18.1213887 ], [ 123.9661112, -18.1213887 ], [ 123.9658334, -18.1213887 ], [ 123.9655556, -18.1213887 ], [ 123.9652779, -18.1213887 ], [ 123.9650001, -18.1213887 ], [ 123.9647223, -18.1213887 ], [ 123.9644445, -18.1213887 ], [ 123.9641668, -18.1213887 ], [ 123.963889, -18.1213887 ], [ 123.9636112, -18.1213887 ], [ 123.9633334, -18.121111 ], [ 123.9630556, -18.121111 ], [ 123.9627779, -18.121111 ], [ 123.9625001, -18.1208332 ], [ 123.9622223, -18.1208332 ], [ 123.9619445, -18.1205554 ], [ 123.9616668, -18.1205554 ], [ 123.961389, -18.1205554 ] ] } },
{ "type": "Feature", "properties": { "HydroID": 101914262, "AHGFFType": 3, "Name": " ", "Hierarchy": "Minor", "Perennial": "Non Perennial", "AusHydroID": 22033890, "AusHydroEr": 1, "SegmentNo": 407035, "DrainID": 100644965, "From_Node": 101624364, "To_Node": 101624359, "NextDownID": 101914259, "Enabled": 1, "FlowDir": 1, "SrcFCName": "DEMDerivedStreamsVector", "SrcFType": "Waterbody Connector", "SrcType": 3, "SourceID": null, "FeatRel": "2019-08-21T00:00:00Z", "FSource": "GEOSCIENCE AUSTRALIA", "AttrRel": "2019-08-21T00:00:00Z", "AttrSource": "GEOSCIENCE AUSTRALIA", "PlanAcc": 15, "Symbol": null, "TextNote": null, "GeodesLen": 71.936052011875717, "UpstrGeoLn": 3826.4033734982472, "UpstrDArea": 1456970.228647643, "ConCatID": 239786, "StrOutlet": 0, "Shape_Length": 0.00067061541493923906 }, "bbox": [ 123.9680556, -18.121111, 123.9686112, -18.1208332 ], "geometry": { "type": "LineString", "coordinates": [ [ 123.9686112, -18.121111 ], [ 123.9683334, -18.121111 ], [ 123.9680556, -18.1208332 ] ] } },
{ "type": "Feature", "properties": { "HydroID": 101914267, "AHGFFType": 1, "Name": "BLOODWOOD CREEK", "Hierarchy": "Minor", "Perennial": "Non Perennial", "AusHydroID": 1921881, "AusHydroEr": 1, "SegmentNo": 407028, "DrainID": 100644959, "From_Node": 101624367, "To_Node": 101624356, "NextDownID": 101914254, "Enabled": 1, "FlowDir": 1, "SrcFCName": "DEMDerivedStreamsVector", "SrcFType": "Watercourse", "SrcType": 1, "SourceID": null, "FeatRel": "2019-08-21T00:00:00Z", "FSource": "GEOSCIENCE AUSTRALIA", "AttrRel": "2019-08-21T00:00:00Z", "AttrSource": "GEOSCIENCE AUSTRALIA", "PlanAcc": 15, "Symbol": null, "TextNote": null, "GeodesLen": 189.58396534760234, "UpstrGeoLn": 56703359.979723439, "UpstrDArea": 53664709108.581123, "ConCatID": 239786, "StrOutlet": 0, "Shape_Length": 0.001781724707851312 }, "bbox": [ 123.9677779, -18.0613887, 123.9694445, -18.061111 ], "geometry": { "type": "LineString", "coordinates": [ [ 123.9694445, -18.061111 ], [ 123.9691668, -18.0613887 ], [ 123.968889, -18.0613887 ], [ 123.9686112, -18.0613887 ], [ 123.9683334, -18.0613887 ], [ 123.9680556, -18.0613887 ], [ 123.9677779, -18.0613887 ] ] } },
{ "type": "Feature", "properties": { "HydroID": 101914271, "AHGFFType": 1, "Name": " ", "Hierarchy": "Minor", "Perennial": "Non Perennial", "AusHydroID": 1435484, "AusHydroEr": 1, "SegmentNo": 406725, "DrainID": 100644771, "From_Node": 101624372, "To_Node": 101624173, "NextDownID": 101914090, "Enabled": 1, "FlowDir": 1, "SrcFCName": "DEMDerivedStreamsVector", "SrcFType": "Watercourse", "SrcType": 1, "SourceID": null, "FeatRel": "2019-08-21T00:00:00Z", "FSource": "GEOSCIENCE AUSTRALIA", "AttrRel": "2019-08-21T00:00:00Z", "AttrSource": "GEOSCIENCE AUSTRALIA", "PlanAcc": 15, "Symbol": null, "TextNote": null, "GeodesLen": 4461.3543493482348, "UpstrGeoLn": 56650759.72731559, "UpstrDArea": 53600517004.795326, "ConCatID": 239786, "StrOutlet": 0, "Shape_Length": 0.041348004046247229 }, "bbox": [ 123.9430556, -18.083611, 123.9702779, -18.0630554 ], "geometry": { "type": "LineString", "coordinates": [ [ 123.9702779, -18.083611 ], [ 123.9702779, -18.0833332 ], [ 123.9700001, -18.0830554 ], [ 123.9697223, -18.0827776 ], [ 123.9694445, -18.0824998 ], [ 123.9691668, -18.0822221 ], [ 123.968889, -18.0819443 ], [ 123.9686112, -18.0816665 ], [ 123.9683334, -18.0816665 ], [ 123.9680556, -18.0816665 ], [ 123.9677779, -18.0813887 ], [ 123.9675001, -18.0813887 ], [ 123.9672223, -18.081111 ], [ 123.9669445, -18.081111 ], [ 123.9666668, -18.081111 ], [ 123.966389, -18.081111 ], [ 123.9661112, -18.081111 ], [ 123.9658334, -18.081111 ], [ 123.9655556, -18.0808332 ], [ 123.9652779, -18.0808332 ], [ 123.9650001, -18.0805554 ], [ 123.9647223, -18.0802776 ], [ 123.9644445, -18.0799998 ], [ 123.9644445, -18.0797221 ], [ 123.9641668, -18.0794443 ], [ 123.963889, -18.0791665 ], [ 123.9636112, -18.0788887 ], [ 123.9633334, -18.078611 ], [ 123.9630556, -18.078611 ], [ 123.9627779, -18.078611 ], [ 123.9625001, -18.078611 ], [ 123.9622223, -18.0783332 ], [ 123.9619445, -18.0783332 ], [ 123.9616668, -18.0783332 ], [ 123.961389, -18.0783332 ], [ 123.9611112, -18.0783332 ], [ 123.9608334, -18.0783332 ], [ 123.9605556, -18.0783332 ], [ 123.9602779, -18.0783332 ], [ 123.9600001, -18.0783332 ], [ 123.9597223, -18.0780554 ], [ 123.9594445, -18.0780554 ], [ 123.9591668, -18.0777776 ], [ 123.9591668, -18.0774998 ], [ 123.958889, -18.0772221 ], [ 123.9586112, -18.0769443 ], [ 123.9583334, -18.0769443 ], [ 123.9580556, -18.0766665 ], [ 123.9577779, -18.0763887 ], [ 123.9575001, -18.0763887 ], [ 123.9572223, -18.076111 ], [ 123.9569445, -18.0758332 ], [ 123.9566668, -18.0755554 ], [ 123.956389, -18.0755554 ], [ 123.9561112, -18.0752776 ], [ 123.9558334, -18.0749998 ], [ 123.9555556, -18.0747221 ], [ 123.9552779, -18.0744443 ], [ 123.9550001, -18.0741665 ], [ 123.9547223, -18.0738887 ], [ 123.9547223, -18.073611 ], [ 123.9544445, -18.0733332 ], [ 123.9544445, -18.0730554 ], [ 123.9544445, -18.0727776 ], [ 123.9544445, -18.0724998 ], [ 123.9544445, -18.0722221 ], [ 123.9544445, -18.0719443 ], [ 123.9541668, -18.0716665 ], [ 123.9541668, -18.0713887 ], [ 123.9541668, -18.071111 ], [ 123.953889, -18.0708332 ], [ 123.953889, -18.0705554 ], [ 123.9536112, -18.0702776 ], [ 123.9533334, -18.0699998 ], [ 123.9530556, -18.0699998 ], [ 123.9527779, -18.0699998 ], [ 123.9525001, -18.0699998 ], [ 123.9522223, -18.0699998 ], [ 123.9519445, -18.0699998 ], [ 123.9516668, -18.0699998 ], [ 123.951389, -18.0699998 ], [ 123.9511112, -18.0699998 ], [ 123.9508334, -18.0699998 ], [ 123.9505556, -18.0699998 ], [ 123.9502779, -18.0697221 ], [ 123.9505556, -18.0694443 ], [ 123.9508334, -18.0691665 ], [ 123.9511112, -18.0688887 ], [ 123.9511112, -18.068611 ], [ 123.9511112, -18.0683332 ], [ 123.9511112, -18.0680554 ], [ 123.9511112, -18.0677776 ], [ 123.9511112, -18.0674998 ], [ 123.9508334, -18.0672221 ], [ 123.9505556, -18.0669443 ], [ 123.9502779, -18.0669443 ], [ 123.9500001, -18.0669443 ], [ 123.9497223, -18.0669443 ], [ 123.9494445, -18.0672221 ], [ 123.9491668, -18.0674998 ], [ 123.948889, -18.0677776 ], [ 123.9486112, -18.0677776 ], [ 123.9483334, -18.0674998 ], [ 123.9480556, -18.0674998 ], [ 123.9477779, -18.0672221 ], [ 123.9475001, -18.0669443 ], [ 123.9472223, -18.0669443 ], [ 123.9469445, -18.0666665 ], [ 123.9466668, -18.0663887 ], [ 123.946389, -18.0663887 ], [ 123.9461112, -18.066111 ], [ 123.9458334, -18.066111 ], [ 123.9455556, -18.066111 ], [ 123.9452779, -18.066111 ], [ 123.9450001, -18.0658332 ], [ 123.9447223, -18.0655554 ], [ 123.9444445, -18.0652776 ], [ 123.9444445, -18.0649998 ], [ 123.9441668, -18.0647221 ], [ 123.943889, -18.0644443 ], [ 123.943889, -18.0641665 ], [ 123.9436112, -18.0638887 ], [ 123.9433334, -18.063611 ], [ 123.9433334, -18.0633332 ], [ 123.9430556, -18.0630554 ] ] } },
{ "type": "Feature", "properties": { "HydroID": 101914272, "AHGFFType": 1, "Name": " ", "Hierarchy": "Minor", "Perennial": "Non Perennial", "AusHydroID": 1435128, "AusHydroEr": 1, "SegmentNo": 406973, "DrainID": 100644921, "From_Node": 101624372, "To_Node": 101624318, "NextDownID": 101914219, "Enabled": 1, "FlowDir": 1, "SrcFCName": "DEMDerivedStreamsVector", "SrcFType": "Watercourse", "SrcType": 1, "SourceID": null, "FeatRel": "2019-08-21T00:00:00Z", "FSource": "GEOSCIENCE AUSTRALIA", "AttrRel": "2019-08-21T00:00:00Z", "AttrSource": "GEOSCIENCE AUSTRALIA", "PlanAcc": 15, "Symbol": null, "TextNote": null, "GeodesLen": 2090.8577427545724, "UpstrGeoLn": 56648389.230709001, "UpstrDArea": 53598983686.920692, "ConCatID": 239786, "StrOutlet": 0, "Shape_Length": 0.019197971471523394 }, "bbox": [ 123.9630556, -18.083611, 123.9711112, -18.0697221 ], "geometry": { "type": "LineString", "coordinates": [ [ 123.9702779, -18.083611 ], [ 123.9705556, -18.0833332 ], [ 123.9705556, -18.0830554 ], [ 123.9705556, -18.0827776 ], [ 123.9705556, -18.0824998 ], [ 123.9708334, -18.0822221 ], [ 123.9708334, -18.0819443 ], [ 123.9708334, -18.0816665 ], [ 123.9708334, -18.0813887 ], [ 123.9708334, -18.081111 ], [ 123.9708334, -18.0808332 ], [ 123.9711112, -18.0805554 ], [ 123.9711112, -18.0802776 ], [ 123.9711112, -18.0799998 ], [ 123.9711112, -18.0797221 ], [ 123.9711112, -18.0794443 ], [ 123.9711112, -18.0791665 ], [ 123.9711112, -18.0788887 ], [ 123.9708334, -18.078611 ], [ 123.9705556, -18.0783332 ], [ 123.9702779, -18.0780554 ], [ 123.9700001, -18.0780554 ], [ 123.9697223, -18.0780554 ], [ 123.9694445, -18.0780554 ], [ 123.9691668, -18.0777776 ], [ 123.9691668, -18.0774998 ], [ 123.9691668, -18.0772221 ], [ 123.968889, -18.0769443 ], [ 123.968889, -18.0766665 ], [ 123.9686112, -18.0763887 ], [ 123.9686112, -18.076111 ], [ 123.9683334, -18.0758332 ], [ 123.9680556, -18.0755554 ], [ 123.9677779, -18.0755554 ], [ 123.9675001, -18.0752776 ], [ 123.9672223, -18.0752776 ], [ 123.9669445, -18.0752776 ], [ 123.9666668, -18.0752776 ], [ 123.966389, -18.0749998 ], [ 123.9661112, -18.0749998 ], [ 123.9658334, -18.0747221 ], [ 123.9655556, -18.0744443 ], [ 123.9652779, -18.0741665 ], [ 123.9650001, -18.0738887 ], [ 123.9647223, -18.0738887 ], [ 123.9644445, -18.073611 ], [ 123.9641668, -18.073611 ], [ 123.963889, -18.0733332 ], [ 123.9636112, -18.0730554 ], [ 123.9633334, -18.0727776 ], [ 123.9633334, -18.0724998 ], [ 123.9630556, -18.0722221 ], [ 123.9630556, -18.0719443 ], [ 123.9630556, -18.0716665 ], [ 123.9630556, -18.0713887 ], [ 123.9630556, -18.071111 ], [ 123.9630556, -18.0708332 ], [ 123.9630556, -18.0705554 ], [ 123.9630556, -18.0702776 ], [ 123.9630556, -18.0699998 ], [ 123.9630556, -18.0697221 ] ] } },
{ "type": "Feature", "properties": { "HydroID": 101914276, "AHGFFType": 1, "Name": " ", "Hierarchy": "Minor", "Perennial": "Non Perennial", "AusHydroID": 1431716, "AusHydroEr": 1, "SegmentNo": 406979, "DrainID": 100644926, "From_Node": 101624382, "To_Node": 101624321, "NextDownID": 101914220, "Enabled": 1, "FlowDir": 1, "SrcFCName": "DEMDerivedStreamsVector", "SrcFType": "Watercourse", "SrcType": 1, "SourceID": null, "FeatRel": "2019-08-21T00:00:00Z", "FSource": "GEOSCIENCE AUSTRALIA", "AttrRel": "2019-08-21T00:00:00Z", "AttrSource": "GEOSCIENCE AUSTRALIA", "PlanAcc": 15, "Symbol": null, "TextNote": null, "GeodesLen": 1039.5876366470238, "UpstrGeoLn": 56153712.954001695, "UpstrDArea": 53308809588.468948, "ConCatID": 232627, "StrOutlet": 0, "Shape_Length": 0.0097140457364606175 }, "bbox": [ 123.9633334, -18.1305554, 123.9716668, -18.1274998 ], "geometry": { "type": "LineString", "coordinates": [ [ 123.9716668, -18.1305554 ], [ 123.971389, -18.1302776 ], [ 123.9711112, -18.1299998 ], [ 123.9708334, -18.1297221 ], [ 123.9705556, -18.1294443 ], [ 123.9702779, -18.1291665 ], [ 123.9700001, -18.1291665 ], [ 123.9697223, -18.1291665 ], [ 123.9694445, -18.1291665 ], [ 123.9691668, -18.1291665 ], [ 123.968889, -18.1288887 ], [ 123.9686112, -18.128611 ], [ 123.9683334, -18.128611 ], [ 123.9680556, -18.128611 ], [ 123.9677779, -18.1283332 ], [ 123.9675001, -18.1283332 ], [ 123.9672223, -18.1280554 ], [ 123.9669445, -18.1280554 ], [ 123.9666668, -18.1277776 ], [ 123.966389, -18.1277776 ], [ 123.9661112, -18.1277776 ], [ 123.9658334, -18.1274998 ], [ 123.9655556, -18.1274998 ], [ 123.9652779, -18.1274998 ], [ 123.9650001, -18.1274998 ], [ 123.9647223, -18.1274998 ], [ 123.9644445, -18.1274998 ], [ 123.9641668, -18.1274998 ], [ 123.963889, -18.1274998 ], [ 123.9636112, -18.1274998 ], [ 123.9633334, -18.1277776 ] ] } },
{ "type": "Feature", "properties": { "HydroID": 101914282, "AHGFFType": 1, "Name": " ", "Hierarchy": "Minor", "Perennial": "Non Perennial", "AusHydroID": 1742549, "AusHydroEr": 1, "SegmentNo": 407049, "DrainID": 100644969, "From_Node": 101624386, "To_Node": 101624367, "NextDownID": 101914267, "Enabled": 1, "FlowDir": 1, "SrcFCName": "DEMDerivedStreamsVector", "SrcFType": "Watercourse", "SrcType": 1, "SourceID": null, "FeatRel": "2019-08-21T00:00:00Z", "FSource": "GEOSCIENCE AUSTRALIA", "AttrRel": "2019-08-21T00:00:00Z", "AttrSource": "GEOSCIENCE AUSTRALIA", "PlanAcc": 15, "Symbol": null, "TextNote": null, "GeodesLen": 614.84925439199071, "UpstrGeoLn": 26521.136065498271, "UpstrDArea": 38138441.309751719, "ConCatID": 239786, "StrOutlet": 0, "Shape_Length": 0.0056903570754476759 }, "bbox": [ 123.9694445, -18.061111, 123.9727779, -18.0580554 ], "geometry": { "type": "LineString", "coordinates": [ [ 123.9725001, -18.0580554 ], [ 123.9725001, -18.0583332 ], [ 123.9725001, -18.058611 ], [ 123.9727779, -18.0588887 ], [ 123.9727779, -18.0591665 ], [ 123.9727779, -18.0594443 ], [ 123.9725001, -18.0597221 ], [ 123.9722223, -18.0599998 ], [ 123.9722223, -18.0602776 ], [ 123.9719445, -18.0605554 ], [ 123.9716668, -18.0608332 ], [ 123.971389, -18.0608332 ], [ 123.9711112, -18.0608332 ], [ 123.9708334, -18.0608332 ], [ 123.9705556, -18.0608332 ], [ 123.9702779, -18.0608332 ], [ 123.9700001, -18.0608332 ], [ 123.9697223, -18.0608332 ], [ 123.9694445, -18.061111 ] ] } },
{ "type": "Feature", "properties": { "HydroID": 101914283, "AHGFFType": 1, "Name": " ", "Hierarchy": "Minor", "Perennial": "Non Perennial", "AusHydroID": 1921883, "AusHydroEr": 1, "SegmentNo": 407014, "DrainID": 100644951, "From_Node": 101624386, "To_Node": 101624344, "NextDownID": 101914245, "Enabled": 1, "FlowDir": 1, "SrcFCName": "DEMDerivedStreamsVector", "SrcFType": "Watercourse", "SrcType": 1, "SourceID": null, "FeatRel": "2019-08-21T00:00:00Z", "FSource": "GEOSCIENCE AUSTRALIA", "AttrRel": "2019-08-21T00:00:00Z", "AttrSource": "GEOSCIENCE AUSTRALIA", "PlanAcc": 15, "Symbol": null, "TextNote": null, "GeodesLen": 775.21846262663689, "UpstrGeoLn": 26681.505273732917, "UpstrDArea": 38633040.617059074, "ConCatID": 239786, "StrOutlet": 0, "Shape_Length": 0.0072140458578701851 }, "bbox": [ 123.9666668, -18.058611, 123.9725001, -18.0569443 ], "geometry": { "type": "LineString", "coordinates": [ [ 123.9725001, -18.0580554 ], [ 123.9722223, -18.0583332 ], [ 123.9719445, -18.0583332 ], [ 123.9716668, -18.058611 ], [ 123.971389, -18.058611 ], [ 123.9711112, -18.058611 ], [ 123.9708334, -18.0583332 ], [ 123.9705556, -18.0583332 ], [ 123.9702779, -18.0583332 ], [ 123.9700001, -18.0583332 ], [ 123.9697223, -18.0580554 ], [ 123.9694445, -18.0577776 ], [ 123.9691668, -18.0574998 ], [ 123.968889, -18.0572221 ], [ 123.9686112, -18.0569443 ], [ 123.9683334, -18.0569443 ], [ 123.9680556, -18.0572221 ], [ 123.9677779, -18.0572221 ], [ 123.9675001, -18.0574998 ], [ 123.9672223, -18.0577776 ], [ 123.9669445, -18.0577776 ], [ 123.9666668, -18.0574998 ] ] } },
{ "type": "Feature", "properties": { "HydroID": 101914285, "AHGFFType": 1, "Name": " ", "Hierarchy": "Minor", "Perennial": "Non Perennial", "AusHydroID": 1434347, "AusHydroEr": 1, "SegmentNo": 407057, "DrainID": 100644975, "From_Node": 101624388, "To_Node": 101624372, "NextDownID": 101914271, "Enabled": 1, "FlowDir": 1, "SrcFCName": "DEMDerivedStreamsVector", "SrcFType": "Watercourse", "SrcType": 1, "SourceID": null, "FeatRel": "2019-08-21T00:00:00Z", "FSource": "GEOSCIENCE AUSTRALIA", "AttrRel": "2019-08-21T00:00:00Z", "AttrSource": "GEOSCIENCE AUSTRALIA", "PlanAcc": 15, "Symbol": null, "TextNote": null, "GeodesLen": 343.46505368128027, "UpstrGeoLn": 56646298.372966245, "UpstrDArea": 53598113980.07106, "ConCatID": 239786, "StrOutlet": 0, "Shape_Length": 0.0031903553682814693 }, "bbox": [ 123.9702779, -18.0852776, 123.9727779, -18.083611 ], "geometry": { "type": "LineString", "coordinates": [ [ 123.9727779, -18.0852776 ], [ 123.9725001, -18.0849998 ], [ 123.9722223, -18.0849998 ], [ 123.9719445, -18.0849998 ], [ 123.9716668, -18.0847221 ], [ 123.971389, -18.0847221 ], [ 123.9711112, -18.0844443 ], [ 123.9708334, -18.0841665 ], [ 123.9705556, -18.0838887 ], [ 123.9702779, -18.083611 ] ] } },
{ "type": "Feature", "properties": { "HydroID": 101914290, "AHGFFType": 1, "Name": " ", "Hierarchy": "Minor", "Perennial": "Non Perennial", "AusHydroID": 1742548, "AusHydroEr": 1, "SegmentNo": 407086, "DrainID": 100644991, "From_Node": 101624394, "To_Node": 101624386, "NextDownID": 101914283, "Enabled": 1, "FlowDir": 1, "SrcFCName": "DEMDerivedStreamsVector", "SrcFType": "Watercourse", "SrcType": 1, "SourceID": null, "FeatRel": "2019-08-21T00:00:00Z", "FSource": "GEOSCIENCE AUSTRALIA", "AttrRel": "2019-08-21T00:00:00Z", "AttrSource": "GEOSCIENCE AUSTRALIA", "PlanAcc": 15, "Symbol": null, "TextNote": null, "GeodesLen": 115.83518484501406, "UpstrGeoLn": 25906.286811106282, "UpstrDArea": 37902459.954991095, "ConCatID": 239786, "StrOutlet": 0, "Shape_Length": 0.0010634514156491765 }, "bbox": [ 123.9725001, -18.0580554, 123.9730556, -18.0572221 ], "geometry": { "type": "LineString", "coordinates": [ [ 123.9730556, -18.0572221 ], [ 123.9727779, -18.0574998 ], [ 123.9725001, -18.0577776 ], [ 123.9725001, -18.0580554 ] ] } },
{ "type": "Feature", "properties": { "HydroID": 101914296, "AHGFFType": 1, "Name": " ", "Hierarchy": "Minor", "Perennial": "Non Perennial", "AusHydroID": 1434169, "AusHydroEr": 1, "SegmentNo": 406758, "DrainID": 100644791, "From_Node": 101624403, "To_Node": 101624186, "NextDownID": 101914105, "Enabled": 1, "FlowDir": 1, "SrcFCName": "DEMDerivedStreamsVector", "SrcFType": "Watercourse", "SrcType": 1, "SourceID": null, "FeatRel": "2019-08-21T00:00:00Z", "FSource": "GEOSCIENCE AUSTRALIA", "AttrRel": "2019-08-21T00:00:00Z", "AttrSource": "GEOSCIENCE AUSTRALIA", "PlanAcc": 15, "Symbol": null, "TextNote": null, "GeodesLen": 4148.3504129434177, "UpstrGeoLn": 56650924.156632282, "UpstrDArea": 53599374105.165108, "ConCatID": 239786, "StrOutlet": 0, "Shape_Length": 0.038578403067434097 }, "bbox": [ 123.9458334, -18.0997221, 123.973889, -18.0855554 ], "geometry": { "type": "LineString", "coordinates": [ [ 123.973889, -18.0977776 ], [ 123.9736112, -18.0977776 ], [ 123.9733334, -18.0980554 ], [ 123.9730556, -18.0983332 ], [ 123.9727779, -18.098611 ], [ 123.9725001, -18.0988887 ], [ 123.9725001, -18.0991665 ], [ 123.9725001, -18.0994443 ], [ 123.9722223, -18.0997221 ], [ 123.9719445, -18.0997221 ], [ 123.9716668, -18.0997221 ], [ 123.971389, -18.0997221 ], [ 123.9711112, -18.0997221 ], [ 123.9708334, -18.0994443 ], [ 123.9705556, -18.0994443 ], [ 123.9702779, -18.0991665 ], [ 123.9700001, -18.0991665 ], [ 123.9697223, -18.0988887 ], [ 123.9694445, -18.098611 ], [ 123.9691668, -18.098611 ], [ 123.968889, -18.0983332 ], [ 123.9686112, -18.0983332 ], [ 123.9683334, -18.0980554 ], [ 123.9680556, -18.0980554 ], [ 123.9677779, -18.0977776 ], [ 123.9675001, -18.0977776 ], [ 123.9672223, -18.0977776 ], [ 123.9669445, -18.0974998 ], [ 123.9666668, -18.0974998 ], [ 123.966389, -18.0972221 ], [ 123.9661112, -18.0969443 ], [ 123.9658334, -18.0969443 ], [ 123.9655556, -18.0966665 ], [ 123.9652779, -18.0966665 ], [ 123.9650001, -18.0963887 ], [ 123.9647223, -18.0963887 ], [ 123.9644445, -18.0963887 ], [ 123.9641668, -18.0963887 ], [ 123.963889, -18.096111 ], [ 123.9636112, -18.096111 ], [ 123.9633334, -18.096111 ], [ 123.9630556, -18.096111 ], [ 123.9627779, -18.0958332 ], [ 123.9625001, -18.0958332 ], [ 123.9622223, -18.0958332 ], [ 123.9619445, -18.0958332 ], [ 123.9616668, -18.0958332 ], [ 123.961389, -18.096111 ], [ 123.9611112, -18.096111 ], [ 123.9608334, -18.0963887 ], [ 123.9605556, -18.0963887 ], [ 123.9602779, -18.0963887 ], [ 123.9600001, -18.0963887 ], [ 123.9597223, -18.096111 ], [ 123.9594445, -18.096111 ], [ 123.9591668, -18.096111 ], [ 123.958889, -18.0958332 ], [ 123.9586112, -18.0955554 ], [ 123.9586112, -18.0952776 ], [ 123.9586112, -18.0949998 ], [ 123.958889, -18.0947221 ], [ 123.9591668, -18.0944443 ], [ 123.9591668, -18.0941665 ], [ 123.9591668, -18.0938887 ], [ 123.9591668, -18.093611 ], [ 123.958889, -18.0933332 ], [ 123.9586112, -18.0930554 ], [ 123.9583334, -18.0930554 ], [ 123.9580556, -18.0927776 ], [ 123.9577779, -18.0924998 ], [ 123.9575001, -18.0924998 ], [ 123.9572223, -18.0922221 ], [ 123.9569445, -18.0919443 ], [ 123.9569445, -18.0916665 ], [ 123.9569445, -18.0913887 ], [ 123.9569445, -18.091111 ], [ 123.9569445, -18.0908332 ], [ 123.9569445, -18.0905554 ], [ 123.9569445, -18.0902776 ], [ 123.9569445, -18.0899998 ], [ 123.9566668, -18.0897221 ], [ 123.956389, -18.0897221 ], [ 123.9561112, -18.0894443 ], [ 123.9558334, -18.0894443 ], [ 123.9555556, -18.0894443 ], [ 123.9552779, -18.0894443 ], [ 123.9550001, -18.0894443 ], [ 123.9547223, -18.0894443 ], [ 123.9544445, -18.0891665 ], [ 123.9541668, -18.0891665 ], [ 123.953889, -18.0891665 ], [ 123.9536112, -18.0891665 ], [ 123.9533334, -18.0891665 ], [ 123.9530556, -18.0888887 ], [ 123.9527779, -18.0888887 ], [ 123.9525001, -18.088611 ], [ 123.9522223, -18.088611 ], [ 123.9519445, -18.088611 ], [ 123.9516668, -18.088611 ], [ 123.951389, -18.0883332 ], [ 123.9511112, -18.0883332 ], [ 123.9508334, -18.0880554 ], [ 123.9505556, -18.0877776 ], [ 123.9502779, -18.0874998 ], [ 123.9500001, -18.0872221 ], [ 123.9497223, -18.0869443 ], [ 123.9494445, -18.0866665 ], [ 123.9491668, -18.0863887 ], [ 123.948889, -18.0863887 ], [ 123.9486112, -18.0863887 ], [ 123.9483334, -18.0863887 ], [ 123.9480556, -18.086111 ], [ 123.9477779, -18.086111 ], [ 123.9475001, -18.086111 ], [ 123.9472223, -18.086111 ], [ 123.9469445, -18.086111 ], [ 123.9466668, -18.086111 ], [ 123.946389, -18.0858332 ], [ 123.9461112, -18.0858332 ], [ 123.9458334, -18.0855554 ] ] } },
{ "type": "Feature", "properties": { "HydroID": 101914297, "AHGFFType": 1, "Name": " ", "Hierarchy": "Minor", "Perennial": "Non Perennial", "AusHydroID": 1433912, "AusHydroEr": 1, "SegmentNo": 406998, "DrainID": 100644938, "From_Node": 101624403, "To_Node": 101624332, "NextDownID": 101914230, "Enabled": 1, "FlowDir": 1, "SrcFCName": "DEMDerivedStreamsVector", "SrcFType": "Watercourse", "SrcType": 1, "SourceID": null, "FeatRel": "2019-08-21T00:00:00Z", "FSource": "GEOSCIENCE AUSTRALIA", "AttrRel": "2019-08-21T00:00:00Z", "AttrSource": "GEOSCIENCE AUSTRALIA", "PlanAcc": 15, "Symbol": null, "TextNote": null, "GeodesLen": 1565.2728888177176, "UpstrGeoLn": 56648341.079108156, "UpstrDArea": 53598123000.666878, "ConCatID": 239786, "StrOutlet": 0, "Shape_Length": 0.014456008811216545 }, "bbox": [ 123.9652779, -18.0977776, 123.973889, -18.0891665 ], "geometry": { "type": "LineString", "coordinates": [ [ 123.973889, -18.0977776 ], [ 123.973889, -18.0974998 ], [ 123.973889, -18.0972221 ], [ 123.973889, -18.0969443 ], [ 123.973889, -18.0966665 ], [ 123.973889, -18.0963887 ], [ 123.973889, -18.096111 ], [ 123.973889, -18.0958332 ], [ 123.973889, -18.0955554 ], [ 123.973889, -18.0952776 ], [ 123.973889, -18.0949998 ], [ 123.973889, -18.0947221 ], [ 123.973889, -18.0944443 ], [ 123.973889, -18.0941665 ], [ 123.9736112, -18.0938887 ], [ 123.9733334, -18.093611 ], [ 123.9730556, -18.0933332 ], [ 123.9727779, -18.0930554 ], [ 123.9725001, -18.0927776 ], [ 123.9722223, -18.0927776 ], [ 123.9719445, -18.0924998 ], [ 123.9716668, -18.0924998 ], [ 123.971389, -18.0924998 ], [ 123.9711112, -18.0922221 ], [ 123.9708334, -18.0922221 ], [ 123.9705556, -18.0922221 ], [ 123.9702779, -18.0922221 ], [ 123.9700001, -18.0919443 ], [ 123.9697223, -18.0916665 ], [ 123.9697223, -18.0913887 ], [ 123.9694445, -18.091111 ], [ 123.9691668, -18.0908332 ], [ 123.968889, -18.0908332 ], [ 123.9686112, -18.0905554 ], [ 123.9683334, -18.0905554 ], [ 123.9680556, -18.0902776 ], [ 123.9677779, -18.0899998 ], [ 123.9675001, -18.0899998 ], [ 123.9672223, -18.0897221 ], [ 123.9669445, -18.0897221 ], [ 123.9666668, -18.0894443 ], [ 123.966389, -18.0894443 ], [ 123.9661112, -18.0894443 ], [ 123.9658334, -18.0894443 ], [ 123.9655556, -18.0894443 ], [ 123.9652779, -18.0891665 ] ] } },
{ "type": "Feature", "properties": { "HydroID": 101914298, "AHGFFType": 1, "Name": " ", "Hierarchy": "Minor", "Perennial": "Non Perennial", "AusHydroID": 1433139, "AusHydroEr": 1, "SegmentNo": 407029, "DrainID": 100644960, "From_Node": 101624402, "To_Node": 101624355, "NextDownID": 101914255, "Enabled": 1, "FlowDir": 1, "SrcFCName": "DEMDerivedStreamsVector", "SrcFType": "Watercourse", "SrcType": 1, "SourceID": null, "FeatRel": "2019-08-21T00:00:00Z", "FSource": "GEOSCIENCE AUSTRALIA", "AttrRel": "2019-08-21T00:00:00Z", "AttrSource": "GEOSCIENCE AUSTRALIA", "PlanAcc": 15, "Symbol": null, "TextNote": null, "GeodesLen": 751.93839863760809, "UpstrGeoLn": 56655972.535869844, "UpstrDArea": 53603293826.67057, "ConCatID": 239786, "StrOutlet": 0, "Shape_Length": 0.007031586198247816 }, "bbox": [ 123.9677779, -18.1027776, 123.973889, -18.1008332 ], "geometry": { "type": "LineString", "coordinates": [ [ 123.973889, -18.1027776 ], [ 123.9736112, -18.1027776 ], [ 123.9733334, -18.1024998 ], [ 123.9730556, -18.1024998 ], [ 123.9727779, -18.1024998 ], [ 123.9725001, -18.1024998 ], [ 123.9722223, -18.1024998 ], [ 123.9719445, -18.1022221 ], [ 123.9716668, -18.1022221 ], [ 123.971389, -18.1019443 ], [ 123.9711112, -18.1016665 ], [ 123.9708334, -18.1013887 ], [ 123.9705556, -18.1013887 ], [ 123.9702779, -18.101111 ], [ 123.9700001, -18.1008332 ], [ 123.9697223, -18.1008332 ], [ 123.9694445, -18.1008332 ], [ 123.9691668, -18.1008332 ], [ 123.968889, -18.1008332 ], [ 123.9686112, -18.1008332 ], [ 123.9683334, -18.1008332 ], [ 123.9680556, -18.101111 ], [ 123.9677779, -18.101111 ] ] } },
{ "type": "Feature", "properties": { "HydroID": 101914303, "AHGFFType": 1, "Name": " ", "Hierarchy": "Minor", "Perennial": "Non Perennial", "AusHydroID": 1431791, "AusHydroEr": 1, "SegmentNo": 407001, "DrainID": 100644940, "From_Node": 101624407, "To_Node": 101624336, "NextDownID": 101914235, "Enabled": 1, "FlowDir": 1, "SrcFCName": "DEMDerivedStreamsVector", "SrcFType": "Watercourse", "SrcType": 1, "SourceID": null, "FeatRel": "2019-08-21T00:00:00Z", "FSource": "GEOSCIENCE AUSTRALIA", "AttrRel": "2019-08-21T00:00:00Z", "AttrSource": "GEOSCIENCE AUSTRALIA", "PlanAcc": 15, "Symbol": null, "TextNote": null, "GeodesLen": 1112.8765327484537, "UpstrGeoLn": 1112.8765327484537, "UpstrDArea": 972500.50160882529, "ConCatID": 232627, "StrOutlet": 0, "Shape_Length": 0.010384659444189601 }, "bbox": [ 123.9658334, -18.1294443, 123.9744445, -18.1255554 ], "geometry": { "type": "LineString", "coordinates": [ [ 123.9744445, -18.1294443 ], [ 123.9744445, -18.1291665 ], [ 123.9741668, -18.1288887 ], [ 123.973889, -18.128611 ], [ 123.9736112, -18.1283332 ], [ 123.9733334, -18.1283332 ], [ 123.9730556, -18.1280554 ], [ 123.9727779, -18.1277776 ], [ 123.9725001, -18.1277776 ], [ 123.9722223, -18.1274998 ], [ 123.9719445, -18.1274998 ], [ 123.9716668, -18.1272221 ], [ 123.971389, -18.1272221 ], [ 123.9711112, -18.1272221 ], [ 123.9708334, -18.1272221 ], [ 123.9705556, -18.1269443 ], [ 123.9702779, -18.1269443 ], [ 123.9700001, -18.1266665 ], [ 123.9697223, -18.1266665 ], [ 123.9694445, -18.1263887 ], [ 123.9691668, -18.1263887 ], [ 123.968889, -18.126111 ], [ 123.9686112, -18.126111 ], [ 123.9683334, -18.126111 ], [ 123.9680556, -18.126111 ], [ 123.9677779, -18.1258332 ], [ 123.9675001, -18.1258332 ], [ 123.9672223, -18.1258332 ], [ 123.9669445, -18.1258332 ], [ 123.9666668, -18.1258332 ], [ 123.966389, -18.1258332 ], [ 123.9661112, -18.1255554 ], [ 123.9658334, -18.1255554 ] ] } },
{ "type": "Feature", "properties": { "HydroID": 101914316, "AHGFFType": 1, "Name": " ", "Hierarchy": "Minor", "Perennial": "Non Perennial", "AusHydroID": 10369327, "AusHydroEr": 1, "SegmentNo": 407094, "DrainID": 100644994, "From_Node": 101624423, "To_Node": 101624394, "NextDownID": 101914290, "Enabled": 1, "FlowDir": 1, "SrcFCName": "DEMDerivedStreamsVector", "SrcFType": "Watercourse", "SrcType": 1, "SourceID": null, "FeatRel": "2019-08-21T00:00:00Z", "FSource": "GEOSCIENCE AUSTRALIA", "AttrRel": "2019-08-21T00:00:00Z", "AttrSource": "GEOSCIENCE AUSTRALIA", "PlanAcc": 15, "Symbol": null, "TextNote": null, "GeodesLen": 2808.7875787735024, "UpstrGeoLn": 19486.585237858941, "UpstrDArea": 32158059.258215427, "ConCatID": 239786, "StrOutlet": 0, "Shape_Length": 0.025586861057547265 }, "bbox": [ 123.9722223, -18.0572221, 123.9741668, -18.0439496 ], "geometry": { "type": "LineString", "coordinates": [ [ 123.9736112, -18.0439496 ], [ 123.9736112, -18.0441665 ], [ 123.9736112, -18.0444443 ], [ 123.973889, -18.0447221 ], [ 123.973889, -18.0449998 ], [ 123.973889, -18.0452776 ], [ 123.973889, -18.0455554 ], [ 123.9741668, -18.0458332 ], [ 123.9741668, -18.046111 ], [ 123.9741668, -18.0463887 ], [ 123.9741668, -18.0466665 ], [ 123.9741668, -18.0469443 ], [ 123.9741668, -18.0472221 ], [ 123.9741668, -18.0474998 ], [ 123.9741668, -18.0477776 ], [ 123.9741668, -18.0480554 ], [ 123.9741668, -18.0483332 ], [ 123.9741668, -18.048611 ], [ 123.973889, -18.0488887 ], [ 123.973889, -18.0491665 ], [ 123.973889, -18.0494443 ], [ 123.9736112, -18.0497221 ], [ 123.9736112, -18.0499998 ], [ 123.9736112, -18.0502776 ], [ 123.9733334, -18.0505554 ], [ 123.9733334, -18.0508332 ], [ 123.9733334, -18.051111 ], [ 123.9733334, -18.0513887 ], [ 123.9733334, -18.0516665 ], [ 123.9733334, -18.0519443 ], [ 123.9733334, -18.0522221 ], [ 123.9733334, -18.0524998 ], [ 123.9733334, -18.0527776 ], [ 123.9733334, -18.0530554 ], [ 123.9733334, -18.0533332 ], [ 123.9730556, -18.053611 ], [ 123.9730556, -18.0538887 ], [ 123.9727779, -18.0541665 ], [ 123.9727779, -18.0544443 ], [ 123.9727779, -18.0547221 ], [ 123.9727779, -18.0549998 ], [ 123.9725001, -18.0552776 ], [ 123.9725001, -18.0555554 ], [ 123.9722223, -18.0558332 ], [ 123.9722223, -18.056111 ], [ 123.9722223, -18.0563887 ], [ 123.9725001, -18.0566665 ], [ 123.9727779, -18.0569443 ], [ 123.9730556, -18.0572221 ] ] } },
{ "type": "Feature", "properties": { "HydroID": 101914321, "AHGFFType": 1, "Name": " ", "Hierarchy": "Minor", "Perennial": "Non Perennial", "AusHydroID": 1434037, "AusHydroEr": 1, "SegmentNo": 406997, "DrainID": 100644937, "From_Node": 101624430, "To_Node": 101624332, "NextDownID": 101914230, "Enabled": 1, "FlowDir": 1, "SrcFCName": "DEMDerivedStreamsVector", "SrcFType": "Watercourse", "SrcType": 1, "SourceID": null, "FeatRel": "2019-08-21T00:00:00Z", "FSource": "GEOSCIENCE AUSTRALIA", "AttrRel": "2019-08-21T00:00:00Z", "AttrSource": "GEOSCIENCE AUSTRALIA", "PlanAcc": 15, "Symbol": null, "TextNote": null, "GeodesLen": 1716.2238190529467, "UpstrGeoLn": 56644828.594062977, "UpstrDArea": 53597640251.009232, "ConCatID": 239786, "StrOutlet": 0, "Shape_Length": 0.015979695643686738 }, "bbox": [ 123.9652779, -18.0905554, 123.9780556, -18.0874998 ], "geometry": { "type": "LineString", "coordinates": [ [ 123.9780556, -18.0894443 ], [ 123.9777779, -18.0891665 ], [ 123.9775001, -18.0891665 ], [ 123.9772223, -18.0888887 ], [ 123.9769445, -18.0888887 ], [ 123.9766668, -18.0891665 ], [ 123.976389, -18.0891665 ], [ 123.9761112, -18.0891665 ], [ 123.9758334, -18.0894443 ], [ 123.9758334, -18.0897221 ], [ 123.9755556, -18.0899998 ], [ 123.9752779, -18.0902776 ], [ 123.9750001, -18.0902776 ], [ 123.9747223, -18.0902776 ], [ 123.9744445, -18.0905554 ], [ 123.9741668, -18.0905554 ], [ 123.973889, -18.0905554 ], [ 123.9736112, -18.0902776 ], [ 123.9733334, -18.0902776 ], [ 123.9730556, -18.0899998 ], [ 123.9730556, -18.0897221 ], [ 123.9727779, -18.0894443 ], [ 123.9725001, -18.0894443 ], [ 123.9722223, -18.0891665 ], [ 123.9719445, -18.0891665 ], [ 123.9716668, -18.0891665 ], [ 123.971389, -18.0888887 ], [ 123.9711112, -18.0888887 ], [ 123.9708334, -18.088611 ], [ 123.9705556, -18.0883332 ], [ 123.9702779, -18.0883332 ], [ 123.9700001, -18.0880554 ], [ 123.9697223, -18.0880554 ], [ 123.9694445, -18.0877776 ], [ 123.9691668, -18.0877776 ], [ 123.968889, -18.0874998 ], [ 123.9686112, -18.0874998 ], [ 123.9683334, -18.0874998 ], [ 123.9680556, -18.0874998 ], [ 123.9677779, -18.0877776 ], [ 123.9675001, -18.0880554 ], [ 123.9672223, -18.0880554 ], [ 123.9669445, -18.0883332 ], [ 123.9666668, -18.0883332 ], [ 123.966389, -18.0883332 ], [ 123.9661112, -18.088611 ], [ 123.9658334, -18.0888887 ], [ 123.9655556, -18.0891665 ], [ 123.9652779, -18.0891665 ] ] } },
{ "type": "Feature", "properties": { "HydroID": 101914322, "AHGFFType": 1, "Name": " ", "Hierarchy": "Minor", "Perennial": "Non Perennial", "AusHydroID": 1434229, "AusHydroEr": 1, "SegmentNo": 407100, "DrainID": 100645000, "From_Node": 101624430, "To_Node": 101624388, "NextDownID": 101914285, "Enabled": 1, "FlowDir": 1, "SrcFCName": "DEMDerivedStreamsVector", "SrcFType": "Watercourse", "SrcType": 1, "SourceID": null, "FeatRel": "2019-08-21T00:00:00Z", "FSource": "GEOSCIENCE AUSTRALIA", "AttrRel": "2019-08-21T00:00:00Z", "AttrSource": "GEOSCIENCE AUSTRALIA", "PlanAcc": 15, "Symbol": null, "TextNote": null, "GeodesLen": 902.58548444217206, "UpstrGeoLn": 56644014.955728367, "UpstrDArea": 53597017394.31971, "ConCatID": 239786, "StrOutlet": 0, "Shape_Length": 0.0083728150278120066 }, "bbox": [ 123.9727779, -18.0894443, 123.9780556, -18.0852776 ], "geometry": { "type": "LineString", "coordinates": [ [ 123.9780556, -18.0894443 ], [ 123.9780556, -18.0891665 ], [ 123.9777779, -18.0888887 ], [ 123.9777779, -18.088611 ], [ 123.9775001, -18.0883332 ], [ 123.9772223, -18.0880554 ], [ 123.9772223, -18.0877776 ], [ 123.9772223, -18.0874998 ], [ 123.9775001, -18.0872221 ], [ 123.9775001, -18.0869443 ], [ 123.9772223, -18.0866665 ], [ 123.9769445, -18.0863887 ], [ 123.9766668, -18.086111 ], [ 123.976389, -18.086111 ], [ 123.9761112, -18.086111 ], [ 123.9758334, -18.086111 ], [ 123.9755556, -18.0858332 ], [ 123.9752779, -18.0858332 ], [ 123.9750001, -18.0855554 ], [ 123.9747223, -18.0855554 ], [ 123.9744445, -18.0855554 ], [ 123.9741668, -18.0852776 ], [ 123.973889, -18.0852776 ], [ 123.9736112, -18.0852776 ], [ 123.9733334, -18.0852776 ], [ 123.9730556, -18.0852776 ], [ 123.9727779, -18.0852776 ] ] } },
{ "type": "Feature", "properties": { "HydroID": 101914328, "AHGFFType": 1, "Name": " ", "Hierarchy": "Minor", "Perennial": "Non Perennial", "AusHydroID": 1435589, "AusHydroEr": 1, "SegmentNo": 407024, "DrainID": 100644956, "From_Node": 101624436, "To_Node": 101624356, "NextDownID": 101914254, "Enabled": 1, "FlowDir": 1, "SrcFCName": "DEMDerivedStreamsVector", "SrcFType": "Watercourse", "SrcType": 1, "SourceID": null, "FeatRel": "2019-08-21T00:00:00Z", "FSource": "GEOSCIENCE AUSTRALIA", "AttrRel": "2019-08-21T00:00:00Z", "AttrSource": "GEOSCIENCE AUSTRALIA", "PlanAcc": 15, "Symbol": null, "TextNote": null, "GeodesLen": 1758.2644417635534, "UpstrGeoLn": 56676891.643298574, "UpstrDArea": 53626281336.836624, "ConCatID": 239786, "StrOutlet": 0, "Shape_Length": 0.016305135642453603 }, "bbox": [ 123.9677779, -18.0691665, 123.9791668, -18.0613887 ], "geometry": { "type": "LineString", "coordinates": [ [ 123.9791668, -18.0691665 ], [ 123.978889, -18.0691665 ], [ 123.9786112, -18.0688887 ], [ 123.9783334, -18.0688887 ], [ 123.9780556, -18.0688887 ], [ 123.9777779, -18.0688887 ], [ 123.9775001, -18.0688887 ], [ 123.9772223, -18.0688887 ], [ 123.9769445, -18.0688887 ], [ 123.9766668, -18.0688887 ], [ 123.976389, -18.0688887 ], [ 123.9761112, -18.0688887 ], [ 123.9758334, -18.0688887 ], [ 123.9755556, -18.0688887 ], [ 123.9752779, -18.0688887 ], [ 123.9750001, -18.0688887 ], [ 123.9747223, -18.0691665 ], [ 123.9744445, -18.0691665 ], [ 123.9741668, -18.0691665 ], [ 123.973889, -18.0691665 ], [ 123.9736112, -18.0691665 ], [ 123.9733334, -18.0691665 ], [ 123.9730556, -18.0688887 ], [ 123.9727779, -18.068611 ], [ 123.9725001, -18.068611 ], [ 123.9722223, -18.0683332 ], [ 123.9719445, -18.0680554 ], [ 123.9716668, -18.0677776 ], [ 123.971389, -18.0674998 ], [ 123.9711112, -18.0672221 ], [ 123.9708334, -18.0669443 ], [ 123.9708334, -18.0666665 ], [ 123.9705556, -18.0663887 ], [ 123.9702779, -18.066111 ], [ 123.9700001, -18.0658332 ], [ 123.9697223, -18.0655554 ], [ 123.9697223, -18.0652776 ], [ 123.9697223, -18.0649998 ], [ 123.9697223, -18.0647221 ], [ 123.9694445, -18.0644443 ], [ 123.9694445, -18.0641665 ], [ 123.9691668, -18.0638887 ], [ 123.968889, -18.063611 ], [ 123.9686112, -18.0633332 ], [ 123.9683334, -18.0630554 ], [ 123.9680556, -18.0627776 ], [ 123.9680556, -18.0624998 ], [ 123.9677779, -18.0622221 ], [ 123.9677779, -18.0619443 ], [ 123.9677779, -18.0616665 ], [ 123.9677779, -18.0613887 ] ] } },
{ "type": "Feature", "properties": { "HydroID": 101914329, "AHGFFType": 1, "Name": "BLOODWOOD CREEK", "Hierarchy": "Minor", "Perennial": "Non Perennial", "AusHydroID": 1435617, "AusHydroEr": 1, "SegmentNo": 407050, "DrainID": 100644970, "From_Node": 101624436, "To_Node": 101624367, "NextDownID": 101914267, "Enabled": 1, "FlowDir": 1, "SrcFCName": "DEMDerivedStreamsVector", "SrcFType": "Watercourse", "SrcType": 1, "SourceID": null, "FeatRel": "2019-08-21T00:00:00Z", "FSource": "GEOSCIENCE AUSTRALIA", "AttrRel": "2019-08-21T00:00:00Z", "AttrSource": "GEOSCIENCE AUSTRALIA", "PlanAcc": 15, "Symbol": null, "TextNote": null, "GeodesLen": 1515.8808357844873, "UpstrGeoLn": 56676649.259692594, "UpstrDArea": 53626533597.592621, "ConCatID": 239786, "StrOutlet": 0, "Shape_Length": 0.014035253765251197 }, "bbox": [ 123.9694445, -18.0691665, 123.9791668, -18.061111 ], "geometry": { "type": "LineString", "coordinates": [ [ 123.9791668, -18.0691665 ], [ 123.978889, -18.0688887 ], [ 123.978889, -18.068611 ], [ 123.9786112, -18.0683332 ], [ 123.9783334, -18.0680554 ], [ 123.9780556, -18.0677776 ], [ 123.9780556, -18.0674998 ], [ 123.9780556, -18.0672221 ], [ 123.9780556, -18.0669443 ], [ 123.9780556, -18.0666665 ], [ 123.9780556, -18.0663887 ], [ 123.9777779, -18.066111 ], [ 123.9775001, -18.066111 ], [ 123.9772223, -18.0658332 ], [ 123.9769445, -18.0658332 ], [ 123.9766668, -18.0655554 ], [ 123.976389, -18.0652776 ], [ 123.9761112, -18.0649998 ], [ 123.9758334, -18.0649998 ], [ 123.9755556, -18.0649998 ], [ 123.9752779, -18.0649998 ], [ 123.9750001, -18.0649998 ], [ 123.9747223, -18.0647221 ], [ 123.9744445, -18.0644443 ], [ 123.9741668, -18.0641665 ], [ 123.973889, -18.0638887 ], [ 123.9736112, -18.063611 ], [ 123.9733334, -18.0633332 ], [ 123.9730556, -18.0633332 ], [ 123.9727779, -18.0630554 ], [ 123.9725001, -18.0630554 ], [ 123.9722223, -18.0627776 ], [ 123.9719445, -18.0624998 ], [ 123.9716668, -18.0622221 ], [ 123.971389, -18.0619443 ], [ 123.9711112, -18.0616665 ], [ 123.9708334, -18.0616665 ], [ 123.9705556, -18.0616665 ], [ 123.9702779, -18.0613887 ], [ 123.9700001, -18.0613887 ], [ 123.9697223, -18.0613887 ], [ 123.9694445, -18.061111 ] ] } },
{ "type": "Feature", "properties": { "HydroID": 101914342, "AHGFFType": 1, "Name": " ", "Hierarchy": "Minor", "Perennial": "Non Perennial", "AusHydroID": 1435978, "AusHydroEr": 1, "SegmentNo": 407107, "DrainID": 100645006, "From_Node": 101624447, "To_Node": 101624394, "NextDownID": 101914290, "Enabled": 1, "FlowDir": 1, "SrcFCName": "DEMDerivedStreamsVector", "SrcFType": "Watercourse", "SrcType": 1, "SourceID": null, "FeatRel": "2019-08-21T00:00:00Z", "FSource": "GEOSCIENCE AUSTRALIA", "AttrRel": "2019-08-21T00:00:00Z", "AttrSource": "GEOSCIENCE AUSTRALIA", "PlanAcc": 15, "Symbol": null, "TextNote": null, "GeodesLen": 929.87382767939175, "UpstrGeoLn": 4022.4075644140958, "UpstrDArea": 3394346.4395538033, "ConCatID": 239786, "StrOutlet": 0, "Shape_Length": 0.008698252905328472 }, "bbox": [ 123.9730556, -18.0572221, 123.9805556, -18.0555554 ], "geometry": { "type": "LineString", "coordinates": [ [ 123.9805556, -18.0558332 ], [ 123.9802779, -18.0558332 ], [ 123.9800001, -18.056111 ], [ 123.9797223, -18.056111 ], [ 123.9794445, -18.0558332 ], [ 123.9791668, -18.0558332 ], [ 123.978889, -18.0558332 ], [ 123.9786112, -18.0558332 ], [ 123.9783334, -18.0558332 ], [ 123.9780556, -18.0558332 ], [ 123.9777779, -18.0558332 ], [ 123.9775001, -18.0558332 ], [ 123.9772223, -18.0558332 ], [ 123.9769445, -18.0558332 ], [ 123.9766668, -18.0558332 ], [ 123.976389, -18.0555554 ], [ 123.9761112, -18.0555554 ], [ 123.9758334, -18.0558332 ], [ 123.9758334, -18.056111 ], [ 123.9755556, -18.0563887 ], [ 123.9752779, -18.0563887 ], [ 123.9750001, -18.0566665 ], [ 123.9747223, -18.0566665 ], [ 123.9744445, -18.0566665 ], [ 123.9741668, -18.0569443 ], [ 123.973889, -18.0569443 ], [ 123.9736112, -18.0569443 ], [ 123.9733334, -18.0569443 ], [ 123.9730556, -18.0572221 ] ] } },
{ "type": "Feature", "properties": { "HydroID": 101914354, "AHGFFType": 1, "Name": " ", "Hierarchy": "Minor", "Perennial": "Non Perennial", "AusHydroID": 1431694, "AusHydroEr": 1, "SegmentNo": 406980, "DrainID": 100644927, "From_Node": 101624465, "To_Node": 101624321, "NextDownID": 101914220, "Enabled": 1, "FlowDir": 1, "SrcFCName": "DEMDerivedStreamsVector", "SrcFType": "Watercourse", "SrcType": 1, "SourceID": null, "FeatRel": "2019-08-21T00:00:00Z", "FSource": "GEOSCIENCE AUSTRALIA", "AttrRel": "2019-08-21T00:00:00Z", "AttrSource": "GEOSCIENCE AUSTRALIA", "PlanAcc": 15, "Symbol": null, "TextNote": null, "GeodesLen": 2832.6433168426561, "UpstrGeoLn": 46547.269462843549, "UpstrDArea": 125913142.16675866, "ConCatID": 232627, "StrOutlet": 0, "Shape_Length": 0.026344617377610447 }, "bbox": [ 123.9633334, -18.138611, 123.9825001, -18.1277776 ], "geometry": { "type": "LineString", "coordinates": [ [ 123.9825001, -18.1383332 ], [ 123.9822223, -18.1383332 ], [ 123.9819445, -18.138611 ], [ 123.9816668, -18.138611 ], [ 123.981389, -18.138611 ], [ 123.9811112, -18.138611 ], [ 123.9808334, -18.138611 ], [ 123.9805556, -18.138611 ], [ 123.9802779, -18.138611 ], [ 123.9800001, -18.138611 ], [ 123.9797223, -18.138611 ], [ 123.9794445, -18.138611 ], [ 123.9791668, -18.138611 ], [ 123.978889, -18.138611 ], [ 123.9786112, -18.1383332 ], [ 123.9783334, -18.1383332 ], [ 123.9780556, -18.1383332 ], [ 123.9777779, -18.1380554 ], [ 123.9775001, -18.1380554 ], [ 123.9772223, -18.1377776 ], [ 123.9769445, -18.1377776 ], [ 123.9766668, -18.1377776 ], [ 123.976389, -18.1377776 ], [ 123.9761112, -18.1377776 ], [ 123.9758334, -18.1380554 ], [ 123.9755556, -18.1380554 ], [ 123.9752779, -18.1380554 ], [ 123.9750001, -18.1380554 ], [ 123.9747223, -18.1377776 ], [ 123.9744445, -18.1374998 ], [ 123.9741668, -18.1372221 ], [ 123.973889, -18.1372221 ], [ 123.9736112, -18.1369443 ], [ 123.9733334, -18.1369443 ], [ 123.9730556, -18.1366665 ], [ 123.9727779, -18.1366665 ], [ 123.9725001, -18.1366665 ], [ 123.9722223, -18.1366665 ], [ 123.9719445, -18.1363887 ], [ 123.9716668, -18.1363887 ], [ 123.971389, -18.1363887 ], [ 123.9711112, -18.1363887 ], [ 123.9708334, -18.1363887 ], [ 123.9705556, -18.136111 ], [ 123.9702779, -18.1358332 ], [ 123.9700001, -18.1355554 ], [ 123.9700001, -18.1352776 ], [ 123.9700001, -18.1349998 ], [ 123.9702779, -18.1347221 ], [ 123.9702779, -18.1344443 ], [ 123.9702779, -18.1341665 ], [ 123.9700001, -18.1338887 ], [ 123.9697223, -18.133611 ], [ 123.9694445, -18.133611 ], [ 123.9691668, -18.133611 ], [ 123.968889, -18.1333332 ], [ 123.9686112, -18.1333332 ], [ 123.9683334, -18.1333332 ], [ 123.9680556, -18.1330554 ], [ 123.9677779, -18.1330554 ], [ 123.9675001, -18.1327776 ], [ 123.9672223, -18.1324998 ], [ 123.9672223, -18.1322221 ], [ 123.9669445, -18.1319443 ], [ 123.9669445, -18.1316665 ], [ 123.9669445, -18.1313887 ], [ 123.9669445, -18.131111 ], [ 123.9669445, -18.1308332 ], [ 123.9666668, -18.1305554 ], [ 123.966389, -18.1302776 ], [ 123.9661112, -18.1302776 ], [ 123.9658334, -18.1299998 ], [ 123.9655556, -18.1299998 ], [ 123.9652779, -18.1299998 ], [ 123.9650001, -18.1297221 ], [ 123.9647223, -18.1297221 ], [ 123.9644445, -18.1294443 ], [ 123.9641668, -18.1291665 ], [ 123.9641668, -18.1288887 ], [ 123.963889, -18.128611 ], [ 123.963889, -18.1283332 ], [ 123.9636112, -18.1280554 ], [ 123.9633334, -18.1277776 ] ] } },
{ "type": "Feature", "properties": { "HydroID": 101914355, "AHGFFType": 1, "Name": " ", "Hierarchy": "Minor", "Perennial": "Non Perennial", "AusHydroID": 1431559, "AusHydroEr": 1, "SegmentNo": 407076, "DrainID": 100644986, "From_Node": 101624465, "To_Node": 101624382, "NextDownID": 101914276, "Enabled": 1, "FlowDir": 1, "SrcFCName": "DEMDerivedStreamsVector", "SrcFType": "Watercourse", "SrcType": 1, "SourceID": null, "FeatRel": "2019-08-21T00:00:00Z", "FSource": "GEOSCIENCE AUSTRALIA", "AttrRel": "2019-08-21T00:00:00Z", "AttrSource": "GEOSCIENCE AUSTRALIA", "PlanAcc": 15, "Symbol": null, "TextNote": null, "GeodesLen": 1549.5853224491843, "UpstrGeoLn": 45264.211468450078, "UpstrDArea": 125240740.21102753, "ConCatID": 232627, "StrOutlet": 0, "Shape_Length": 0.0143804313028181 }, "bbox": [ 123.9716668, -18.1383332, 123.9825001, -18.1305554 ], "geometry": { "type": "LineString", "coordinates": [ [ 123.9825001, -18.1383332 ], [ 123.9822223, -18.1380554 ], [ 123.9819445, -18.1377776 ], [ 123.9816668, -18.1377776 ], [ 123.981389, -18.1374998 ], [ 123.9811112, -18.1374998 ], [ 123.9808334, -18.1372221 ], [ 123.9805556, -18.1372221 ], [ 123.9802779, -18.1369443 ], [ 123.9800001, -18.1369443 ], [ 123.9797223, -18.1366665 ], [ 123.9794445, -18.1363887 ], [ 123.9791668, -18.136111 ], [ 123.978889, -18.1358332 ], [ 123.9786112, -18.1358332 ], [ 123.9783334, -18.1355554 ], [ 123.9780556, -18.1352776 ], [ 123.9777779, -18.1352776 ], [ 123.9775001, -18.1349998 ], [ 123.9772223, -18.1347221 ], [ 123.9769445, -18.1344443 ], [ 123.9769445, -18.1341665 ], [ 123.9766668, -18.1338887 ], [ 123.976389, -18.133611 ], [ 123.976389, -18.1333332 ], [ 123.9761112, -18.1330554 ], [ 123.9758334, -18.1327776 ], [ 123.9755556, -18.1324998 ], [ 123.9752779, -18.1322221 ], [ 123.9750001, -18.1322221 ], [ 123.9747223, -18.1319443 ], [ 123.9744445, -18.1319443 ], [ 123.9741668, -18.1319443 ], [ 123.973889, -18.1316665 ], [ 123.9736112, -18.1316665 ], [ 123.9733334, -18.1316665 ], [ 123.9730556, -18.1313887 ], [ 123.9727779, -18.1313887 ], [ 123.9725001, -18.131111 ], [ 123.9722223, -18.1308332 ], [ 123.9719445, -18.1308332 ], [ 123.9716668, -18.1305554 ] ] } },
{ "type": "Feature", "properties": { "HydroID": 101914362, "AHGFFType": 1, "Name": "SNAKE CREEK", "Hierarchy": "Major", "Perennial": "Non Perennial", "AusHydroID": 1435144, "AusHydroEr": 1, "SegmentNo": 406975, "DrainID": 100644923, "From_Node": 101624471, "To_Node": 101624318, "NextDownID": 101914219, "Enabled": 1, "FlowDir": 1, "SrcFCName": "DEMDerivedStreamsVector", "SrcFType": "Watercourse", "SrcType": 1, "SourceID": null, "FeatRel": "2019-08-21T00:00:00Z", "FSource": "GEOSCIENCE AUSTRALIA", "AttrRel": "2019-08-21T00:00:00Z", "AttrSource": "GEOSCIENCE AUSTRALIA", "PlanAcc": 15, "Symbol": 6, "TextNote": null, "GeodesLen": 2981.1137333337524, "UpstrGeoLn": 56639146.708676673, "UpstrDArea": 53594802208.231743, "ConCatID": 239786, "StrOutlet": 0, "Shape_Length": 0.027677670943884954 }, "bbox": [ 123.9630556, -18.0794443, 123.983889, -18.0691665 ], "geometry": { "type": "LineString", "coordinates": [ [ 123.983889, -18.0794443 ], [ 123.9836112, -18.0791665 ], [ 123.9833334, -18.0788887 ], [ 123.9830556, -18.078611 ], [ 123.9827779, -18.0783332 ], [ 123.9825001, -18.0780554 ], [ 123.9822223, -18.0777776 ], [ 123.9819445, -18.0774998 ], [ 123.9816668, -18.0772221 ], [ 123.981389, -18.0769443 ], [ 123.9811112, -18.0766665 ], [ 123.9808334, -18.0763887 ], [ 123.9805556, -18.0763887 ], [ 123.9802779, -18.076111 ], [ 123.9800001, -18.076111 ], [ 123.9797223, -18.0758332 ], [ 123.9794445, -18.0755554 ], [ 123.9794445, -18.0752776 ], [ 123.9791668, -18.0749998 ], [ 123.9791668, -18.0747221 ], [ 123.9791668, -18.0744443 ], [ 123.9791668, -18.0741665 ], [ 123.978889, -18.0738887 ], [ 123.9786112, -18.073611 ], [ 123.9783334, -18.0733332 ], [ 123.9783334, -18.0730554 ], [ 123.9780556, -18.0727776 ], [ 123.9777779, -18.0724998 ], [ 123.9777779, -18.0722221 ], [ 123.9775001, -18.0719443 ], [ 123.9772223, -18.0716665 ], [ 123.9769445, -18.0716665 ], [ 123.9766668, -18.0716665 ], [ 123.976389, -18.0716665 ], [ 123.9761112, -18.0713887 ], [ 123.9758334, -18.071111 ], [ 123.9755556, -18.071111 ], [ 123.9752779, -18.0708332 ], [ 123.9750001, -18.0705554 ], [ 123.9747223, -18.0702776 ], [ 123.9744445, -18.0702776 ], [ 123.9741668, -18.0702776 ], [ 123.973889, -18.0702776 ], [ 123.9736112, -18.0705554 ], [ 123.9733334, -18.0705554 ], [ 123.9730556, -18.0708332 ], [ 123.9727779, -18.0708332 ], [ 123.9725001, -18.071111 ], [ 123.9722223, -18.0713887 ], [ 123.9719445, -18.0713887 ], [ 123.9716668, -18.0716665 ], [ 123.971389, -18.0716665 ], [ 123.9711112, -18.0716665 ], [ 123.9708334, -18.0719443 ], [ 123.9705556, -18.0719443 ], [ 123.9702779, -18.0716665 ], [ 123.9700001, -18.0716665 ], [ 123.9697223, -18.0713887 ], [ 123.9694445, -18.0713887 ], [ 123.9691668, -18.071111 ], [ 123.968889, -18.0708332 ], [ 123.9686112, -18.0708332 ], [ 123.9683334, -18.0705554 ], [ 123.9680556, -18.0702776 ], [ 123.9677779, -18.0702776 ], [ 123.9675001, -18.0699998 ], [ 123.9672223, -18.0699998 ], [ 123.9669445, -18.0697221 ], [ 123.9666668, -18.0694443 ], [ 123.966389, -18.0694443 ], [ 123.9661112, -18.0694443 ], [ 123.9658334, -18.0691665 ], [ 123.9655556, -18.0691665 ], [ 123.9652779, -18.0691665 ], [ 123.9650001, -18.0694443 ], [ 123.9647223, -18.0694443 ], [ 123.9644445, -18.0694443 ], [ 123.9641668, -18.0694443 ], [ 123.963889, -18.0694443 ], [ 123.9636112, -18.0694443 ], [ 123.9633334, -18.0697221 ], [ 123.9630556, -18.0697221 ] ] } },
{ "type": "Feature", "properties": { "HydroID": 101914363, "AHGFFType": 1, "Name": " ", "Hierarchy": "Minor", "Perennial": "Non Perennial", "AusHydroID": 1742544, "AusHydroEr": 1, "SegmentNo": 407240, "DrainID": 100645074, "From_Node": 101624471, "To_Node": 101624475, "NextDownID": 101914365, "Enabled": 1, "FlowDir": 1, "SrcFCName": "DEMDerivedStreamsVector", "SrcFType": "Watercourse", "SrcType": 1, "SourceID": null, "FeatRel": "2019-08-21T00:00:00Z", "FSource": "GEOSCIENCE AUSTRALIA", "AttrRel": "2019-08-21T00:00:00Z", "AttrSource": "GEOSCIENCE AUSTRALIA", "PlanAcc": 15, "Symbol": null, "TextNote": null, "GeodesLen": 577.00275337692358, "UpstrGeoLn": 56636742.597696714, "UpstrDArea": 53593513896.356133, "ConCatID": 239786, "StrOutlet": 0, "Shape_Length": 0.0052301181227523766 }, "bbox": [ 123.983889, -18.0794443, 123.9844445, -18.0744443 ], "geometry": { "type": "LineString", "coordinates": [ [ 123.983889, -18.0794443 ], [ 123.983889, -18.0791665 ], [ 123.983889, -18.0788887 ], [ 123.9841668, -18.078611 ], [ 123.9841668, -18.0783332 ], [ 123.9841668, -18.0780554 ], [ 123.9841668, -18.0777776 ], [ 123.9841668, -18.0774998 ], [ 123.9841668, -18.0772221 ], [ 123.9841668, -18.0769443 ], [ 123.9841668, -18.0766665 ], [ 123.9841668, -18.0763887 ], [ 123.9841668, -18.076111 ], [ 123.9841668, -18.0758332 ], [ 123.9844445, -18.0755554 ], [ 123.9844445, -18.0752776 ], [ 123.9844445, -18.0749998 ], [ 123.9844445, -18.0747221 ], [ 123.9844445, -18.0744443 ] ] } },
{ "type": "Feature", "properties": { "HydroID": 101914365, "AHGFFType": 1, "Name": "BLOODWOOD CREEK", "Hierarchy": "Minor", "Perennial": "Non Perennial", "AusHydroID": 1742545, "AusHydroEr": 1, "SegmentNo": 407172, "DrainID": 100645036, "From_Node": 101624475, "To_Node": 101624436, "NextDownID": 101914328, "Enabled": 1, "FlowDir": 1, "SrcFCName": "DEMDerivedStreamsVector", "SrcFType": "Watercourse", "SrcType": 1, "SourceID": null, "FeatRel": "2019-08-21T00:00:00Z", "FSource": "GEOSCIENCE AUSTRALIA", "AttrRel": "2019-08-21T00:00:00Z", "AttrSource": "GEOSCIENCE AUSTRALIA", "PlanAcc": 15, "Symbol": null, "TextNote": null, "GeodesLen": 896.36738030890376, "UpstrGeoLn": 56675133.378856808, "UpstrDArea": 53625605967.059402, "ConCatID": 239786, "StrOutlet": 0, "Shape_Length": 0.0082774965664232404 }, "bbox": [ 123.9791668, -18.0744443, 123.9844445, -18.0691665 ], "geometry": { "type": "LineString", "coordinates": [ [ 123.9844445, -18.0744443 ], [ 123.9841668, -18.0741665 ], [ 123.9841668, -18.0738887 ], [ 123.983889, -18.073611 ], [ 123.983889, -18.0733332 ], [ 123.9836112, -18.0730554 ], [ 123.9836112, -18.0727776 ], [ 123.9836112, -18.0724998 ], [ 123.9833334, -18.0722221 ], [ 123.9830556, -18.0719443 ], [ 123.9830556, -18.0716665 ], [ 123.9827779, -18.0713887 ], [ 123.9825001, -18.0713887 ], [ 123.9822223, -18.071111 ], [ 123.9819445, -18.0708332 ], [ 123.9816668, -18.0708332 ], [ 123.981389, -18.0705554 ], [ 123.9811112, -18.0705554 ], [ 123.9808334, -18.0702776 ], [ 123.9805556, -18.0699998 ], [ 123.9802779, -18.0697221 ], [ 123.9800001, -18.0694443 ], [ 123.9797223, -18.0694443 ], [ 123.9794445, -18.0691665 ], [ 123.9791668, -18.0691665 ] ] } },
{ "type": "Feature", "properties": { "HydroID": 101914368, "AHGFFType": 1, "Name": " ", "Hierarchy": "Minor", "Perennial": "Non Perennial", "AusHydroID": 1433963, "AusHydroEr": 1, "SegmentNo": 407160, "DrainID": 100645032, "From_Node": 101624476, "To_Node": 101624430, "NextDownID": 101914321, "Enabled": 1, "FlowDir": 1, "SrcFCName": "DEMDerivedStreamsVector", "SrcFType": "Watercourse", "SrcType": 1, "SourceID": null, "FeatRel": "2019-08-21T00:00:00Z", "FSource": "GEOSCIENCE AUSTRALIA", "AttrRel": "2019-08-21T00:00:00Z", "AttrSource": "GEOSCIENCE AUSTRALIA", "PlanAcc": 15, "Symbol": null, "TextNote": null, "GeodesLen": 850.19800544550117, "UpstrGeoLn": 56643112.370243922, "UpstrDArea": 53596827552.304718, "ConCatID": 239786, "StrOutlet": 0, "Shape_Length": 0.0079323200287210512 }, "bbox": [ 123.9780556, -18.0908332, 123.9847223, -18.0891665 ], "geometry": { "type": "LineString", "coordinates": [ [ 123.9847223, -18.0891665 ], [ 123.9844445, -18.0891665 ], [ 123.9841668, -18.0894443 ], [ 123.983889, -18.0894443 ], [ 123.9836112, -18.0894443 ], [ 123.9833334, -18.0894443 ], [ 123.9830556, -18.0894443 ], [ 123.9827779, -18.0894443 ], [ 123.9825001, -18.0894443 ], [ 123.9822223, -18.0897221 ], [ 123.9819445, -18.0897221 ], [ 123.9816668, -18.0899998 ], [ 123.981389, -18.0899998 ], [ 123.9811112, -18.0902776 ], [ 123.9808334, -18.0902776 ], [ 123.9805556, -18.0905554 ], [ 123.9802779, -18.0905554 ], [ 123.9800001, -18.0908332 ], [ 123.9797223, -18.0908332 ], [ 123.9794445, -18.0908332 ], [ 123.9791668, -18.0905554 ], [ 123.978889, -18.0902776 ], [ 123.9786112, -18.0899998 ], [ 123.9783334, -18.0897221 ], [ 123.9780556, -18.0894443 ] ] } },
{ "type": "Feature", "properties": { "HydroID": 101914369, "AHGFFType": 1, "Name": " ", "Hierarchy": "Minor", "Perennial": "Non Perennial", "AusHydroID": 1434341, "AusHydroEr": 1, "SegmentNo": 407099, "DrainID": 100644999, "From_Node": 101624476, "To_Node": 101624388, "NextDownID": 101914285, "Enabled": 1, "FlowDir": 1, "SrcFCName": "DEMDerivedStreamsVector", "SrcFType": "Watercourse", "SrcType": 1, "SourceID": null, "FeatRel": "2019-08-21T00:00:00Z", "FSource": "GEOSCIENCE AUSTRALIA", "AttrRel": "2019-08-21T00:00:00Z", "AttrSource": "GEOSCIENCE AUSTRALIA", "PlanAcc": 15, "Symbol": null, "TextNote": null, "GeodesLen": 1939.9521842011297, "UpstrGeoLn": 56644202.124422677, "UpstrDArea": 53597222641.112495, "ConCatID": 239786, "StrOutlet": 0, "Shape_Length": 0.017971801106906191 }, "bbox": [ 123.9727779, -18.0891665, 123.9847223, -18.0824998 ], "geometry": { "type": "LineString", "coordinates": [ [ 123.9847223, -18.0891665 ], [ 123.9844445, -18.0888887 ], [ 123.9844445, -18.088611 ], [ 123.9841668, -18.0883332 ], [ 123.9841668, -18.0880554 ], [ 123.983889, -18.0877776 ], [ 123.9836112, -18.0877776 ], [ 123.9833334, -18.0877776 ], [ 123.9830556, -18.0877776 ], [ 123.9827779, -18.0874998 ], [ 123.9827779, -18.0872221 ], [ 123.9825001, -18.0869443 ], [ 123.9825001, -18.0866665 ], [ 123.9822223, -18.0863887 ], [ 123.9819445, -18.086111 ], [ 123.9816668, -18.0858332 ], [ 123.981389, -18.0858332 ], [ 123.9811112, -18.0855554 ], [ 123.9808334, -18.0855554 ], [ 123.9805556, -18.0855554 ], [ 123.9802779, -18.0852776 ], [ 123.9800001, -18.0852776 ], [ 123.9797223, -18.0852776 ], [ 123.9794445, -18.0852776 ], [ 123.9791668, -18.0852776 ], [ 123.978889, -18.0852776 ], [ 123.9786112, -18.0852776 ], [ 123.9783334, -18.0852776 ], [ 123.9780556, -18.0852776 ], [ 123.9777779, -18.0852776 ], [ 123.9775001, -18.0852776 ], [ 123.9772223, -18.0852776 ], [ 123.9769445, -18.0849998 ], [ 123.9766668, -18.0849998 ], [ 123.976389, -18.0847221 ], [ 123.9761112, -18.0847221 ], [ 123.9758334, -18.0844443 ], [ 123.9755556, -18.0841665 ], [ 123.9755556, -18.0838887 ], [ 123.9755556, -18.083611 ], [ 123.9755556, -18.0833332 ], [ 123.9755556, -18.0830554 ], [ 123.9752779, -18.0827776 ], [ 123.9750001, -18.0824998 ], [ 123.9747223, -18.0824998 ], [ 123.9744445, -18.0824998 ], [ 123.9741668, -18.0824998 ], [ 123.973889, -18.0827776 ], [ 123.973889, -18.0830554 ], [ 123.9736112, -18.0833332 ], [ 123.9736112, -18.083611 ], [ 123.9736112, -18.0838887 ], [ 123.9736112, -18.0841665 ], [ 123.9736112, -18.0844443 ], [ 123.9733334, -18.0847221 ], [ 123.9730556, -18.0849998 ], [ 123.9727779, -18.0852776 ] ] } },
{ "type": "Feature", "properties": { "HydroID": 101914374, "AHGFFType": 1, "Name": " ", "Hierarchy": "Minor", "Perennial": "Non Perennial", "AusHydroID": 1431560, "AusHydroEr": 1, "SegmentNo": 407075, "DrainID": 100644985, "From_Node": 101624482, "To_Node": 101624382, "NextDownID": 101914276, "Enabled": 1, "FlowDir": 1, "SrcFCName": "DEMDerivedStreamsVector", "SrcFType": "Watercourse", "SrcType": 1, "SourceID": null, "FeatRel": "2019-08-21T00:00:00Z", "FSource": "GEOSCIENCE AUSTRALIA", "AttrRel": "2019-08-21T00:00:00Z", "AttrSource": "GEOSCIENCE AUSTRALIA", "PlanAcc": 15, "Symbol": null, "TextNote": null, "GeodesLen": 1843.5503503872021, "UpstrGeoLn": 56150774.153918393, "UpstrDArea": 53308130851.043556, "ConCatID": 232627, "StrOutlet": 0, "Shape_Length": 0.017158209303014284 }, "bbox": [ 123.9716668, -18.1383332, 123.9852779, -18.1305554 ], "geometry": { "type": "LineString", "coordinates": [ [ 123.9852779, -18.1383332 ], [ 123.9850001, -18.1380554 ], [ 123.9847223, -18.1377776 ], [ 123.9844445, -18.1374998 ], [ 123.9841668, -18.1372221 ], [ 123.983889, -18.1369443 ], [ 123.9836112, -18.1366665 ], [ 123.9833334, -18.1363887 ], [ 123.9833334, -18.136111 ], [ 123.9830556, -18.1358332 ], [ 123.9830556, -18.1355554 ], [ 123.9827779, -18.1352776 ], [ 123.9825001, -18.1352776 ], [ 123.9822223, -18.1349998 ], [ 123.9819445, -18.1347221 ], [ 123.9816668, -18.1344443 ], [ 123.981389, -18.1341665 ], [ 123.9811112, -18.1338887 ], [ 123.9808334, -18.1338887 ], [ 123.9805556, -18.133611 ], [ 123.9802779, -18.133611 ], [ 123.9800001, -18.1333332 ], [ 123.9797223, -18.1333332 ], [ 123.9794445, -18.1333332 ], [ 123.9791668, -18.1333332 ], [ 123.978889, -18.1330554 ], [ 123.9786112, -18.1330554 ], [ 123.9783334, -18.1330554 ], [ 123.9780556, -18.1330554 ], [ 123.9777779, -18.1327776 ], [ 123.9775001, -18.1327776 ], [ 123.9772223, -18.1324998 ], [ 123.9769445, -18.1324998 ], [ 123.9766668, -18.1322221 ], [ 123.976389, -18.1322221 ], [ 123.9761112, -18.1319443 ], [ 123.9758334, -18.1319443 ], [ 123.9755556, -18.1316665 ], [ 123.9752779, -18.1313887 ], [ 123.9750001, -18.1313887 ], [ 123.9747223, -18.131111 ], [ 123.9744445, -18.131111 ], [ 123.9741668, -18.131111 ], [ 123.973889, -18.1308332 ], [ 123.9736112, -18.1308332 ], [ 123.9733334, -18.1308332 ], [ 123.9730556, -18.1308332 ], [ 123.9727779, -18.1308332 ], [ 123.9725001, -18.1308332 ], [ 123.9722223, -18.1305554 ], [ 123.9719445, -18.1305554 ], [ 123.9716668, -18.1305554 ] ] } },
{ "type": "Feature", "properties": { "HydroID": 101914379, "AHGFFType": 1, "Name": " ", "Hierarchy": "Minor", "Perennial": "Non Perennial", "AusHydroID": 1431160, "AusHydroEr": 1, "SegmentNo": 407220, "DrainID": 100645068, "From_Node": 101624484, "To_Node": 101624465, "NextDownID": 101914354, "Enabled": 1, "FlowDir": 1, "SrcFCName": "DEMDerivedStreamsVector", "SrcFType": "Watercourse", "SrcType": 1, "SourceID": null, "FeatRel": "2019-08-21T00:00:00Z", "FSource": "GEOSCIENCE AUSTRALIA", "AttrRel": "2019-08-21T00:00:00Z", "AttrSource": "GEOSCIENCE AUSTRALIA", "PlanAcc": 15, "Symbol": null, "TextNote": null, "GeodesLen": 349.62712420227132, "UpstrGeoLn": 43714.62614600089, "UpstrDArea": 124908153.29369257, "ConCatID": 232627, "StrOutlet": 0, "Shape_Length": 0.0032856738299155306 }, "bbox": [ 123.9825001, -18.1388887, 123.9855556, -18.1383332 ], "geometry": { "type": "LineString", "coordinates": [ [ 123.9855556, -18.1388887 ], [ 123.9852779, -18.1388887 ], [ 123.9850001, -18.138611 ], [ 123.9847223, -18.138611 ], [ 123.9844445, -18.138611 ], [ 123.9841668, -18.138611 ], [ 123.983889, -18.138611 ], [ 123.9836112, -18.1383332 ], [ 123.9833334, -18.1383332 ], [ 123.9830556, -18.1383332 ], [ 123.9827779, -18.1383332 ], [ 123.9825001, -18.1383332 ] ] } },
{ "type": "Feature", "properties": { "HydroID": 101914380, "AHGFFType": 1, "Name": " ", "Hierarchy": "Minor", "Perennial": "Non Perennial", "AusHydroID": 1431153, "AusHydroEr": 1, "SegmentNo": 407249, "DrainID": 100645082, "From_Node": 101624484, "To_Node": 101624482, "NextDownID": 101914374, "Enabled": 1, "FlowDir": 1, "SrcFCName": "DEMDerivedStreamsVector", "SrcFType": "Watercourse", "SrcType": 1, "SourceID": null, "FeatRel": "2019-08-21T00:00:00Z", "FSource": "GEOSCIENCE AUSTRALIA", "AttrRel": "2019-08-21T00:00:00Z", "AttrSource": "GEOSCIENCE AUSTRALIA", "PlanAcc": 15, "Symbol": null, "TextNote": null, "GeodesLen": 73.281059072943151, "UpstrGeoLn": 43438.280080871562, "UpstrDArea": 124835853.65006347, "ConCatID": 232627, "StrOutlet": 0, "Shape_Length": 0.00067061470786411751 }, "bbox": [ 123.9852779, -18.1388887, 123.9855556, -18.1383332 ], "geometry": { "type": "LineString", "coordinates": [ [ 123.9855556, -18.1388887 ], [ 123.9852779, -18.138611 ], [ 123.9852779, -18.1383332 ] ] } },
{ "type": "Feature", "properties": { "HydroID": 101914383, "AHGFFType": 1, "Name": " ", "Hierarchy": "Minor", "Perennial": "Non Perennial", "AusHydroID": 1433224, "AusHydroEr": 1, "SegmentNo": 407116, "DrainID": 100645011, "From_Node": 101624493, "To_Node": 101624402, "NextDownID": 101914298, "Enabled": 1, "FlowDir": 1, "SrcFCName": "DEMDerivedStreamsVector", "SrcFType": "Watercourse", "SrcType": 1, "SourceID": null, "FeatRel": "2019-08-21T00:00:00Z", "FSource": "GEOSCIENCE AUSTRALIA", "AttrRel": "2019-08-21T00:00:00Z", "AttrSource": "GEOSCIENCE AUSTRALIA", "PlanAcc": 15, "Symbol": null, "TextNote": null, "GeodesLen": 1726.4231216576932, "UpstrGeoLn": 56646968.940044977, "UpstrDArea": 53597399815.131798, "ConCatID": 239786, "StrOutlet": 0, "Shape_Length": 0.016075016640883788 }, "bbox": [ 123.973889, -18.1027776, 123.986389, -18.0997221 ], "geometry": { "type": "LineString", "coordinates": [ [ 123.986389, -18.1022221 ], [ 123.9861112, -18.1024998 ], [ 123.9858334, -18.1027776 ], [ 123.9855556, -18.1027776 ], [ 123.9852779, -18.1027776 ], [ 123.9850001, -18.1027776 ], [ 123.9847223, -18.1027776 ], [ 123.9844445, -18.1027776 ], [ 123.9841668, -18.1027776 ], [ 123.983889, -18.1024998 ], [ 123.9836112, -18.1022221 ], [ 123.9833334, -18.1022221 ], [ 123.9830556, -18.1019443 ], [ 123.9827779, -18.1019443 ], [ 123.9825001, -18.1016665 ], [ 123.9822223, -18.1016665 ], [ 123.9819445, -18.1013887 ], [ 123.9816668, -18.1013887 ], [ 123.981389, -18.101111 ], [ 123.9811112, -18.101111 ], [ 123.9808334, -18.1008332 ], [ 123.9805556, -18.1008332 ], [ 123.9802779, -18.1005554 ], [ 123.9800001, -18.1005554 ], [ 123.9797223, -18.1005554 ], [ 123.9794445, -18.1002776 ], [ 123.9791668, -18.1002776 ], [ 123.978889, -18.1 ], [ 123.9786112, -18.1 ], [ 123.9783334, -18.1 ], [ 123.9780556, -18.0997221 ], [ 123.9777779, -18.0997221 ], [ 123.9775001, -18.0997221 ], [ 123.9772223, -18.0997221 ], [ 123.9769445, -18.0997221 ], [ 123.9766668, -18.0997221 ], [ 123.976389, -18.1 ], [ 123.9761112, -18.1 ], [ 123.9758334, -18.1 ], [ 123.9755556, -18.1 ], [ 123.9752779, -18.1 ], [ 123.9750001, -18.1002776 ], [ 123.9747223, -18.1005554 ], [ 123.9744445, -18.1008332 ], [ 123.9744445, -18.101111 ], [ 123.9744445, -18.1013887 ], [ 123.9744445, -18.1016665 ], [ 123.9744445, -18.1019443 ], [ 123.9744445, -18.1022221 ], [ 123.9741668, -18.1024998 ], [ 123.973889, -18.1027776 ] ] } },
{ "type": "Feature", "properties": { "HydroID": 101914384, "AHGFFType": 1, "Name": " ", "Hierarchy": "Minor", "Perennial": "Non Perennial", "AusHydroID": 1433381, "AusHydroEr": 1, "SegmentNo": 407111, "DrainID": 100645008, "From_Node": 101624493, "To_Node": 101624403, "NextDownID": 101914296, "Enabled": 1, "FlowDir": 1, "SrcFCName": "DEMDerivedStreamsVector", "SrcFType": "Watercourse", "SrcType": 1, "SourceID": null, "FeatRel": "2019-08-21T00:00:00Z", "FSource": "GEOSCIENCE AUSTRALIA", "AttrRel": "2019-08-21T00:00:00Z", "AttrSource": "GEOSCIENCE AUSTRALIA", "PlanAcc": 15, "Symbol": null, "TextNote": null, "GeodesLen": 1533.2892960235624, "UpstrGeoLn": 56646775.806219339, "UpstrDArea": 53597464000.941414, "ConCatID": 239786, "StrOutlet": 0, "Shape_Length": 0.014340949274766495 }, "bbox": [ 123.973889, -18.1022221, 123.986389, -18.0977776 ], "geometry": { "type": "LineString", "coordinates": [ [ 123.986389, -18.1022221 ], [ 123.9861112, -18.1022221 ], [ 123.9858334, -18.1019443 ], [ 123.9855556, -18.1019443 ], [ 123.9852779, -18.1016665 ], [ 123.9850001, -18.1016665 ], [ 123.9847223, -18.1013887 ], [ 123.9844445, -18.1013887 ], [ 123.9841668, -18.1013887 ], [ 123.983889, -18.101111 ], [ 123.9836112, -18.101111 ], [ 123.9833334, -18.101111 ], [ 123.9830556, -18.101111 ], [ 123.9827779, -18.101111 ], [ 123.9825001, -18.1008332 ], [ 123.9822223, -18.1008332 ], [ 123.9819445, -18.1005554 ], [ 123.9816668, -18.1005554 ], [ 123.981389, -18.1002776 ], [ 123.9811112, -18.1002776 ], [ 123.9808334, -18.1 ], [ 123.9805556, -18.1 ], [ 123.9802779, -18.0997221 ], [ 123.9800001, -18.0994443 ], [ 123.9797223, -18.0994443 ], [ 123.9794445, -18.0994443 ], [ 123.9791668, -18.0991665 ], [ 123.978889, -18.0991665 ], [ 123.9786112, -18.0991665 ], [ 123.9783334, -18.0991665 ], [ 123.9780556, -18.0991665 ], [ 123.9777779, -18.0988887 ], [ 123.9775001, -18.0988887 ], [ 123.9772223, -18.098611 ], [ 123.9769445, -18.098611 ], [ 123.9766668, -18.098611 ], [ 123.976389, -18.098611 ], [ 123.9761112, -18.098611 ], [ 123.9758334, -18.098611 ], [ 123.9755556, -18.098611 ], [ 123.9752779, -18.098611 ], [ 123.9750001, -18.098611 ], [ 123.9747223, -18.0983332 ], [ 123.9744445, -18.0983332 ], [ 123.9741668, -18.0980554 ], [ 123.973889, -18.0977776 ] ] } },
{ "type": "Feature", "properties": { "HydroID": 101914388, "AHGFFType": 1, "Name": "BLOODWOOD CREEK", "Hierarchy": "Minor", "Perennial": "Non Perennial", "AusHydroID": 1742542, "AusHydroEr": 1, "SegmentNo": 407246, "DrainID": 100645079, "From_Node": 101624495, "To_Node": 101624475, "NextDownID": 101914365, "Enabled": 1, "FlowDir": 1, "SrcFCName": "DEMDerivedStreamsVector", "SrcFType": "Watercourse", "SrcType": 1, "SourceID": null, "FeatRel": "2019-08-21T00:00:00Z", "FSource": "GEOSCIENCE AUSTRALIA", "AttrRel": "2019-08-21T00:00:00Z", "AttrSource": "GEOSCIENCE AUSTRALIA", "PlanAcc": 15, "Symbol": null, "TextNote": null, "GeodesLen": 836.91129696547137, "UpstrGeoLn": 56672954.75372801, "UpstrDArea": 53623893641.006012, "ConCatID": 239786, "StrOutlet": 0, "Shape_Length": 0.0076545403214650322 }, "bbox": [ 123.9844445, -18.0808332, 123.9869445, -18.0744443 ], "geometry": { "type": "LineString", "coordinates": [ [ 123.9869445, -18.0808332 ], [ 123.9866668, -18.0805554 ], [ 123.9866668, -18.0802776 ], [ 123.9866668, -18.0799998 ], [ 123.9866668, -18.0797221 ], [ 123.9866668, -18.0794443 ], [ 123.9869445, -18.0791665 ], [ 123.9869445, -18.0788887 ], [ 123.9869445, -18.078611 ], [ 123.9869445, -18.0783332 ], [ 123.9866668, -18.0780554 ], [ 123.9866668, -18.0777776 ], [ 123.986389, -18.0774998 ], [ 123.986389, -18.0772221 ], [ 123.986389, -18.0769443 ], [ 123.9861112, -18.0766665 ], [ 123.9861112, -18.0763887 ], [ 123.9858334, -18.076111 ], [ 123.9855556, -18.0758332 ], [ 123.9852779, -18.0755554 ], [ 123.9850001, -18.0752776 ], [ 123.9850001, -18.0749998 ], [ 123.9847223, -18.0747221 ], [ 123.9844445, -18.0744443 ] ] } },
{ "type": "Feature", "properties": { "HydroID": 101914389, "AHGFFType": 1, "Name": "SNAKE CREEK", "Hierarchy": "Major", "Perennial": "Non Perennial", "AusHydroID": 1434567, "AusHydroEr": 1, "SegmentNo": 407234, "DrainID": 100645071, "From_Node": 101624494, "To_Node": 101624471, "NextDownID": 101914363, "Enabled": 1, "FlowDir": 1, "SrcFCName": "DEMDerivedStreamsVector", "SrcFType": "Watercourse", "SrcType": 1, "SourceID": null, "FeatRel": "2019-08-21T00:00:00Z", "FSource": "GEOSCIENCE AUSTRALIA", "AttrRel": "2019-08-21T00:00:00Z", "AttrSource": "GEOSCIENCE AUSTRALIA", "PlanAcc": 15, "Symbol": 6, "TextNote": null, "GeodesLen": 705.25499511616374, "UpstrGeoLn": 56636165.594943337, "UpstrDArea": 53593410833.641541, "ConCatID": 239786, "StrOutlet": 0, "Shape_Length": 0.0064760294909505254 }, "bbox": [ 123.983889, -18.0841665, 123.9869445, -18.0794443 ], "geometry": { "type": "LineString", "coordinates": [ [ 123.9869445, -18.0841665 ], [ 123.9866668, -18.0841665 ], [ 123.986389, -18.0841665 ], [ 123.9861112, -18.0841665 ], [ 123.9858334, -18.0838887 ], [ 123.9855556, -18.083611 ], [ 123.9855556, -18.0833332 ], [ 123.9855556, -18.0830554 ], [ 123.9852779, -18.0827776 ], [ 123.9850001, -18.0824998 ], [ 123.9847223, -18.0822221 ], [ 123.9844445, -18.0819443 ], [ 123.9841668, -18.0816665 ], [ 123.9841668, -18.0813887 ], [ 123.9841668, -18.081111 ], [ 123.9841668, -18.0808332 ], [ 123.9841668, -18.0805554 ], [ 123.9841668, -18.0802776 ], [ 123.9841668, -18.0799998 ], [ 123.9841668, -18.0797221 ], [ 123.983889, -18.0794443 ] ] } },
{ "type": "Feature", "properties": { "HydroID": 101914390, "AHGFFType": 1, "Name": " ", "Hierarchy": "Minor", "Perennial": "Non Perennial", "AusHydroID": 1434468, "AusHydroEr": 1, "SegmentNo": 407262, "DrainID": 100645089, "From_Node": 101624494, "To_Node": 101624495, "NextDownID": 101914388, "Enabled": 1, "FlowDir": 1, "SrcFCName": "DEMDerivedStreamsVector", "SrcFType": "Watercourse", "SrcType": 1, "SourceID": null, "FeatRel": "2019-08-21T00:00:00Z", "FSource": "GEOSCIENCE AUSTRALIA", "AttrRel": "2019-08-21T00:00:00Z", "AttrSource": "GEOSCIENCE AUSTRALIA", "PlanAcc": 15, "Symbol": null, "TextNote": null, "GeodesLen": 416.12841893618901, "UpstrGeoLn": 56635876.468367159, "UpstrDArea": 53593193865.878098, "ConCatID": 239786, "StrOutlet": 0, "Shape_Length": 0.0037935709526024331 }, "bbox": [ 123.9869445, -18.0841665, 123.9875001, -18.0808332 ], "geometry": { "type": "LineString", "coordinates": [ [ 123.9869445, -18.0841665 ], [ 123.9869445, -18.0838887 ], [ 123.9869445, -18.083611 ], [ 123.9869445, -18.0833332 ], [ 123.9872223, -18.0830554 ], [ 123.9872223, -18.0827776 ], [ 123.9875001, -18.0824998 ], [ 123.9875001, -18.0822221 ], [ 123.9875001, -18.0819443 ], [ 123.9872223, -18.0816665 ], [ 123.9872223, -18.0813887 ], [ 123.9869445, -18.081111 ], [ 123.9869445, -18.0808332 ] ] } },
{ "type": "Feature", "properties": { "HydroID": 101914393, "AHGFFType": 1, "Name": " ", "Hierarchy": "Minor", "Perennial": "Non Perennial", "AusHydroID": 1433116, "AusHydroEr": 1, "SegmentNo": 407030, "DrainID": 100644961, "From_Node": 101624499, "To_Node": 101624355, "NextDownID": 101914255, "Enabled": 1, "FlowDir": 1, "SrcFCName": "DEMDerivedStreamsVector", "SrcFType": "Watercourse", "SrcType": 1, "SourceID": null, "FeatRel": "2019-08-21T00:00:00Z", "FSource": "GEOSCIENCE AUSTRALIA", "AttrRel": "2019-08-21T00:00:00Z", "AttrSource": "GEOSCIENCE AUSTRALIA", "PlanAcc": 15, "Symbol": null, "TextNote": null, "GeodesLen": 3444.1152482420239, "UpstrGeoLn": 56857666.346393108, "UpstrDArea": 54161825033.583321, "ConCatID": 239786, "StrOutlet": 0, "Shape_Length": 0.031939653698528137 }, "bbox": [ 123.9677779, -18.1174998, 123.988889, -18.101111 ], "geometry": { "type": "LineString", "coordinates": [ [ 123.9877779, -18.1174998 ], [ 123.9880556, -18.1172221 ], [ 123.9883334, -18.1172221 ], [ 123.9886112, -18.1172221 ], [ 123.988889, -18.1169443 ], [ 123.988889, -18.1166665 ], [ 123.988889, -18.1163887 ], [ 123.988889, -18.116111 ], [ 123.9886112, -18.1158332 ], [ 123.9886112, -18.1155554 ], [ 123.9886112, -18.1152776 ], [ 123.9883334, -18.1149998 ], [ 123.9880556, -18.1147221 ], [ 123.9877779, -18.1147221 ], [ 123.9875001, -18.1147221 ], [ 123.9872223, -18.1147221 ], [ 123.9869445, -18.1147221 ], [ 123.9866668, -18.1147221 ], [ 123.986389, -18.1147221 ], [ 123.9861112, -18.1144443 ], [ 123.9858334, -18.1141665 ], [ 123.9855556, -18.1138887 ], [ 123.9852779, -18.113611 ], [ 123.9850001, -18.113611 ], [ 123.9847223, -18.113611 ], [ 123.9844445, -18.113611 ], [ 123.9841668, -18.113611 ], [ 123.983889, -18.113611 ], [ 123.9836112, -18.1133332 ], [ 123.9833334, -18.1130554 ], [ 123.9833334, -18.1127776 ], [ 123.9830556, -18.1124998 ], [ 123.9827779, -18.1122221 ], [ 123.9825001, -18.1119443 ], [ 123.9825001, -18.1116665 ], [ 123.9822223, -18.1113887 ], [ 123.9819445, -18.111111 ], [ 123.9816668, -18.111111 ], [ 123.981389, -18.111111 ], [ 123.9811112, -18.1108332 ], [ 123.9808334, -18.1105554 ], [ 123.9805556, -18.1102776 ], [ 123.9802779, -18.1102776 ], [ 123.9800001, -18.1099998 ], [ 123.9797223, -18.1099998 ], [ 123.9794445, -18.1099998 ], [ 123.9791668, -18.1099998 ], [ 123.978889, -18.1099998 ], [ 123.9786112, -18.1099998 ], [ 123.9783334, -18.1097221 ], [ 123.9780556, -18.1094443 ], [ 123.9780556, -18.1091665 ], [ 123.9777779, -18.1088887 ], [ 123.9775001, -18.108611 ], [ 123.9772223, -18.1083332 ], [ 123.9769445, -18.1083332 ], [ 123.9766668, -18.1083332 ], [ 123.976389, -18.1080554 ], [ 123.9761112, -18.1080554 ], [ 123.9758334, -18.1077776 ], [ 123.9755556, -18.1077776 ], [ 123.9752779, -18.1074998 ], [ 123.9750001, -18.1072221 ], [ 123.9747223, -18.1072221 ], [ 123.9744445, -18.1072221 ], [ 123.9741668, -18.1072221 ], [ 123.973889, -18.1072221 ], [ 123.9736112, -18.1072221 ], [ 123.9733334, -18.1069443 ], [ 123.9730556, -18.1066665 ], [ 123.9727779, -18.1063887 ], [ 123.9725001, -18.1063887 ], [ 123.9722223, -18.106111 ], [ 123.9719445, -18.106111 ], [ 123.9716668, -18.106111 ], [ 123.971389, -18.1058332 ], [ 123.971389, -18.1055554 ], [ 123.9711112, -18.1052776 ], [ 123.9711112, -18.1049998 ], [ 123.9711112, -18.1047221 ], [ 123.9708334, -18.1044443 ], [ 123.9708334, -18.1041665 ], [ 123.9705556, -18.1038887 ], [ 123.9705556, -18.103611 ], [ 123.9705556, -18.1033332 ], [ 123.9705556, -18.1030554 ], [ 123.9705556, -18.1027776 ], [ 123.9702779, -18.1024998 ], [ 123.9700001, -18.1022221 ], [ 123.9697223, -18.1022221 ], [ 123.9694445, -18.1022221 ], [ 123.9691668, -18.1022221 ], [ 123.968889, -18.1022221 ], [ 123.9686112, -18.1022221 ], [ 123.9683334, -18.1022221 ], [ 123.9680556, -18.1019443 ], [ 123.9680556, -18.1016665 ], [ 123.9680556, -18.1013887 ], [ 123.9677779, -18.101111 ] ] } },
{ "type": "Feature", "properties": { "HydroID": 101914394, "AHGFFType": 3, "Name": "FITZROY RIVER", "Hierarchy": "Major", "Perennial": "Perennial", "AusHydroID": 1432345, "AusHydroEr": 1, "SegmentNo": 407034, "DrainID": 100644964, "From_Node": 101624498, "To_Node": 101624359, "NextDownID": 101914259, "Enabled": 1, "FlowDir": 1, "SrcFCName": "DEMDerivedStreamsVector", "SrcFType": "Waterbody Connector", "SrcType": 3, "SourceID": null, "FeatRel": "2019-08-21T00:00:00Z", "FSource": "GEOSCIENCE AUSTRALIA", "AttrRel": "2019-08-21T00:00:00Z", "AttrSource": "GEOSCIENCE AUSTRALIA", "PlanAcc": 15, "Symbol": 2, "TextNote": null, "GeodesLen": 2428.9317656849494, "UpstrGeoLn": 56856589.673118643, "UpstrDArea": 54159887058.49118, "ConCatID": 239786, "StrOutlet": 0, "Shape_Length": 0.022713765010015152 }, "bbox": [ 123.9680556, -18.1208332, 123.9877779, -18.1158332 ], "geometry": { "type": "LineString", "coordinates": [ [ 123.9877779, -18.1180554 ], [ 123.9875001, -18.1177776 ], [ 123.9872223, -18.1177776 ], [ 123.9869445, -18.1174998 ], [ 123.9866668, -18.1174998 ], [ 123.986389, -18.1172221 ], [ 123.9861112, -18.1172221 ], [ 123.9858334, -18.1169443 ], [ 123.9855556, -18.1169443 ], [ 123.9852779, -18.1169443 ], [ 123.9850001, -18.1166665 ], [ 123.9847223, -18.1166665 ], [ 123.9844445, -18.1163887 ], [ 123.9841668, -18.1163887 ], [ 123.983889, -18.1163887 ], [ 123.9836112, -18.116111 ], [ 123.9833334, -18.116111 ], [ 123.9830556, -18.116111 ], [ 123.9827779, -18.116111 ], [ 123.9825001, -18.116111 ], [ 123.9822223, -18.116111 ], [ 123.9819445, -18.1158332 ], [ 123.9816668, -18.1158332 ], [ 123.981389, -18.1158332 ], [ 123.9811112, -18.116111 ], [ 123.9808334, -18.116111 ], [ 123.9805556, -18.116111 ], [ 123.9802779, -18.116111 ], [ 123.9800001, -18.116111 ], [ 123.9797223, -18.116111 ], [ 123.9794445, -18.116111 ], [ 123.9791668, -18.1163887 ], [ 123.978889, -18.1163887 ], [ 123.9786112, -18.1163887 ], [ 123.9783334, -18.1166665 ], [ 123.9780556, -18.1166665 ], [ 123.9777779, -18.1166665 ], [ 123.9775001, -18.1166665 ], [ 123.9772223, -18.1169443 ], [ 123.9769445, -18.1169443 ], [ 123.9766668, -18.1169443 ], [ 123.976389, -18.1172221 ], [ 123.9761112, -18.1172221 ], [ 123.9758334, -18.1174998 ], [ 123.9755556, -18.1174998 ], [ 123.9752779, -18.1177776 ], [ 123.9750001, -18.1177776 ], [ 123.9747223, -18.1177776 ], [ 123.9744445, -18.1180554 ], [ 123.9741668, -18.1183332 ], [ 123.973889, -18.1183332 ], [ 123.9736112, -18.118611 ], [ 123.9733334, -18.118611 ], [ 123.9730556, -18.1188887 ], [ 123.9727779, -18.1191665 ], [ 123.9725001, -18.1191665 ], [ 123.9722223, -18.1194443 ], [ 123.9719445, -18.1194443 ], [ 123.9716668, -18.1197221 ], [ 123.971389, -18.1197221 ], [ 123.9711112, -18.1197221 ], [ 123.9708334, -18.1199998 ], [ 123.9705556, -18.1199998 ], [ 123.9702779, -18.1202776 ], [ 123.9700001, -18.1202776 ], [ 123.9697223, -18.1202776 ], [ 123.9694445, -18.1205554 ], [ 123.9691668, -18.1205554 ], [ 123.968889, -18.1205554 ], [ 123.9686112, -18.1208332 ], [ 123.9683334, -18.1208332 ], [ 123.9680556, -18.1208332 ] ] } },
{ "type": "Feature", "properties": { "HydroID": 101914395, "AHGFFType": 3, "Name": " ", "Hierarchy": "Minor", "Perennial": "Non Perennial", "AusHydroID": 1433116, "AusHydroEr": 1, "SegmentNo": 407274, "DrainID": 100645095, "From_Node": 101624498, "To_Node": 101624499, "NextDownID": 101914393, "Enabled": 1, "FlowDir": 1, "SrcFCName": "DEMDerivedStreamsVector", "SrcFType": "Waterbody Connector", "SrcType": 3, "SourceID": null, "FeatRel": "2019-08-21T00:00:00Z", "FSource": "GEOSCIENCE AUSTRALIA", "AttrRel": "2019-08-21T00:00:00Z", "AttrSource": "GEOSCIENCE AUSTRALIA", "PlanAcc": 15, "Symbol": null, "TextNote": null, "GeodesLen": 61.489791905192618, "UpstrGeoLn": 56854222.231144868, "UpstrDArea": 54159057319.776657, "ConCatID": 239786, "StrOutlet": 0, "Shape_Length": 0.00055555500000536995 }, "bbox": [ 123.9877779, -18.1180554, 123.9877779, -18.1174998 ], "geometry": { "type": "LineString", "coordinates": [ [ 123.9877779, -18.1180554 ], [ 123.9877779, -18.1177776 ], [ 123.9877779, -18.1174998 ] ] } },
{ "type": "Feature", "properties": { "HydroID": 101914403, "AHGFFType": 1, "Name": " ", "Hierarchy": "Minor", "Perennial": "Non Perennial", "AusHydroID": 1436440, "AusHydroEr": 1, "SegmentNo": 407098, "DrainID": 100644998, "From_Node": 101624507, "To_Node": 101624394, "NextDownID": 101914290, "Enabled": 1, "FlowDir": 1, "SrcFCName": "DEMDerivedStreamsVector", "SrcFType": "Watercourse", "SrcType": 1, "SourceID": null, "FeatRel": "2019-08-21T00:00:00Z", "FSource": "GEOSCIENCE AUSTRALIA", "AttrRel": "2019-08-21T00:00:00Z", "AttrSource": "GEOSCIENCE AUSTRALIA", "PlanAcc": 15, "Symbol": null, "TextNote": null, "GeodesLen": 2281.4588239882296, "UpstrGeoLn": 2281.4588239882296, "UpstrDArea": 2330162.8456993084, "ConCatID": 239786, "StrOutlet": 0, "Shape_Length": 0.021209817887984081 }, "bbox": [ 123.9730556, -18.0572221, 123.988889, -18.0477776 ], "geometry": { "type": "LineString", "coordinates": [ [ 123.988889, -18.0477776 ], [ 123.9886112, -18.0480554 ], [ 123.9883334, -18.0483332 ], [ 123.9880556, -18.048611 ], [ 123.9877779, -18.0488887 ], [ 123.9875001, -18.0488887 ], [ 123.9872223, -18.0488887 ], [ 123.9869445, -18.0488887 ], [ 123.9866668, -18.0491665 ], [ 123.986389, -18.0491665 ], [ 123.9861112, -18.0491665 ], [ 123.9858334, -18.0491665 ], [ 123.9855556, -18.0494443 ], [ 123.9852779, -18.0494443 ], [ 123.9850001, -18.0497221 ], [ 123.9847223, -18.0497221 ], [ 123.9844445, -18.0497221 ], [ 123.9841668, -18.0497221 ], [ 123.983889, -18.0497221 ], [ 123.9836112, -18.0497221 ], [ 123.9833334, -18.0497221 ], [ 123.9830556, -18.0497221 ], [ 123.9827779, -18.0499998 ], [ 123.9825001, -18.0499998 ], [ 123.9822223, -18.0502776 ], [ 123.9819445, -18.0502776 ], [ 123.9816668, -18.0505554 ], [ 123.981389, -18.0505554 ], [ 123.9811112, -18.0505554 ], [ 123.9808334, -18.0508332 ], [ 123.9805556, -18.0508332 ], [ 123.9802779, -18.051111 ], [ 123.9800001, -18.051111 ], [ 123.9797223, -18.051111 ], [ 123.9794445, -18.051111 ], [ 123.9791668, -18.0513887 ], [ 123.978889, -18.0513887 ], [ 123.9786112, -18.0516665 ], [ 123.9783334, -18.0516665 ], [ 123.9780556, -18.0519443 ], [ 123.9777779, -18.0519443 ], [ 123.9775001, -18.0519443 ], [ 123.9772223, -18.0522221 ], [ 123.9769445, -18.0522221 ], [ 123.9766668, -18.0522221 ], [ 123.976389, -18.0522221 ], [ 123.9761112, -18.0522221 ], [ 123.9758334, -18.0524998 ], [ 123.9758334, -18.0527776 ], [ 123.9755556, -18.0530554 ], [ 123.9755556, -18.0533332 ], [ 123.9752779, -18.053611 ], [ 123.9750001, -18.0538887 ], [ 123.9747223, -18.0541665 ], [ 123.9744445, -18.0544443 ], [ 123.9744445, -18.0547221 ], [ 123.9744445, -18.0549998 ], [ 123.9744445, -18.0552776 ], [ 123.9741668, -18.0555554 ], [ 123.973889, -18.0555554 ], [ 123.9736112, -18.0558332 ], [ 123.9733334, -18.0558332 ], [ 123.9730556, -18.056111 ], [ 123.9730556, -18.0563887 ], [ 123.9730556, -18.0566665 ], [ 123.9730556, -18.0569443 ], [ 123.9730556, -18.0572221 ] ] } },
{ "type": "Feature", "properties": { "HydroID": 101914416, "AHGFFType": 1, "Name": "BLOODWOOD CREEK", "Hierarchy": "Minor", "Perennial": "Non Perennial", "AusHydroID": 1434525, "AusHydroEr": 1, "SegmentNo": 407266, "DrainID": 100645091, "From_Node": 101624519, "To_Node": 101624495, "NextDownID": 101914388, "Enabled": 1, "FlowDir": 1, "SrcFCName": "DEMDerivedStreamsVector", "SrcFType": "Watercourse", "SrcType": 1, "SourceID": null, "FeatRel": "2019-08-21T00:00:00Z", "FSource": "GEOSCIENCE AUSTRALIA", "AttrRel": "2019-08-21T00:00:00Z", "AttrSource": "GEOSCIENCE AUSTRALIA", "PlanAcc": 15, "Symbol": null, "TextNote": null, "GeodesLen": 461.08867932361517, "UpstrGeoLn": 56666571.05851914, "UpstrDArea": 53621613759.871201, "ConCatID": 239786, "StrOutlet": 0, "Shape_Length": 0.0043014666612056895 }, "bbox": [ 123.9869445, -18.0808332, 123.9905556, -18.0799998 ], "geometry": { "type": "LineString", "coordinates": [ [ 123.9905556, -18.0808332 ], [ 123.9902779, -18.0808332 ], [ 123.9900001, -18.0808332 ], [ 123.9897223, -18.0805554 ], [ 123.9894445, -18.0805554 ], [ 123.9891668, -18.0802776 ], [ 123.988889, -18.0799998 ], [ 123.9886112, -18.0799998 ], [ 123.9883334, -18.0799998 ], [ 123.9880556, -18.0802776 ], [ 123.9877779, -18.0805554 ], [ 123.9875001, -18.0805554 ], [ 123.9872223, -18.0808332 ], [ 123.9869445, -18.0808332 ] ] } },
{ "type": "Feature", "properties": { "HydroID": 101914418, "AHGFFType": 1, "Name": " ", "Hierarchy": "Minor", "Perennial": "Non Perennial", "AusHydroID": 1436024, "AusHydroEr": 1, "SegmentNo": 407197, "DrainID": 100645053, "From_Node": 101624523, "To_Node": 101624447, "NextDownID": 101914342, "Enabled": 1, "FlowDir": 1, "SrcFCName": "DEMDerivedStreamsVector", "SrcFType": "Watercourse", "SrcType": 1, "SourceID": null, "FeatRel": "2019-08-21T00:00:00Z", "FSource": "GEOSCIENCE AUSTRALIA", "AttrRel": "2019-08-21T00:00:00Z", "AttrSource": "GEOSCIENCE AUSTRALIA", "PlanAcc": 15, "Symbol": null, "TextNote": null, "GeodesLen": 1258.899294748504, "UpstrGeoLn": 1258.899294748504, "UpstrDArea": 395117.10860608693, "ConCatID": 239786, "StrOutlet": 0, "Shape_Length": 0.011773549565593632 }, "bbox": [ 123.9805556, -18.0572221, 123.9908334, -18.0549998 ], "geometry": { "type": "LineString", "coordinates": [ [ 123.9908334, -18.0549998 ], [ 123.9905556, -18.0552776 ], [ 123.9902779, -18.0552776 ], [ 123.9900001, -18.0552776 ], [ 123.9897223, -18.0555554 ], [ 123.9894445, -18.0555554 ], [ 123.9891668, -18.0558332 ], [ 123.988889, -18.056111 ], [ 123.9886112, -18.0563887 ], [ 123.9883334, -18.0566665 ], [ 123.9880556, -18.0569443 ], [ 123.9877779, -18.0572221 ], [ 123.9875001, -18.0572221 ], [ 123.9872223, -18.0572221 ], [ 123.9869445, -18.0569443 ], [ 123.9866668, -18.0569443 ], [ 123.986389, -18.0569443 ], [ 123.9861112, -18.0569443 ], [ 123.9858334, -18.0569443 ], [ 123.9855556, -18.0566665 ], [ 123.9852779, -18.0566665 ], [ 123.9850001, -18.0563887 ], [ 123.9847223, -18.0563887 ], [ 123.9844445, -18.0563887 ], [ 123.9841668, -18.0563887 ], [ 123.983889, -18.0563887 ], [ 123.9836112, -18.0563887 ], [ 123.9833334, -18.056111 ], [ 123.9830556, -18.0558332 ], [ 123.9827779, -18.0558332 ], [ 123.9825001, -18.0558332 ], [ 123.9822223, -18.0558332 ], [ 123.9819445, -18.0558332 ], [ 123.9816668, -18.0558332 ], [ 123.981389, -18.0558332 ], [ 123.9811112, -18.0558332 ], [ 123.9808334, -18.0558332 ], [ 123.9805556, -18.0558332 ] ] } },
{ "type": "Feature", "properties": { "HydroID": 101914439, "AHGFFType": 1, "Name": " ", "Hierarchy": "Minor", "Perennial": "Non Perennial", "AusHydroID": 1431183, "AusHydroEr": 1, "SegmentNo": 407251, "DrainID": 100645083, "From_Node": 101624542, "To_Node": 101624482, "NextDownID": 101914374, "Enabled": 1, "FlowDir": 1, "SrcFCName": "DEMDerivedStreamsVector", "SrcFType": "Watercourse", "SrcType": 1, "SourceID": null, "FeatRel": "2019-08-21T00:00:00Z", "FSource": "GEOSCIENCE AUSTRALIA", "AttrRel": "2019-08-21T00:00:00Z", "AttrSource": "GEOSCIENCE AUSTRALIA", "PlanAcc": 15, "Symbol": null, "TextNote": null, "GeodesLen": 869.39829134214654, "UpstrGeoLn": 56105492.323487163, "UpstrDArea": 53182095686.513191, "ConCatID": 232627, "StrOutlet": 0, "Shape_Length": 0.0081426967839238387 }, "bbox": [ 123.9852779, -18.1391665, 123.9925001, -18.1380554 ], "geometry": { "type": "LineString", "coordinates": [ [ 123.9925001, -18.1383332 ], [ 123.9922223, -18.1383332 ], [ 123.9919445, -18.1383332 ], [ 123.9916668, -18.1380554 ], [ 123.991389, -18.1380554 ], [ 123.9911112, -18.1380554 ], [ 123.9908334, -18.1380554 ], [ 123.9905556, -18.1380554 ], [ 123.9902779, -18.1383332 ], [ 123.9900001, -18.1383332 ], [ 123.9897223, -18.138611 ], [ 123.9894445, -18.1388887 ], [ 123.9891668, -18.1388887 ], [ 123.988889, -18.1388887 ], [ 123.9886112, -18.1391665 ], [ 123.9883334, -18.1391665 ], [ 123.9880556, -18.1391665 ], [ 123.9877779, -18.1391665 ], [ 123.9875001, -18.1391665 ], [ 123.9872223, -18.1391665 ], [ 123.9869445, -18.1391665 ], [ 123.9866668, -18.1388887 ], [ 123.986389, -18.1388887 ], [ 123.9861112, -18.138611 ], [ 123.9858334, -18.138611 ], [ 123.9855556, -18.1383332 ], [ 123.9852779, -18.1383332 ] ] } },
{ "type": "Feature", "properties": { "HydroID": 101914448, "AHGFFType": 1, "Name": " ", "Hierarchy": "Minor", "Perennial": "Non Perennial", "AusHydroID": 1432088, "AusHydroEr": 1, "SegmentNo": 407044, "DrainID": 100644968, "From_Node": 101624554, "To_Node": 101624364, "NextDownID": 101914262, "Enabled": 1, "FlowDir": 1, "SrcFCName": "DEMDerivedStreamsVector", "SrcFType": "Watercourse", "SrcType": 1, "SourceID": null, "FeatRel": "2019-08-21T00:00:00Z", "FSource": "GEOSCIENCE AUSTRALIA", "AttrRel": "2019-08-21T00:00:00Z", "AttrSource": "GEOSCIENCE AUSTRALIA", "PlanAcc": 15, "Symbol": null, "TextNote": null, "GeodesLen": 3754.4673214863715, "UpstrGeoLn": 3754.4673214863715, "UpstrDArea": 1446124.2068359274, "ConCatID": 239786, "StrOutlet": 0, "Shape_Length": 0.034908068378919951 }, "bbox": [ 123.9686112, -18.1322221, 123.9936112, -18.1205554 ], "geometry": { "type": "LineString", "coordinates": [ [ 123.9933334, -18.1322221 ], [ 123.9933334, -18.1319443 ], [ 123.9933334, -18.1316665 ], [ 123.9933334, -18.1313887 ], [ 123.9933334, -18.131111 ], [ 123.9933334, -18.1308332 ], [ 123.9933334, -18.1305554 ], [ 123.9933334, -18.1302776 ], [ 123.9933334, -18.1299998 ], [ 123.9936112, -18.1297221 ], [ 123.9936112, -18.1294443 ], [ 123.9936112, -18.1291665 ], [ 123.9936112, -18.1288887 ], [ 123.9936112, -18.128611 ], [ 123.9936112, -18.1283332 ], [ 123.9936112, -18.1280554 ], [ 123.9936112, -18.1277776 ], [ 123.9933334, -18.1274998 ], [ 123.9933334, -18.1272221 ], [ 123.9933334, -18.1269443 ], [ 123.9933334, -18.1266665 ], [ 123.9933334, -18.1263887 ], [ 123.9930556, -18.126111 ], [ 123.9930556, -18.1258332 ], [ 123.9930556, -18.1255554 ], [ 123.9927779, -18.1252776 ], [ 123.9925001, -18.1249998 ], [ 123.9922223, -18.1247221 ], [ 123.9919445, -18.1244443 ], [ 123.9916668, -18.1244443 ], [ 123.991389, -18.1241665 ], [ 123.9911112, -18.1238887 ], [ 123.9908334, -18.1238887 ], [ 123.9905556, -18.1238887 ], [ 123.9902779, -18.123611 ], [ 123.9900001, -18.123611 ], [ 123.9897223, -18.123611 ], [ 123.9894445, -18.1233332 ], [ 123.9891668, -18.1233332 ], [ 123.988889, -18.1230554 ], [ 123.9886112, -18.1227776 ], [ 123.9883334, -18.1227776 ], [ 123.9880556, -18.1224998 ], [ 123.9877779, -18.1222221 ], [ 123.9875001, -18.1222221 ], [ 123.9872223, -18.1219443 ], [ 123.9869445, -18.1219443 ], [ 123.9866668, -18.1219443 ], [ 123.986389, -18.1216665 ], [ 123.9861112, -18.1216665 ], [ 123.9858334, -18.1216665 ], [ 123.9855556, -18.1216665 ], [ 123.9852779, -18.1213887 ], [ 123.9850001, -18.1213887 ], [ 123.9847223, -18.1213887 ], [ 123.9844445, -18.1213887 ], [ 123.9841668, -18.121111 ], [ 123.983889, -18.121111 ], [ 123.9836112, -18.121111 ], [ 123.9833334, -18.121111 ], [ 123.9830556, -18.1208332 ], [ 123.9827779, -18.1208332 ], [ 123.9825001, -18.1208332 ], [ 123.9822223, -18.1205554 ], [ 123.9819445, -18.1205554 ], [ 123.9816668, -18.1205554 ], [ 123.981389, -18.1205554 ], [ 123.9811112, -18.1205554 ], [ 123.9808334, -18.1205554 ], [ 123.9805556, -18.1205554 ], [ 123.9802779, -18.1205554 ], [ 123.9800001, -18.1208332 ], [ 123.9797223, -18.1208332 ], [ 123.9794445, -18.121111 ], [ 123.9791668, -18.121111 ], [ 123.978889, -18.121111 ], [ 123.9786112, -18.121111 ], [ 123.9783334, -18.121111 ], [ 123.9780556, -18.121111 ], [ 123.9777779, -18.1208332 ], [ 123.9775001, -18.1208332 ], [ 123.9772223, -18.1208332 ], [ 123.9769445, -18.1208332 ], [ 123.9766668, -18.121111 ], [ 123.976389, -18.121111 ], [ 123.9761112, -18.121111 ], [ 123.9758334, -18.121111 ], [ 123.9755556, -18.121111 ], [ 123.9752779, -18.121111 ], [ 123.9750001, -18.121111 ], [ 123.9747223, -18.121111 ], [ 123.9744445, -18.121111 ], [ 123.9741668, -18.1213887 ], [ 123.973889, -18.1216665 ], [ 123.9736112, -18.1216665 ], [ 123.9733334, -18.1219443 ], [ 123.9730556, -18.1222221 ], [ 123.9727779, -18.1222221 ], [ 123.9725001, -18.1222221 ], [ 123.9722223, -18.1222221 ], [ 123.9719445, -18.1222221 ], [ 123.9716668, -18.1222221 ], [ 123.971389, -18.1222221 ], [ 123.9711112, -18.1222221 ], [ 123.9708334, -18.1222221 ], [ 123.9705556, -18.1222221 ], [ 123.9702779, -18.1219443 ], [ 123.9700001, -18.1219443 ], [ 123.9697223, -18.1219443 ], [ 123.9694445, -18.1216665 ], [ 123.9691668, -18.1216665 ], [ 123.968889, -18.1213887 ], [ 123.9686112, -18.121111 ] ] } },
{ "type": "Feature", "properties": { "HydroID": 101914449, "AHGFFType": 1, "Name": " ", "Hierarchy": "Minor", "Perennial": "Non Perennial", "AusHydroID": 1430470, "AusHydroEr": 1, "SegmentNo": 407252, "DrainID": 100645084, "From_Node": 101624553, "To_Node": 101624484, "NextDownID": 101914379, "Enabled": 1, "FlowDir": 1, "SrcFCName": "DEMDerivedStreamsVector", "SrcFType": "Watercourse", "SrcType": 1, "SourceID": null, "FeatRel": "2019-08-21T00:00:00Z", "FSource": "GEOSCIENCE AUSTRALIA", "AttrRel": "2019-08-21T00:00:00Z", "AttrSource": "GEOSCIENCE AUSTRALIA", "PlanAcc": 15, "Symbol": null, "TextNote": null, "GeodesLen": 7164.9095818356545, "UpstrGeoLn": 43364.99902179862, "UpstrDArea": 124834046.15460476, "ConCatID": 232627, "StrOutlet": 0, "Shape_Length": 0.06537169446499673 }, "bbox": [ 123.9855556, -18.1675668, 123.9947223, -18.1388887 ], "geometry": { "type": "LineString", "coordinates": [ [ 123.991389, -18.1675668 ], [ 123.991389, -18.1674998 ], [ 123.991389, -18.1672221 ], [ 123.991389, -18.1669443 ], [ 123.991389, -18.1666665 ], [ 123.991389, -18.1663887 ], [ 123.991389, -18.166111 ], [ 123.991389, -18.1658332 ], [ 123.991389, -18.1655554 ], [ 123.991389, -18.1652776 ], [ 123.991389, -18.1649998 ], [ 123.991389, -18.1647221 ], [ 123.991389, -18.1644443 ], [ 123.991389, -18.1641665 ], [ 123.991389, -18.1638887 ], [ 123.9916668, -18.163611 ], [ 123.9916668, -18.1633332 ], [ 123.9919445, -18.1630554 ], [ 123.9922223, -18.1627776 ], [ 123.9922223, -18.1624998 ], [ 123.9925001, -18.1622221 ], [ 123.9925001, -18.1619443 ], [ 123.9927779, -18.1616665 ], [ 123.9927779, -18.1613887 ], [ 123.9930556, -18.161111 ], [ 123.9930556, -18.1608332 ], [ 123.9933334, -18.1605554 ], [ 123.9933334, -18.1602776 ], [ 123.9936112, -18.1599998 ], [ 123.9936112, -18.1597221 ], [ 123.9936112, -18.1594443 ], [ 123.9936112, -18.1591665 ], [ 123.9936112, -18.1588887 ], [ 123.9936112, -18.158611 ], [ 123.993889, -18.1583332 ], [ 123.993889, -18.1580554 ], [ 123.993889, -18.1577776 ], [ 123.9941668, -18.1574998 ], [ 123.9941668, -18.1572221 ], [ 123.9941668, -18.1569443 ], [ 123.9944445, -18.1566665 ], [ 123.9944445, -18.1563887 ], [ 123.9944445, -18.156111 ], [ 123.9947223, -18.1558332 ], [ 123.9947223, -18.1555554 ], [ 123.9947223, -18.1552776 ], [ 123.9947223, -18.1549998 ], [ 123.9947223, -18.1547221 ], [ 123.9947223, -18.1544443 ], [ 123.9947223, -18.1541665 ], [ 123.9947223, -18.1538887 ], [ 123.9947223, -18.153611 ], [ 123.9947223, -18.1533332 ], [ 123.9947223, -18.1530554 ], [ 123.9947223, -18.1527776 ], [ 123.9947223, -18.1524998 ], [ 123.9947223, -18.1522221 ], [ 123.9947223, -18.1519443 ], [ 123.9947223, -18.1516665 ], [ 123.9947223, -18.1513887 ], [ 123.9947223, -18.151111 ], [ 123.9947223, -18.1508332 ], [ 123.9947223, -18.1505554 ], [ 123.9947223, -18.1502776 ], [ 123.9947223, -18.1499998 ], [ 123.9947223, -18.1497221 ], [ 123.9947223, -18.1494443 ], [ 123.9947223, -18.1491665 ], [ 123.9947223, -18.1488887 ], [ 123.9947223, -18.148611 ], [ 123.9947223, -18.1483332 ], [ 123.9947223, -18.1480554 ], [ 123.9947223, -18.1477776 ], [ 123.9947223, -18.1474998 ], [ 123.9947223, -18.1472221 ], [ 123.9944445, -18.1469443 ], [ 123.9941668, -18.1466665 ], [ 123.993889, -18.1463887 ], [ 123.993889, -18.146111 ], [ 123.9936112, -18.1458332 ], [ 123.9933334, -18.1455554 ], [ 123.9930556, -18.1452776 ], [ 123.9927779, -18.1449998 ], [ 123.9925001, -18.1447221 ], [ 123.9922223, -18.1444443 ], [ 123.9919445, -18.1441665 ], [ 123.9919445, -18.1438887 ], [ 123.9919445, -18.143611 ], [ 123.9916668, -18.1433332 ], [ 123.991389, -18.1430554 ], [ 123.9911112, -18.1427776 ], [ 123.9908334, -18.1427776 ], [ 123.9905556, -18.1424998 ], [ 123.9902779, -18.1424998 ], [ 123.9900001, -18.1422221 ], [ 123.9897223, -18.1422221 ], [ 123.9894445, -18.1419443 ], [ 123.9891668, -18.1416665 ], [ 123.988889, -18.1416665 ], [ 123.9886112, -18.1413887 ], [ 123.9883334, -18.1413887 ], [ 123.9880556, -18.141111 ], [ 123.9877779, -18.1408332 ], [ 123.9875001, -18.1405554 ], [ 123.9872223, -18.1402776 ], [ 123.9869445, -18.1399998 ], [ 123.9866668, -18.1399998 ], [ 123.986389, -18.1397221 ], [ 123.9861112, -18.1394443 ], [ 123.9858334, -18.1391665 ], [ 123.9855556, -18.1388887 ] ] } },
{ "type": "Feature", "properties": { "HydroID": 101914452, "AHGFFType": 1, "Name": " ", "Hierarchy": "Minor", "Perennial": "Non Perennial", "AusHydroID": 1436419, "AusHydroEr": 1, "SegmentNo": 407196, "DrainID": 100645052, "From_Node": 101624557, "To_Node": 101624447, "NextDownID": 101914342, "Enabled": 1, "FlowDir": 1, "SrcFCName": "DEMDerivedStreamsVector", "SrcFType": "Watercourse", "SrcType": 1, "SourceID": null, "FeatRel": "2019-08-21T00:00:00Z", "FSource": "GEOSCIENCE AUSTRALIA", "AttrRel": "2019-08-21T00:00:00Z", "AttrSource": "GEOSCIENCE AUSTRALIA", "PlanAcc": 15, "Symbol": null, "TextNote": null, "GeodesLen": 1833.6344419861996, "UpstrGeoLn": 1833.6344419861996, "UpstrDArea": 2056192.6346648296, "ConCatID": 239786, "StrOutlet": 0, "Shape_Length": 0.017043150009173409 }, "bbox": [ 123.9805556, -18.0558332, 123.9936112, -18.0483332 ], "geometry": { "type": "LineString", "coordinates": [ [ 123.9936112, -18.0483332 ], [ 123.9933334, -18.0483332 ], [ 123.9930556, -18.048611 ], [ 123.9927779, -18.0488887 ], [ 123.9925001, -18.0491665 ], [ 123.9922223, -18.0491665 ], [ 123.9919445, -18.0491665 ], [ 123.9916668, -18.0491665 ], [ 123.991389, -18.0494443 ], [ 123.9911112, -18.0497221 ], [ 123.9908334, -18.0499998 ], [ 123.9905556, -18.0499998 ], [ 123.9902779, -18.0502776 ], [ 123.9902779, -18.0505554 ], [ 123.9902779, -18.0508332 ], [ 123.9900001, -18.051111 ], [ 123.9900001, -18.0513887 ], [ 123.9897223, -18.0516665 ], [ 123.9894445, -18.0519443 ], [ 123.9891668, -18.0519443 ], [ 123.988889, -18.0519443 ], [ 123.9886112, -18.0519443 ], [ 123.9883334, -18.0519443 ], [ 123.9880556, -18.0522221 ], [ 123.9877779, -18.0522221 ], [ 123.9875001, -18.0522221 ], [ 123.9872223, -18.0522221 ], [ 123.9869445, -18.0522221 ], [ 123.9866668, -18.0522221 ], [ 123.986389, -18.0522221 ], [ 123.9861112, -18.0522221 ], [ 123.9858334, -18.0522221 ], [ 123.9855556, -18.0519443 ], [ 123.9852779, -18.0519443 ], [ 123.9850001, -18.0519443 ], [ 123.9847223, -18.0522221 ], [ 123.9844445, -18.0522221 ], [ 123.9841668, -18.0522221 ], [ 123.983889, -18.0524998 ], [ 123.9836112, -18.0524998 ], [ 123.9833334, -18.0527776 ], [ 123.9830556, -18.0530554 ], [ 123.9827779, -18.0533332 ], [ 123.9825001, -18.053611 ], [ 123.9822223, -18.0538887 ], [ 123.9819445, -18.0541665 ], [ 123.9819445, -18.0544443 ], [ 123.9816668, -18.0547221 ], [ 123.981389, -18.0549998 ], [ 123.9811112, -18.0552776 ], [ 123.9808334, -18.0555554 ], [ 123.9805556, -18.0558332 ] ] } },
{ "type": "Feature", "properties": { "HydroID": 101914460, "AHGFFType": 1, "Name": " ", "Hierarchy": "Minor", "Perennial": "Non Perennial", "AusHydroID": 1433203, "AusHydroEr": 1, "SegmentNo": 407261, "DrainID": 100645088, "From_Node": 101624566, "To_Node": 101624493, "NextDownID": 101914383, "Enabled": 1, "FlowDir": 1, "SrcFCName": "DEMDerivedStreamsVector", "SrcFType": "Watercourse", "SrcType": 1, "SourceID": null, "FeatRel": "2019-08-21T00:00:00Z", "FSource": "GEOSCIENCE AUSTRALIA", "AttrRel": "2019-08-21T00:00:00Z", "AttrSource": "GEOSCIENCE AUSTRALIA", "PlanAcc": 15, "Symbol": null, "TextNote": null, "GeodesLen": 997.16537885414402, "UpstrGeoLn": 56645242.516923316, "UpstrDArea": 53597030105.552299, "ConCatID": 239786, "StrOutlet": 0, "Shape_Length": 0.0093212070286941649 }, "bbox": [ 123.986389, -18.1024998, 123.9944445, -18.1002776 ], "geometry": { "type": "LineString", "coordinates": [ [ 123.9944445, -18.1008332 ], [ 123.9941668, -18.1008332 ], [ 123.993889, -18.1008332 ], [ 123.9936112, -18.1008332 ], [ 123.9933334, -18.1008332 ], [ 123.9930556, -18.1008332 ], [ 123.9927779, -18.1008332 ], [ 123.9925001, -18.1005554 ], [ 123.9922223, -18.1002776 ], [ 123.9919445, -18.1002776 ], [ 123.9916668, -18.1002776 ], [ 123.991389, -18.1002776 ], [ 123.9911112, -18.1002776 ], [ 123.9908334, -18.1002776 ], [ 123.9905556, -18.1002776 ], [ 123.9902779, -18.1005554 ], [ 123.9900001, -18.1008332 ], [ 123.9897223, -18.101111 ], [ 123.9894445, -18.1013887 ], [ 123.9891668, -18.1016665 ], [ 123.988889, -18.1019443 ], [ 123.9886112, -18.1022221 ], [ 123.9883334, -18.1022221 ], [ 123.9880556, -18.1024998 ], [ 123.9877779, -18.1024998 ], [ 123.9875001, -18.1024998 ], [ 123.9872223, -18.1024998 ], [ 123.9869445, -18.1024998 ], [ 123.9866668, -18.1024998 ], [ 123.986389, -18.1022221 ] ] } },
{ "type": "Feature", "properties": { "HydroID": 101914466, "AHGFFType": 1, "Name": " ", "Hierarchy": "Minor", "Perennial": "Non Perennial", "AusHydroID": 1433964, "AusHydroEr": 1, "SegmentNo": 407247, "DrainID": 100645080, "From_Node": 101624574, "To_Node": 101624476, "NextDownID": 101914369, "Enabled": 1, "FlowDir": 1, "SrcFCName": "DEMDerivedStreamsVector", "SrcFType": "Watercourse", "SrcType": 1, "SourceID": null, "FeatRel": "2019-08-21T00:00:00Z", "FSource": "GEOSCIENCE AUSTRALIA", "AttrRel": "2019-08-21T00:00:00Z", "AttrSource": "GEOSCIENCE AUSTRALIA", "PlanAcc": 15, "Symbol": null, "TextNote": null, "GeodesLen": 1681.7014393540467, "UpstrGeoLn": 56642262.172238469, "UpstrDArea": 53596257137.922356, "ConCatID": 239786, "StrOutlet": 0, "Shape_Length": 0.015586862350313405 }, "bbox": [ 123.9847223, -18.0969443, 123.9955556, -18.0891665 ], "geometry": { "type": "LineString", "coordinates": [ [ 123.9955556, -18.0969443 ], [ 123.9952779, -18.0969443 ], [ 123.9950001, -18.0966665 ], [ 123.9947223, -18.0966665 ], [ 123.9944445, -18.0966665 ], [ 123.9941668, -18.0966665 ], [ 123.993889, -18.0966665 ], [ 123.9936112, -18.0969443 ], [ 123.9933334, -18.0969443 ], [ 123.9930556, -18.0966665 ], [ 123.9927779, -18.0966665 ], [ 123.9925001, -18.0966665 ], [ 123.9922223, -18.0966665 ], [ 123.9919445, -18.0966665 ], [ 123.9916668, -18.0963887 ], [ 123.991389, -18.0963887 ], [ 123.9911112, -18.0963887 ], [ 123.9908334, -18.096111 ], [ 123.9905556, -18.0958332 ], [ 123.9902779, -18.0958332 ], [ 123.9900001, -18.0955554 ], [ 123.9897223, -18.0955554 ], [ 123.9894445, -18.0952776 ], [ 123.9891668, -18.0949998 ], [ 123.988889, -18.0949998 ], [ 123.9886112, -18.0947221 ], [ 123.9883334, -18.0944443 ], [ 123.9880556, -18.0941665 ], [ 123.9877779, -18.0938887 ], [ 123.9877779, -18.093611 ], [ 123.9877779, -18.0933332 ], [ 123.9875001, -18.0930554 ], [ 123.9875001, -18.0927776 ], [ 123.9875001, -18.0924998 ], [ 123.9875001, -18.0922221 ], [ 123.9872223, -18.0919443 ], [ 123.9872223, -18.0916665 ], [ 123.9869445, -18.0913887 ], [ 123.9869445, -18.091111 ], [ 123.9866668, -18.0908332 ], [ 123.9866668, -18.0905554 ], [ 123.986389, -18.0902776 ], [ 123.9861112, -18.0899998 ], [ 123.9858334, -18.0899998 ], [ 123.9855556, -18.0897221 ], [ 123.9852779, -18.0894443 ], [ 123.9850001, -18.0894443 ], [ 123.9847223, -18.0891665 ] ] } },
{ "type": "Feature", "properties": { "HydroID": 101914468, "AHGFFType": 3, "Name": "FITZROY RIVER", "Hierarchy": "Major", "Perennial": "Perennial", "AusHydroID": 1432234, "AusHydroEr": 1, "SegmentNo": 407275, "DrainID": 100645096, "From_Node": 101624577, "To_Node": 101624498, "NextDownID": 101914395, "Enabled": 1, "FlowDir": 1, "SrcFCName": "DEMDerivedStreamsVector", "SrcFType": "Waterbody Connector", "SrcType": 3, "SourceID": null, "FeatRel": "2019-08-21T00:00:00Z", "FSource": "GEOSCIENCE AUSTRALIA", "AttrRel": "2019-08-21T00:00:00Z", "AttrSource": "GEOSCIENCE AUSTRALIA", "PlanAcc": 15, "Symbol": 2, "TextNote": null, "GeodesLen": 1573.5669224182157, "UpstrGeoLn": 56854160.74135296, "UpstrDArea": 54159055512.065514, "ConCatID": 239786, "StrOutlet": 0, "Shape_Length": 0.014495491303531539 }, "bbox": [ 123.9877779, -18.1283332, 123.996389, -18.1180554 ], "geometry": { "type": "LineString", "coordinates": [ [ 123.996389, -18.1283332 ], [ 123.9961112, -18.1280554 ], [ 123.9961112, -18.1277776 ], [ 123.9961112, -18.1274998 ], [ 123.9958334, -18.1272221 ], [ 123.9958334, -18.1269443 ], [ 123.9955556, -18.1266665 ], [ 123.9955556, -18.1263887 ], [ 123.9955556, -18.126111 ], [ 123.9952779, -18.1258332 ], [ 123.9952779, -18.1255554 ], [ 123.9950001, -18.1252776 ], [ 123.9950001, -18.1249998 ], [ 123.9947223, -18.1247221 ], [ 123.9947223, -18.1244443 ], [ 123.9944445, -18.1241665 ], [ 123.9941668, -18.1238887 ], [ 123.9941668, -18.123611 ], [ 123.993889, -18.1233332 ], [ 123.9936112, -18.1230554 ], [ 123.9933334, -18.1227776 ], [ 123.9930556, -18.1224998 ], [ 123.9930556, -18.1222221 ], [ 123.9927779, -18.1219443 ], [ 123.9925001, -18.1216665 ], [ 123.9922223, -18.1213887 ], [ 123.9919445, -18.121111 ], [ 123.9916668, -18.1208332 ], [ 123.991389, -18.1205554 ], [ 123.9911112, -18.1205554 ], [ 123.9908334, -18.1202776 ], [ 123.9905556, -18.1199998 ], [ 123.9902779, -18.1197221 ], [ 123.9900001, -18.1194443 ], [ 123.9897223, -18.1194443 ], [ 123.9894445, -18.1191665 ], [ 123.9891668, -18.1188887 ], [ 123.988889, -18.1188887 ], [ 123.9886112, -18.118611 ], [ 123.9883334, -18.1183332 ], [ 123.9880556, -18.1183332 ], [ 123.9877779, -18.1180554 ] ] } },
{ "type": "Feature", "properties": { "HydroID": 101914472, "AHGFFType": 1, "Name": " ", "Hierarchy": "Minor", "Perennial": "Non Perennial", "AusHydroID": 1433286, "AusHydroEr": 1, "SegmentNo": 407384, "DrainID": 100645161, "From_Node": 101624581, "To_Node": 101624566, "NextDownID": 101914460, "Enabled": 1, "FlowDir": 1, "SrcFCName": "DEMDerivedStreamsVector", "SrcFType": "Watercourse", "SrcType": 1, "SourceID": null, "FeatRel": "2019-08-21T00:00:00Z", "FSource": "GEOSCIENCE AUSTRALIA", "AttrRel": "2019-08-21T00:00:00Z", "AttrSource": "GEOSCIENCE AUSTRALIA", "PlanAcc": 15, "Symbol": null, "TextNote": null, "GeodesLen": 343.44719258485173, "UpstrGeoLn": 56630287.267768048, "UpstrDArea": 53589124033.311966, "ConCatID": 239786, "StrOutlet": 0, "Shape_Length": 0.0031903560752997466 }, "bbox": [ 123.9944445, -18.1008332, 123.9969445, -18.0991665 ], "geometry": { "type": "LineString", "coordinates": [ [ 123.9969445, -18.0991665 ], [ 123.9966668, -18.0991665 ], [ 123.996389, -18.0994443 ], [ 123.9961112, -18.0997221 ], [ 123.9958334, -18.0997221 ], [ 123.9955556, -18.1 ], [ 123.9952779, -18.1002776 ], [ 123.9950001, -18.1002776 ], [ 123.9947223, -18.1005554 ], [ 123.9944445, -18.1008332 ] ] } },
{ "type": "Feature", "properties": { "HydroID": 101914473, "AHGFFType": 1, "Name": " ", "Hierarchy": "Minor", "Perennial": "Non Perennial", "AusHydroID": 1433395, "AusHydroEr": 1, "SegmentNo": 407403, "DrainID": 100645172, "From_Node": 101624581, "To_Node": 101624574, "NextDownID": 101914466, "Enabled": 1, "FlowDir": 1, "SrcFCName": "DEMDerivedStreamsVector", "SrcFType": "Watercourse", "SrcType": 1, "SourceID": null, "FeatRel": "2019-08-21T00:00:00Z", "FSource": "GEOSCIENCE AUSTRALIA", "AttrRel": "2019-08-21T00:00:00Z", "AttrSource": "GEOSCIENCE AUSTRALIA", "PlanAcc": 15, "Symbol": null, "TextNote": null, "GeodesLen": 304.9379805709313, "UpstrGeoLn": 56630248.758556031, "UpstrDArea": 53589116802.113052, "ConCatID": 239786, "StrOutlet": 0, "Shape_Length": 0.0027975179532925363 }, "bbox": [ 123.9955556, -18.0991665, 123.9969445, -18.0969443 ], "geometry": { "type": "LineString", "coordinates": [ [ 123.9969445, -18.0991665 ], [ 123.9969445, -18.0988887 ], [ 123.9966668, -18.098611 ], [ 123.9966668, -18.0983332 ], [ 123.996389, -18.0980554 ], [ 123.9961112, -18.0977776 ], [ 123.9958334, -18.0974998 ], [ 123.9958334, -18.0972221 ], [ 123.9955556, -18.0969443 ] ] } },
{ "type": "Feature", "properties": { "HydroID": 101914478, "AHGFFType": 1, "Name": "BLOODWOOD CREEK", "Hierarchy": "Minor", "Perennial": "Non Perennial", "AusHydroID": 10369108, "AusHydroEr": 1, "SegmentNo": 407308, "DrainID": 100645114, "From_Node": 101624586, "To_Node": 101624519, "NextDownID": 101914416, "Enabled": 1, "FlowDir": 1, "SrcFCName": "DEMDerivedStreamsVector", "SrcFType": "Watercourse", "SrcType": 1, "SourceID": null, "FeatRel": "2019-08-21T00:00:00Z", "FSource": "GEOSCIENCE AUSTRALIA", "AttrRel": "2019-08-21T00:00:00Z", "AttrSource": "GEOSCIENCE AUSTRALIA", "PlanAcc": 15, "Symbol": null, "TextNote": null, "GeodesLen": 1136.0613139167481, "UpstrGeoLn": 23286.823979917084, "UpstrDArea": 19418997.05363122, "ConCatID": 239786, "StrOutlet": 0, "Shape_Length": 0.010547379150682318 }, "bbox": [ 123.9905556, -18.0808332, 123.9980556, -18.0758332 ], "geometry": { "type": "LineString", "coordinates": [ [ 123.9980556, -18.0758332 ], [ 123.9977779, -18.076111 ], [ 123.9975001, -18.0763887 ], [ 123.9972223, -18.0766665 ], [ 123.9969445, -18.0766665 ], [ 123.9966668, -18.0769443 ], [ 123.9966668, -18.0772221 ], [ 123.996389, -18.0774998 ], [ 123.9961112, -18.0777776 ], [ 123.9958334, -18.0777776 ], [ 123.9955556, -18.0777776 ], [ 123.9952779, -18.0777776 ], [ 123.9950001, -18.0777776 ], [ 123.9947223, -18.0777776 ], [ 123.9944445, -18.0777776 ], [ 123.9941668, -18.0777776 ], [ 123.993889, -18.0777776 ], [ 123.9936112, -18.0777776 ], [ 123.9933334, -18.0777776 ], [ 123.9930556, -18.0777776 ], [ 123.9927779, -18.0777776 ], [ 123.9925001, -18.0777776 ], [ 123.9922223, -18.0777776 ], [ 123.9919445, -18.0780554 ], [ 123.9916668, -18.0783332 ], [ 123.9916668, -18.078611 ], [ 123.991389, -18.0788887 ], [ 123.991389, -18.0791665 ], [ 123.9911112, -18.0794443 ], [ 123.9911112, -18.0797221 ], [ 123.9911112, -18.0799998 ], [ 123.9911112, -18.0802776 ], [ 123.9908334, -18.0805554 ], [ 123.9905556, -18.0808332 ] ] } },
{ "type": "Feature", "properties": { "HydroID": 101914489, "AHGFFType": 1, "Name": " ", "Hierarchy": "Minor", "Perennial": "Non Perennial", "AusHydroID": 1435493, "AusHydroEr": 1, "SegmentNo": 407444, "DrainID": 100645195, "From_Node": 101624595, "To_Node": 101624599, "NextDownID": 101914490, "Enabled": 1, "FlowDir": 1, "SrcFCName": "DEMDerivedStreamsVector", "SrcFType": "Watercourse", "SrcType": 1, "SourceID": null, "FeatRel": "2019-08-21T00:00:00Z", "FSource": "GEOSCIENCE AUSTRALIA", "AttrRel": "2019-08-21T00:00:00Z", "AttrSource": "GEOSCIENCE AUSTRALIA", "PlanAcc": 15, "Symbol": null, "TextNote": null, "GeodesLen": 574.51338518183934, "UpstrGeoLn": 574.51338518183934, "UpstrDArea": 305598.06505615078, "ConCatID": 239786, "StrOutlet": 0, "Shape_Length": 0.0052498611974156036 }, "bbox": [ 123.9994445, -18.0672221, 124.0002779, -18.0627776 ], "geometry": { "type": "LineString", "coordinates": [ [ 124.0, -18.0627776 ], [ 124.0, -18.0630554 ], [ 124.0, -18.0633332 ], [ 123.9997223, -18.063611 ], [ 123.9997223, -18.0638887 ], [ 123.9997223, -18.0641665 ], [ 124.0, -18.0644443 ], [ 124.0, -18.0647221 ], [ 124.0, -18.0649998 ], [ 123.9997223, -18.0652776 ], [ 123.9997223, -18.0655554 ], [ 123.9994445, -18.0658332 ], [ 123.9994445, -18.066111 ], [ 123.9994445, -18.0663887 ], [ 123.9997223, -18.0666665 ], [ 124.0, -18.0669443 ], [ 124.0002779, -18.0672221 ] ] } },
{ "type": "Feature", "properties": { "HydroID": 101914490, "AHGFFType": 1, "Name": " ", "Hierarchy": "Minor", "Perennial": "Non Perennial", "AusHydroID": 10369107, "AusHydroEr": 1, "SegmentNo": 407419, "DrainID": 100645181, "From_Node": 101624599, "To_Node": 101624586, "NextDownID": 101914478, "Enabled": 1, "FlowDir": 1, "SrcFCName": "DEMDerivedStreamsVector", "SrcFType": "Watercourse", "SrcType": 1, "SourceID": null, "FeatRel": "2019-08-21T00:00:00Z", "FSource": "GEOSCIENCE AUSTRALIA", "AttrRel": "2019-08-21T00:00:00Z", "AttrSource": "GEOSCIENCE AUSTRALIA", "PlanAcc": 15, "Symbol": null, "TextNote": null, "GeodesLen": 1400.7153928543078, "UpstrGeoLn": 12753.292143212595, "UpstrDArea": 12596258.034315947, "ConCatID": 239786, "StrOutlet": 0, "Shape_Length": 0.01290440193305397 }, "bbox": [ 123.9961112, -18.0758332, 124.0005556, -18.0672221 ], "geometry": { "type": "LineString", "coordinates": [ [ 124.0002779, -18.0672221 ], [ 124.0, -18.0674998 ], [ 124.0, -18.0677776 ], [ 124.0, -18.0680554 ], [ 124.0, -18.0683332 ], [ 124.0002779, -18.068611 ], [ 124.0005556, -18.0688887 ], [ 124.0005556, -18.0691665 ], [ 124.0005556, -18.0694443 ], [ 124.0005556, -18.0697221 ], [ 124.0002779, -18.0699998 ], [ 124.0, -18.0702776 ], [ 123.9997223, -18.0705554 ], [ 123.9994445, -18.0705554 ], [ 123.9991668, -18.0705554 ], [ 123.998889, -18.0708332 ], [ 123.998889, -18.071111 ], [ 123.998889, -18.0713887 ], [ 123.998889, -18.0716665 ], [ 123.9986112, -18.0719443 ], [ 123.9983334, -18.0719443 ], [ 123.9980556, -18.0719443 ], [ 123.9977779, -18.0719443 ], [ 123.9975001, -18.0719443 ], [ 123.9972223, -18.0722221 ], [ 123.9969445, -18.0724998 ], [ 123.9966668, -18.0727776 ], [ 123.996389, -18.0730554 ], [ 123.9961112, -18.0733332 ], [ 123.9961112, -18.073611 ], [ 123.9961112, -18.0738887 ], [ 123.9961112, -18.0741665 ], [ 123.9961112, -18.0744443 ], [ 123.996389, -18.0747221 ], [ 123.9966668, -18.0749998 ], [ 123.9969445, -18.0749998 ], [ 123.9972223, -18.0752776 ], [ 123.9975001, -18.0755554 ], [ 123.9977779, -18.0758332 ], [ 123.9980556, -18.0758332 ] ] } },
{ "type": "Feature", "properties": { "HydroID": 101914498, "AHGFFType": 1, "Name": " ", "Hierarchy": "Minor", "Perennial": "Non Perennial", "AusHydroID": 1434460, "AusHydroEr": 1, "SegmentNo": 407309, "DrainID": 100645115, "From_Node": 101624604, "To_Node": 101624519, "NextDownID": 101914416, "Enabled": 1, "FlowDir": 1, "SrcFCName": "DEMDerivedStreamsVector", "SrcFType": "Watercourse", "SrcType": 1, "SourceID": null, "FeatRel": "2019-08-21T00:00:00Z", "FSource": "GEOSCIENCE AUSTRALIA", "AttrRel": "2019-08-21T00:00:00Z", "AttrSource": "GEOSCIENCE AUSTRALIA", "PlanAcc": 15, "Symbol": null, "TextNote": null, "GeodesLen": 1828.1383385603558, "UpstrGeoLn": 56642823.145859897, "UpstrDArea": 53602091701.946167, "ConCatID": 239786, "StrOutlet": 0, "Shape_Length": 0.016908350226791508 }, "bbox": [ 123.9905556, -18.0883332, 124.0011112, -18.0808332 ], "geometry": { "type": "LineString", "coordinates": [ [ 124.0011112, -18.0869443 ], [ 124.0008334, -18.0869443 ], [ 124.0005556, -18.0866665 ], [ 124.0002779, -18.0866665 ], [ 124.0, -18.0866665 ], [ 123.9997223, -18.0866665 ], [ 123.9994445, -18.0866665 ], [ 123.9991668, -18.0866665 ], [ 123.998889, -18.0866665 ], [ 123.9986112, -18.0866665 ], [ 123.9983334, -18.0866665 ], [ 123.9980556, -18.0869443 ], [ 123.9977779, -18.0872221 ], [ 123.9975001, -18.0874998 ], [ 123.9972223, -18.0877776 ], [ 123.9969445, -18.0880554 ], [ 123.9966668, -18.0880554 ], [ 123.996389, -18.0883332 ], [ 123.9961112, -18.0883332 ], [ 123.9958334, -18.0883332 ], [ 123.9955556, -18.0880554 ], [ 123.9952779, -18.0877776 ], [ 123.9950001, -18.0874998 ], [ 123.9947223, -18.0874998 ], [ 123.9944445, -18.0872221 ], [ 123.9941668, -18.0872221 ], [ 123.993889, -18.0872221 ], [ 123.9936112, -18.0872221 ], [ 123.9933334, -18.0872221 ], [ 123.9930556, -18.0872221 ], [ 123.9927779, -18.0872221 ], [ 123.9925001, -18.0869443 ], [ 123.9922223, -18.0866665 ], [ 123.9919445, -18.0863887 ], [ 123.9916668, -18.086111 ], [ 123.9916668, -18.0858332 ], [ 123.991389, -18.0855554 ], [ 123.991389, -18.0852776 ], [ 123.991389, -18.0849998 ], [ 123.991389, -18.0847221 ], [ 123.991389, -18.0844443 ], [ 123.991389, -18.0841665 ], [ 123.991389, -18.0838887 ], [ 123.991389, -18.083611 ], [ 123.991389, -18.0833332 ], [ 123.991389, -18.0830554 ], [ 123.991389, -18.0827776 ], [ 123.991389, -18.0824998 ], [ 123.991389, -18.0822221 ], [ 123.991389, -18.0819443 ], [ 123.991389, -18.0816665 ], [ 123.9911112, -18.0813887 ], [ 123.9908334, -18.081111 ], [ 123.9905556, -18.0808332 ] ] } },
{ "type": "Feature", "properties": { "HydroID": 101914528, "AHGFFType": 1, "Name": " ", "Hierarchy": "Minor", "Perennial": "Non Perennial", "AusHydroID": 1431161, "AusHydroEr": 1, "SegmentNo": 407341, "DrainID": 100645139, "From_Node": 101624640, "To_Node": 101624542, "NextDownID": 101914439, "Enabled": 1, "FlowDir": 1, "SrcFCName": "DEMDerivedStreamsVector", "SrcFType": "Watercourse", "SrcType": 1, "SourceID": null, "FeatRel": "2019-08-21T00:00:00Z", "FSource": "GEOSCIENCE AUSTRALIA", "AttrRel": "2019-08-21T00:00:00Z", "AttrSource": "GEOSCIENCE AUSTRALIA", "PlanAcc": 15, "Symbol": null, "TextNote": null, "GeodesLen": 1811.3964034799001, "UpstrGeoLn": 56102767.630035445, "UpstrDArea": 53181164823.126167, "ConCatID": 232627, "StrOutlet": 0, "Shape_Length": 0.016880433302952684 }, "bbox": [ 123.9925001, -18.1444443, 124.006389, -18.1383332 ], "geometry": { "type": "LineString", "coordinates": [ [ 124.006389, -18.1433332 ], [ 124.0061112, -18.143611 ], [ 124.0058334, -18.143611 ], [ 124.0055556, -18.1438887 ], [ 124.0052779, -18.1441665 ], [ 124.0050001, -18.1441665 ], [ 124.0047223, -18.1444443 ], [ 124.0044445, -18.1444443 ], [ 124.0041668, -18.1444443 ], [ 124.003889, -18.1441665 ], [ 124.0036112, -18.1438887 ], [ 124.0033334, -18.143611 ], [ 124.0030556, -18.1433332 ], [ 124.0027779, -18.1430554 ], [ 124.0025001, -18.1430554 ], [ 124.0022223, -18.1430554 ], [ 124.0019445, -18.1430554 ], [ 124.0016668, -18.1430554 ], [ 124.001389, -18.1430554 ], [ 124.0011112, -18.1430554 ], [ 124.0008334, -18.1427776 ], [ 124.0005556, -18.1427776 ], [ 124.0002779, -18.1427776 ], [ 124.0, -18.1424998 ], [ 123.9997223, -18.1424998 ], [ 123.9994445, -18.1422221 ], [ 123.9991668, -18.1419443 ], [ 123.998889, -18.1419443 ], [ 123.9986112, -18.1416665 ], [ 123.9983334, -18.1413887 ], [ 123.9980556, -18.141111 ], [ 123.9977779, -18.141111 ], [ 123.9975001, -18.1408332 ], [ 123.9972223, -18.1405554 ], [ 123.9969445, -18.1405554 ], [ 123.9966668, -18.1402776 ], [ 123.996389, -18.1402776 ], [ 123.9961112, -18.1399998 ], [ 123.9958334, -18.1399998 ], [ 123.9955556, -18.1397221 ], [ 123.9952779, -18.1397221 ], [ 123.9950001, -18.1394443 ], [ 123.9947223, -18.1394443 ], [ 123.9944445, -18.1394443 ], [ 123.9941668, -18.1391665 ], [ 123.993889, -18.1391665 ], [ 123.9936112, -18.1388887 ], [ 123.9933334, -18.1388887 ], [ 123.9930556, -18.138611 ], [ 123.9927779, -18.1383332 ], [ 123.9925001, -18.1383332 ] ] } },
{ "type": "Feature", "properties": { "HydroID": 101914529, "AHGFFType": 1, "Name": " ", "Hierarchy": "Minor", "Perennial": "Non Perennial", "AusHydroID": 1431248, "AusHydroEr": 1, "SegmentNo": 407340, "DrainID": 100645138, "From_Node": 101624640, "To_Node": 101624542, "NextDownID": 101914439, "Enabled": 1, "FlowDir": 1, "SrcFCName": "DEMDerivedStreamsVector", "SrcFType": "Watercourse", "SrcType": 1, "SourceID": null, "FeatRel": "2019-08-21T00:00:00Z", "FSource": "GEOSCIENCE AUSTRALIA", "AttrRel": "2019-08-21T00:00:00Z", "AttrSource": "GEOSCIENCE AUSTRALIA", "PlanAcc": 15, "Symbol": null, "TextNote": null, "GeodesLen": 1855.2951603723002, "UpstrGeoLn": 56102811.528792344, "UpstrDArea": 53181024764.687164, "ConCatID": 232627, "StrOutlet": 0, "Shape_Length": 0.017273267596563287 }, "bbox": [ 123.9925001, -18.1433332, 124.006389, -18.1369443 ], "geometry": { "type": "LineString", "coordinates": [ [ 124.006389, -18.1433332 ], [ 124.0061112, -18.1430554 ], [ 124.0058334, -18.1430554 ], [ 124.0055556, -18.1427776 ], [ 124.0052779, -18.1427776 ], [ 124.0050001, -18.1427776 ], [ 124.0047223, -18.1427776 ], [ 124.0044445, -18.1424998 ], [ 124.0041668, -18.1424998 ], [ 124.003889, -18.1424998 ], [ 124.0036112, -18.1424998 ], [ 124.0033334, -18.1424998 ], [ 124.0030556, -18.1422221 ], [ 124.0027779, -18.1419443 ], [ 124.0025001, -18.1419443 ], [ 124.0022223, -18.1416665 ], [ 124.0019445, -18.1416665 ], [ 124.0016668, -18.1413887 ], [ 124.001389, -18.1413887 ], [ 124.0011112, -18.141111 ], [ 124.0008334, -18.141111 ], [ 124.0005556, -18.1408332 ], [ 124.0002779, -18.1405554 ], [ 124.0, -18.1402776 ], [ 123.9997223, -18.1402776 ], [ 123.9994445, -18.1399998 ], [ 123.9991668, -18.1397221 ], [ 123.998889, -18.1394443 ], [ 123.998889, -18.1391665 ], [ 123.9986112, -18.1388887 ], [ 123.9983334, -18.138611 ], [ 123.9980556, -18.1383332 ], [ 123.9977779, -18.1380554 ], [ 123.9975001, -18.1380554 ], [ 123.9972223, -18.1377776 ], [ 123.9969445, -18.1374998 ], [ 123.9966668, -18.1374998 ], [ 123.996389, -18.1372221 ], [ 123.9961112, -18.1372221 ], [ 123.9958334, -18.1369443 ], [ 123.9955556, -18.1369443 ], [ 123.9952779, -18.1369443 ], [ 123.9950001, -18.1369443 ], [ 123.9947223, -18.1369443 ], [ 123.9944445, -18.1372221 ], [ 123.9941668, -18.1372221 ], [ 123.993889, -18.1374998 ], [ 123.9936112, -18.1377776 ], [ 123.9933334, -18.1377776 ], [ 123.9930556, -18.1380554 ], [ 123.9927779, -18.1380554 ], [ 123.9925001, -18.1383332 ] ] } },
{ "type": "Feature", "properties": { "HydroID": 101914533, "AHGFFType": 1, "Name": " ", "Hierarchy": "Minor", "Perennial": "Non Perennial", "AusHydroID": 1436929, "AusHydroEr": 1, "SegmentNo": 407597, "DrainID": 100645276, "From_Node": 101624641, "To_Node": 101624674, "NextDownID": 101914561, "Enabled": 1, "FlowDir": 1, "SrcFCName": "DEMDerivedStreamsVector", "SrcFType": "Watercourse", "SrcType": 1, "SourceID": null, "FeatRel": "2019-08-21T00:00:00Z", "FSource": "GEOSCIENCE AUSTRALIA", "AttrRel": "2019-08-21T00:00:00Z", "AttrSource": "GEOSCIENCE AUSTRALIA", "PlanAcc": 15, "Symbol": null, "TextNote": null, "GeodesLen": 1514.1622307462706, "UpstrGeoLn": 1514.1622307462706, "UpstrDArea": 868063.06723654293, "ConCatID": 239786, "StrOutlet": 0, "Shape_Length": 0.013987595594986402 }, "bbox": [ 124.0050001, -18.0491665, 124.011389, -18.0434617 ], "geometry": { "type": "LineString", "coordinates": [ [ 124.0050001, -18.0434617 ], [ 124.0050001, -18.043611 ], [ 124.0052779, -18.0438887 ], [ 124.0052779, -18.0441665 ], [ 124.0052779, -18.0444443 ], [ 124.0055556, -18.0447221 ], [ 124.0055556, -18.0449998 ], [ 124.0058334, -18.0452776 ], [ 124.0061112, -18.0455554 ], [ 124.006389, -18.0458332 ], [ 124.0066668, -18.046111 ], [ 124.0069445, -18.046111 ], [ 124.0072223, -18.0463887 ], [ 124.0075001, -18.0466665 ], [ 124.0077779, -18.0469443 ], [ 124.0080556, -18.0469443 ], [ 124.0083334, -18.0472221 ], [ 124.0086112, -18.0472221 ], [ 124.008889, -18.0472221 ], [ 124.0091668, -18.0474998 ], [ 124.0094445, -18.0474998 ], [ 124.0097223, -18.0477776 ], [ 124.0100001, -18.0480554 ], [ 124.0102779, -18.0480554 ], [ 124.0105556, -18.0480554 ], [ 124.0108334, -18.0483332 ], [ 124.0111112, -18.0483332 ], [ 124.011389, -18.048611 ], [ 124.011389, -18.0488887 ], [ 124.011389, -18.0491665 ] ] } },
{ "type": "Feature", "properties": { "HydroID": 101914544, "AHGFFType": 1, "Name": " ", "Hierarchy": "Minor", "Perennial": "Non Perennial", "AusHydroID": 1430830, "AusHydroEr": 1, "SegmentNo": 407527, "DrainID": 100645241, "From_Node": 101624652, "To_Node": 101624640, "NextDownID": 101914528, "Enabled": 1, "FlowDir": 1, "SrcFCName": "DEMDerivedStreamsVector", "SrcFType": "Watercourse", "SrcType": 1, "SourceID": null, "FeatRel": "2019-08-21T00:00:00Z", "FSource": "GEOSCIENCE AUSTRALIA", "AttrRel": "2019-08-21T00:00:00Z", "AttrSource": "GEOSCIENCE AUSTRALIA", "PlanAcc": 15, "Symbol": null, "TextNote": null, "GeodesLen": 378.6018887955193, "UpstrGeoLn": 56100956.233631968, "UpstrDArea": 53180397559.829048, "ConCatID": 232627, "StrOutlet": 0, "Shape_Length": 0.003515792538430425 }, "bbox": [ 124.006389, -18.1447221, 124.008889, -18.1433332 ], "geometry": { "type": "LineString", "coordinates": [ [ 124.008889, -18.1444443 ], [ 124.0086112, -18.1447221 ], [ 124.0083334, -18.1447221 ], [ 124.0080556, -18.1447221 ], [ 124.0077779, -18.1447221 ], [ 124.0075001, -18.1447221 ], [ 124.0072223, -18.1444443 ], [ 124.0072223, -18.1441665 ], [ 124.0069445, -18.1438887 ], [ 124.0069445, -18.143611 ], [ 124.0066668, -18.1433332 ], [ 124.006389, -18.1433332 ] ] } },
{ "type": "Feature", "properties": { "HydroID": 101914549, "AHGFFType": 1, "Name": " ", "Hierarchy": "Minor", "Perennial": "Non Perennial", "AusHydroID": 1435880, "AusHydroEr": 1, "SegmentNo": 407446, "DrainID": 100645196, "From_Node": 101624658, "To_Node": 101624599, "NextDownID": 101914490, "Enabled": 1, "FlowDir": 1, "SrcFCName": "DEMDerivedStreamsVector", "SrcFType": "Watercourse", "SrcType": 1, "SourceID": null, "FeatRel": "2019-08-21T00:00:00Z", "FSource": "GEOSCIENCE AUSTRALIA", "AttrRel": "2019-08-21T00:00:00Z", "AttrSource": "GEOSCIENCE AUSTRALIA", "PlanAcc": 15, "Symbol": null, "TextNote": null, "GeodesLen": 1711.6933680577476, "UpstrGeoLn": 10778.063365176447, "UpstrDArea": 8664126.7190807611, "ConCatID": 239786, "StrOutlet": 0, "Shape_Length": 0.015769321717012993 }, "bbox": [ 124.0002779, -18.0672221, 124.0094445, -18.0574998 ], "geometry": { "type": "LineString", "coordinates": [ [ 124.0094445, -18.0574998 ], [ 124.0091668, -18.0577776 ], [ 124.008889, -18.0580554 ], [ 124.0086112, -18.0583332 ], [ 124.0083334, -18.058611 ], [ 124.0080556, -18.0588887 ], [ 124.0080556, -18.0591665 ], [ 124.0077779, -18.0594443 ], [ 124.0075001, -18.0597221 ], [ 124.0072223, -18.0599998 ], [ 124.0072223, -18.0602776 ], [ 124.0072223, -18.0605554 ], [ 124.0069445, -18.0608332 ], [ 124.0066668, -18.0608332 ], [ 124.006389, -18.061111 ], [ 124.0061112, -18.0613887 ], [ 124.0058334, -18.0616665 ], [ 124.0055556, -18.0619443 ], [ 124.0052779, -18.0622221 ], [ 124.0052779, -18.0624998 ], [ 124.0052779, -18.0627776 ], [ 124.0050001, -18.0630554 ], [ 124.0050001, -18.0633332 ], [ 124.0047223, -18.063611 ], [ 124.0047223, -18.0638887 ], [ 124.0047223, -18.0641665 ], [ 124.0047223, -18.0644443 ], [ 124.0047223, -18.0647221 ], [ 124.0044445, -18.0649998 ], [ 124.0041668, -18.0652776 ], [ 124.003889, -18.0655554 ], [ 124.003889, -18.0658332 ], [ 124.0036112, -18.066111 ], [ 124.0033334, -18.0663887 ], [ 124.0033334, -18.0666665 ], [ 124.0030556, -18.0669443 ], [ 124.0027779, -18.0669443 ], [ 124.0025001, -18.0672221 ], [ 124.0022223, -18.0672221 ], [ 124.0019445, -18.0669443 ], [ 124.0016668, -18.0669443 ], [ 124.001389, -18.0666665 ], [ 124.0011112, -18.0666665 ], [ 124.0008334, -18.0666665 ], [ 124.0005556, -18.0666665 ], [ 124.0002779, -18.0669443 ], [ 124.0002779, -18.0672221 ] ] } },
{ "type": "Feature", "properties": { "HydroID": 101914561, "AHGFFType": 1, "Name": " ", "Hierarchy": "Minor", "Perennial": "Non Perennial", "AusHydroID": 1436375, "AusHydroEr": 1, "SegmentNo": 407571, "DrainID": 100645260, "From_Node": 101624674, "To_Node": 101624658, "NextDownID": 101914549, "Enabled": 1, "FlowDir": 1, "SrcFCName": "DEMDerivedStreamsVector", "SrcFType": "Watercourse", "SrcType": 1, "SourceID": null, "FeatRel": "2019-08-21T00:00:00Z", "FSource": "GEOSCIENCE AUSTRALIA", "AttrRel": "2019-08-21T00:00:00Z", "AttrSource": "GEOSCIENCE AUSTRALIA", "PlanAcc": 15, "Symbol": null, "TextNote": null, "GeodesLen": 1337.3009474549026, "UpstrGeoLn": 6216.4871586831732, "UpstrDArea": 4933508.3030750975, "ConCatID": 239786, "StrOutlet": 0, "Shape_Length": 0.012281444859850475 }, "bbox": [ 124.0080556, -18.0574998, 124.011389, -18.0491665 ], "geometry": { "type": "LineString", "coordinates": [ [ 124.011389, -18.0491665 ], [ 124.011389, -18.0494443 ], [ 124.011389, -18.0497221 ], [ 124.011389, -18.0499998 ], [ 124.011389, -18.0502776 ], [ 124.011389, -18.0505554 ], [ 124.0111112, -18.0508332 ], [ 124.0111112, -18.051111 ], [ 124.0108334, -18.0513887 ], [ 124.0105556, -18.0513887 ], [ 124.0102779, -18.0516665 ], [ 124.0100001, -18.0516665 ], [ 124.0097223, -18.0516665 ], [ 124.0094445, -18.0513887 ], [ 124.0091668, -18.0513887 ], [ 124.008889, -18.0516665 ], [ 124.008889, -18.0519443 ], [ 124.008889, -18.0522221 ], [ 124.0091668, -18.0524998 ], [ 124.0091668, -18.0527776 ], [ 124.008889, -18.0530554 ], [ 124.0086112, -18.0533332 ], [ 124.0083334, -18.053611 ], [ 124.0083334, -18.0538887 ], [ 124.0080556, -18.0541665 ], [ 124.0080556, -18.0544443 ], [ 124.0080556, -18.0547221 ], [ 124.0080556, -18.0549998 ], [ 124.0080556, -18.0552776 ], [ 124.0083334, -18.0555554 ], [ 124.0083334, -18.0558332 ], [ 124.0086112, -18.056111 ], [ 124.008889, -18.0563887 ], [ 124.0091668, -18.0563887 ], [ 124.0094445, -18.0563887 ], [ 124.0097223, -18.0566665 ], [ 124.0097223, -18.0569443 ], [ 124.0097223, -18.0572221 ], [ 124.0094445, -18.0574998 ] ] } },
{ "type": "Feature", "properties": { "HydroID": 101914577, "AHGFFType": 1, "Name": " ", "Hierarchy": "Minor", "Perennial": "Non Perennial", "AusHydroID": 1436471, "AusHydroEr": 1, "SegmentNo": 407598, "DrainID": 100645277, "From_Node": 101624689, "To_Node": 101624674, "NextDownID": 101914561, "Enabled": 1, "FlowDir": 1, "SrcFCName": "DEMDerivedStreamsVector", "SrcFType": "Watercourse", "SrcType": 1, "SourceID": null, "FeatRel": "2019-08-21T00:00:00Z", "FSource": "GEOSCIENCE AUSTRALIA", "AttrRel": "2019-08-21T00:00:00Z", "AttrSource": "GEOSCIENCE AUSTRALIA", "PlanAcc": 15, "Symbol": null, "TextNote": null, "GeodesLen": 423.94061317172259, "UpstrGeoLn": 3365.0239804819994, "UpstrDArea": 3360182.5237424225, "ConCatID": 239786, "StrOutlet": 0, "Shape_Length": 0.0039086293675574535 }, "bbox": [ 124.011389, -18.0491665, 124.0136112, -18.0466665 ], "geometry": { "type": "LineString", "coordinates": [ [ 124.0136112, -18.0466665 ], [ 124.0133334, -18.0469443 ], [ 124.0130556, -18.0469443 ], [ 124.0127779, -18.0472221 ], [ 124.0125001, -18.0474998 ], [ 124.0125001, -18.0477776 ], [ 124.0125001, -18.0480554 ], [ 124.0125001, -18.0483332 ], [ 124.0125001, -18.048611 ], [ 124.0122223, -18.0488887 ], [ 124.0119445, -18.0488887 ], [ 124.0116668, -18.0488887 ], [ 124.011389, -18.0491665 ] ] } },
{ "type": "Feature", "properties": { "HydroID": 101914593, "AHGFFType": 1, "Name": " ", "Hierarchy": "Minor", "Perennial": "Non Perennial", "AusHydroID": 1437311, "AusHydroEr": 1, "SegmentNo": 407613, "DrainID": 100645289, "From_Node": 101624707, "To_Node": 101624689, "NextDownID": 101914577, "Enabled": 1, "FlowDir": 1, "SrcFCName": "DEMDerivedStreamsVector", "SrcFType": "Watercourse", "SrcType": 1, "SourceID": null, "FeatRel": "2019-08-21T00:00:00Z", "FSource": "GEOSCIENCE AUSTRALIA", "AttrRel": "2019-08-21T00:00:00Z", "AttrSource": "GEOSCIENCE AUSTRALIA", "PlanAcc": 15, "Symbol": null, "TextNote": null, "GeodesLen": 1681.055887284688, "UpstrGeoLn": 1681.055887284688, "UpstrDArea": 808408.7175193209, "ConCatID": 239786, "StrOutlet": 0, "Shape_Length": 0.015356743227464401 }, "bbox": [ 124.0127854, -18.0466665, 124.0136112, -18.0433407 ], "geometry": { "type": "LineString", "coordinates": [ [ 124.0127854, -18.0433407 ], [ 124.0130556, -18.043611 ], [ 124.0130556, -18.0438887 ], [ 124.0130556, -18.0441665 ], [ 124.0130556, -18.0444443 ], [ 124.0130556, -18.0447221 ], [ 124.0130556, -18.0449998 ], [ 124.0133334, -18.0452776 ], [ 124.0133334, -18.0455554 ], [ 124.0136112, -18.0458332 ], [ 124.0136112, -18.046111 ], [ 124.0136112, -18.0463887 ], [ 124.0136112, -18.0466665 ] ] } },
{ "type": "Feature", "properties": { "HydroID": 101914608, "AHGFFType": 1, "Name": " ", "Hierarchy": "Minor", "Perennial": "Non Perennial", "AusHydroID": 1433468, "AusHydroEr": 1, "SegmentNo": 407402, "DrainID": 100645171, "From_Node": 101624721, "To_Node": 101624574, "NextDownID": 101914466, "Enabled": 1, "FlowDir": 1, "SrcFCName": "DEMDerivedStreamsVector", "SrcFType": "Watercourse", "SrcType": 1, "SourceID": null, "FeatRel": "2019-08-21T00:00:00Z", "FSource": "GEOSCIENCE AUSTRALIA", "AttrRel": "2019-08-21T00:00:00Z", "AttrSource": "GEOSCIENCE AUSTRALIA", "PlanAcc": 15, "Symbol": null, "TextNote": null, "GeodesLen": 2874.618272226714, "UpstrGeoLn": 56633557.119786434, "UpstrDArea": 53592777971.895378, "ConCatID": 239786, "StrOutlet": 0, "Shape_Length": 0.026928089594321858 }, "bbox": [ 123.9955556, -18.1013887, 124.0194445, -18.0963887 ], "geometry": { "type": "LineString", "coordinates": [ [ 124.0194445, -18.1 ], [ 124.0194445, -18.1002776 ], [ 124.0191668, -18.1005554 ], [ 124.018889, -18.1005554 ], [ 124.0186112, -18.1008332 ], [ 124.0183334, -18.1008332 ], [ 124.0180556, -18.1008332 ], [ 124.0177779, -18.1008332 ], [ 124.0175001, -18.101111 ], [ 124.0172223, -18.101111 ], [ 124.0169445, -18.101111 ], [ 124.0166668, -18.1013887 ], [ 124.016389, -18.1013887 ], [ 124.0161112, -18.1013887 ], [ 124.0158334, -18.1013887 ], [ 124.0155556, -18.1013887 ], [ 124.0152779, -18.1013887 ], [ 124.0150001, -18.1013887 ], [ 124.0147223, -18.1013887 ], [ 124.0144445, -18.1013887 ], [ 124.0141668, -18.101111 ], [ 124.013889, -18.101111 ], [ 124.0136112, -18.1008332 ], [ 124.0133334, -18.1008332 ], [ 124.0130556, -18.1008332 ], [ 124.0127779, -18.1008332 ], [ 124.0125001, -18.1008332 ], [ 124.0122223, -18.1005554 ], [ 124.0119445, -18.1005554 ], [ 124.0116668, -18.1005554 ], [ 124.011389, -18.1005554 ], [ 124.0111112, -18.1005554 ], [ 124.0108334, -18.1005554 ], [ 124.0105556, -18.1005554 ], [ 124.0102779, -18.1005554 ], [ 124.0100001, -18.1002776 ], [ 124.0097223, -18.1002776 ], [ 124.0094445, -18.1 ], [ 124.0091668, -18.1 ], [ 124.008889, -18.0997221 ], [ 124.0086112, -18.0997221 ], [ 124.0083334, -18.0994443 ], [ 124.0080556, -18.0994443 ], [ 124.0077779, -18.0994443 ], [ 124.0075001, -18.0991665 ], [ 124.0072223, -18.0991665 ], [ 124.0069445, -18.0991665 ], [ 124.0066668, -18.0991665 ], [ 124.006389, -18.0988887 ], [ 124.0061112, -18.098611 ], [ 124.0058334, -18.098611 ], [ 124.0055556, -18.0983332 ], [ 124.0052779, -18.0983332 ], [ 124.0050001, -18.0980554 ], [ 124.0047223, -18.0977776 ], [ 124.0044445, -18.0974998 ], [ 124.0041668, -18.0972221 ], [ 124.003889, -18.0969443 ], [ 124.0036112, -18.0969443 ], [ 124.0033334, -18.0969443 ], [ 124.0030556, -18.0969443 ], [ 124.0027779, -18.0966665 ], [ 124.0025001, -18.0966665 ], [ 124.0022223, -18.0966665 ], [ 124.0019445, -18.0966665 ], [ 124.0016668, -18.0966665 ], [ 124.001389, -18.0966665 ], [ 124.0011112, -18.0966665 ], [ 124.0008334, -18.0966665 ], [ 124.0005556, -18.0966665 ], [ 124.0002779, -18.0966665 ], [ 124.0, -18.0966665 ], [ 123.9997223, -18.0966665 ], [ 123.9994445, -18.0966665 ], [ 123.9991668, -18.0966665 ], [ 123.998889, -18.0966665 ], [ 123.9986112, -18.0963887 ], [ 123.9983334, -18.0963887 ], [ 123.9980556, -18.0963887 ], [ 123.9977779, -18.0963887 ], [ 123.9975001, -18.0963887 ], [ 123.9972223, -18.0963887 ], [ 123.9969445, -18.0966665 ], [ 123.9966668, -18.0966665 ], [ 123.996389, -18.0966665 ], [ 123.9961112, -18.0966665 ], [ 123.9958334, -18.0969443 ], [ 123.9955556, -18.0969443 ] ] } },
{ "type": "Feature", "properties": { "HydroID": 101914609, "AHGFFType": 1, "Name": "SNAKE CREEK", "Hierarchy": "Major", "Perennial": "Non Perennial", "AusHydroID": 1434255, "AusHydroEr": 1, "SegmentNo": 407263, "DrainID": 100645090, "From_Node": 101624721, "To_Node": 101624494, "NextDownID": 101914389, "Enabled": 1, "FlowDir": 1, "SrcFCName": "DEMDerivedStreamsVector", "SrcFType": "Watercourse", "SrcType": 1, "SourceID": null, "FeatRel": "2019-08-21T00:00:00Z", "FSource": "GEOSCIENCE AUSTRALIA", "AttrRel": "2019-08-21T00:00:00Z", "AttrSource": "GEOSCIENCE AUSTRALIA", "PlanAcc": 15, "Symbol": 6, "TextNote": null, "GeodesLen": 4777.8384340269704, "UpstrGeoLn": 56635460.339948229, "UpstrDArea": 53593072725.907761, "ConCatID": 239786, "StrOutlet": 0, "Shape_Length": 0.044411738481744005 }, "bbox": [ 123.9869445, -18.1, 124.0194445, -18.0841665 ], "geometry": { "type": "LineString", "coordinates": [ [ 124.0194445, -18.1 ], [ 124.0191668, -18.1 ], [ 124.018889, -18.1 ], [ 124.0186112, -18.0997221 ], [ 124.0183334, -18.0997221 ], [ 124.0180556, -18.0997221 ], [ 124.0177779, -18.0997221 ], [ 124.0175001, -18.0997221 ], [ 124.0172223, -18.0997221 ], [ 124.0169445, -18.0997221 ], [ 124.0166668, -18.0997221 ], [ 124.016389, -18.0997221 ], [ 124.0161112, -18.0997221 ], [ 124.0158334, -18.0994443 ], [ 124.0155556, -18.0994443 ], [ 124.0152779, -18.0994443 ], [ 124.0150001, -18.0994443 ], [ 124.0147223, -18.0994443 ], [ 124.0144445, -18.0994443 ], [ 124.0141668, -18.0991665 ], [ 124.013889, -18.0991665 ], [ 124.0136112, -18.0991665 ], [ 124.0133334, -18.0988887 ], [ 124.0130556, -18.0988887 ], [ 124.0127779, -18.0988887 ], [ 124.0125001, -18.098611 ], [ 124.0122223, -18.098611 ], [ 124.0119445, -18.098611 ], [ 124.0116668, -18.0983332 ], [ 124.011389, -18.0983332 ], [ 124.0111112, -18.0983332 ], [ 124.0108334, -18.0980554 ], [ 124.0105556, -18.0977776 ], [ 124.0102779, -18.0977776 ], [ 124.0100001, -18.0974998 ], [ 124.0097223, -18.0974998 ], [ 124.0094445, -18.0972221 ], [ 124.0091668, -18.0969443 ], [ 124.008889, -18.0969443 ], [ 124.0086112, -18.0966665 ], [ 124.0083334, -18.0963887 ], [ 124.0080556, -18.0963887 ], [ 124.0077779, -18.096111 ], [ 124.0075001, -18.0958332 ], [ 124.0072223, -18.0958332 ], [ 124.0069445, -18.0955554 ], [ 124.0066668, -18.0955554 ], [ 124.006389, -18.0955554 ], [ 124.0061112, -18.0952776 ], [ 124.0058334, -18.0952776 ], [ 124.0055556, -18.0949998 ], [ 124.0052779, -18.0949998 ], [ 124.0050001, -18.0947221 ], [ 124.0047223, -18.0947221 ], [ 124.0044445, -18.0944443 ], [ 124.0041668, -18.0944443 ], [ 124.003889, -18.0941665 ], [ 124.0036112, -18.0941665 ], [ 124.0033334, -18.0941665 ], [ 124.0030556, -18.0941665 ], [ 124.0027779, -18.0941665 ], [ 124.0025001, -18.0941665 ], [ 124.0022223, -18.0944443 ], [ 124.0019445, -18.0944443 ], [ 124.0016668, -18.0944443 ], [ 124.001389, -18.0944443 ], [ 124.0011112, -18.0941665 ], [ 124.0008334, -18.0941665 ], [ 124.0005556, -18.0941665 ], [ 124.0002779, -18.0944443 ], [ 124.0, -18.0944443 ], [ 123.9997223, -18.0944443 ], [ 123.9994445, -18.0944443 ], [ 123.9991668, -18.0944443 ], [ 123.998889, -18.0944443 ], [ 123.9986112, -18.0944443 ], [ 123.9983334, -18.0944443 ], [ 123.9980556, -18.0944443 ], [ 123.9977779, -18.0944443 ], [ 123.9975001, -18.0947221 ], [ 123.9972223, -18.0947221 ], [ 123.9969445, -18.0949998 ], [ 123.9966668, -18.0949998 ], [ 123.996389, -18.0952776 ], [ 123.9961112, -18.0952776 ], [ 123.9958334, -18.0955554 ], [ 123.9955556, -18.0955554 ], [ 123.9952779, -18.0955554 ], [ 123.9950001, -18.0955554 ], [ 123.9947223, -18.0958332 ], [ 123.9944445, -18.0958332 ], [ 123.9941668, -18.0958332 ], [ 123.993889, -18.0958332 ], [ 123.9936112, -18.0958332 ], [ 123.9933334, -18.0958332 ], [ 123.9930556, -18.0955554 ], [ 123.9927779, -18.0955554 ], [ 123.9925001, -18.0952776 ], [ 123.9922223, -18.0952776 ], [ 123.9919445, -18.0949998 ], [ 123.9916668, -18.0947221 ], [ 123.991389, -18.0947221 ], [ 123.9911112, -18.0944443 ], [ 123.9908334, -18.0944443 ], [ 123.9905556, -18.0941665 ], [ 123.9902779, -18.0938887 ], [ 123.9900001, -18.093611 ], [ 123.9897223, -18.0933332 ], [ 123.9894445, -18.0930554 ], [ 123.9891668, -18.0927776 ], [ 123.9891668, -18.0924998 ], [ 123.988889, -18.0922221 ], [ 123.9886112, -18.0919443 ], [ 123.9883334, -18.0916665 ], [ 123.9880556, -18.0913887 ], [ 123.9880556, -18.091111 ], [ 123.9877779, -18.0908332 ], [ 123.9875001, -18.0905554 ], [ 123.9875001, -18.0902776 ], [ 123.9872223, -18.0899998 ], [ 123.9872223, -18.0897221 ], [ 123.9872223, -18.0894443 ], [ 123.9872223, -18.0891665 ], [ 123.9872223, -18.0888887 ], [ 123.9872223, -18.088611 ], [ 123.9872223, -18.0883332 ], [ 123.9872223, -18.0880554 ], [ 123.9872223, -18.0877776 ], [ 123.9872223, -18.0874998 ], [ 123.9872223, -18.0872221 ], [ 123.9872223, -18.0869443 ], [ 123.9872223, -18.0866665 ], [ 123.9872223, -18.0863887 ], [ 123.9872223, -18.086111 ], [ 123.9872223, -18.0858332 ], [ 123.9872223, -18.0855554 ], [ 123.9872223, -18.0852776 ], [ 123.9872223, -18.0849998 ], [ 123.9869445, -18.0847221 ], [ 123.9869445, -18.0844443 ], [ 123.9869445, -18.0841665 ] ] } },
{ "type": "Feature", "properties": { "HydroID": 101914615, "AHGFFType": 1, "Name": " ", "Hierarchy": "Minor", "Perennial": "Non Perennial", "AusHydroID": 1436926, "AusHydroEr": 1, "SegmentNo": 407618, "DrainID": 100645292, "From_Node": 101624728, "To_Node": 101624689, "NextDownID": 101914577, "Enabled": 1, "FlowDir": 1, "SrcFCName": "DEMDerivedStreamsVector", "SrcFType": "Watercourse", "SrcType": 1, "SourceID": null, "FeatRel": "2019-08-21T00:00:00Z", "FSource": "GEOSCIENCE AUSTRALIA", "AttrRel": "2019-08-21T00:00:00Z", "AttrSource": "GEOSCIENCE AUSTRALIA", "PlanAcc": 15, "Symbol": null, "TextNote": null, "GeodesLen": 1260.0274800255893, "UpstrGeoLn": 1260.0274800255893, "UpstrDArea": 2341092.5422677924, "ConCatID": 239786, "StrOutlet": 0, "Shape_Length": 0.01161083127344523 }, "bbox": [ 124.0136112, -18.0472221, 124.0186112, -18.0432502 ], "geometry": { "type": "LineString", "coordinates": [ [ 124.0186112, -18.0432502 ], [ 124.0186112, -18.0433332 ], [ 124.0186112, -18.043611 ], [ 124.0186112, -18.0438887 ], [ 124.0186112, -18.0441665 ], [ 124.0186112, -18.0444443 ], [ 124.0186112, -18.0447221 ], [ 124.0186112, -18.0449998 ], [ 124.0183334, -18.0452776 ], [ 124.0180556, -18.0455554 ], [ 124.0177779, -18.0458332 ], [ 124.0175001, -18.046111 ], [ 124.0172223, -18.0463887 ], [ 124.0172223, -18.0466665 ], [ 124.0169445, -18.0469443 ], [ 124.0166668, -18.0469443 ], [ 124.016389, -18.0472221 ], [ 124.0161112, -18.0472221 ], [ 124.0158334, -18.0472221 ], [ 124.0155556, -18.0472221 ], [ 124.0152779, -18.0469443 ], [ 124.0150001, -18.0469443 ], [ 124.0147223, -18.0469443 ], [ 124.0144445, -18.0469443 ], [ 124.0141668, -18.0469443 ], [ 124.013889, -18.0469443 ], [ 124.0136112, -18.0466665 ] ] } },
{ "type": "Feature", "properties": { "HydroID": 101914634, "AHGFFType": 1, "Name": "SNAKE CREEK", "Hierarchy": "Major", "Perennial": "Non Perennial", "AusHydroID": 1433236, "AusHydroEr": 1, "SegmentNo": 407678, "DrainID": 100645322, "From_Node": 101624748, "To_Node": 101624721, "NextDownID": 101914608, "Enabled": 1, "FlowDir": 1, "SrcFCName": "DEMDerivedStreamsVector", "SrcFType": "Watercourse", "SrcType": 1, "SourceID": null, "FeatRel": "2019-08-21T00:00:00Z", "FSource": "GEOSCIENCE AUSTRALIA", "AttrRel": "2019-08-21T00:00:00Z", "AttrSource": "GEOSCIENCE AUSTRALIA", "PlanAcc": 15, "Symbol": 6, "TextNote": null, "GeodesLen": 352.81705893588952, "UpstrGeoLn": 56630682.501514204, "UpstrDArea": 53591457318.556503, "ConCatID": 239786, "StrOutlet": 0, "Shape_Length": 0.0033333330000004935 }, "bbox": [ 124.0194445, -18.1, 124.0227779, -18.1 ], "geometry": { "type": "LineString", "coordinates": [ [ 124.0227779, -18.1 ], [ 124.0225001, -18.1 ], [ 124.0222223, -18.1 ], [ 124.0219445, -18.1 ], [ 124.0216668, -18.1 ], [ 124.021389, -18.1 ], [ 124.0211112, -18.1 ], [ 124.0208334, -18.1 ], [ 124.0205556, -18.1 ], [ 124.0202779, -18.1 ], [ 124.0200001, -18.1 ], [ 124.0197223, -18.1 ], [ 124.0194445, -18.1 ] ] } },
{ "type": "Feature", "properties": { "HydroID": 101914635, "AHGFFType": 1, "Name": " ", "Hierarchy": "Minor", "Perennial": "Non Perennial", "AusHydroID": 1434074, "AusHydroEr": 1, "SegmentNo": 407469, "DrainID": 100645210, "From_Node": 101624748, "To_Node": 101624604, "NextDownID": 101914498, "Enabled": 1, "FlowDir": 1, "SrcFCName": "DEMDerivedStreamsVector", "SrcFType": "Watercourse", "SrcType": 1, "SourceID": null, "FeatRel": "2019-08-21T00:00:00Z", "FSource": "GEOSCIENCE AUSTRALIA", "AttrRel": "2019-08-21T00:00:00Z", "AttrSource": "GEOSCIENCE AUSTRALIA", "PlanAcc": 15, "Symbol": null, "TextNote": null, "GeodesLen": 3025.2196469684941, "UpstrGeoLn": 56633354.904102236, "UpstrDArea": 53593518408.41906, "ConCatID": 239786, "StrOutlet": 0, "Shape_Length": 0.028118167114694101 }, "bbox": [ 124.0011112, -18.1, 124.0227779, -18.0869443 ], "geometry": { "type": "LineString", "coordinates": [ [ 124.0227779, -18.1 ], [ 124.0225001, -18.0997221 ], [ 124.0225001, -18.0994443 ], [ 124.0222223, -18.0991665 ], [ 124.0219445, -18.0988887 ], [ 124.0216668, -18.0988887 ], [ 124.021389, -18.0988887 ], [ 124.0211112, -18.0988887 ], [ 124.0208334, -18.0988887 ], [ 124.0205556, -18.098611 ], [ 124.0202779, -18.0983332 ], [ 124.0200001, -18.0980554 ], [ 124.0197223, -18.0980554 ], [ 124.0194445, -18.0977776 ], [ 124.0191668, -18.0977776 ], [ 124.018889, -18.0974998 ], [ 124.0186112, -18.0972221 ], [ 124.0183334, -18.0972221 ], [ 124.0180556, -18.0969443 ], [ 124.0177779, -18.0969443 ], [ 124.0175001, -18.0969443 ], [ 124.0172223, -18.0969443 ], [ 124.0169445, -18.0972221 ], [ 124.0166668, -18.0972221 ], [ 124.016389, -18.0972221 ], [ 124.0161112, -18.0969443 ], [ 124.0158334, -18.0969443 ], [ 124.0155556, -18.0966665 ], [ 124.0152779, -18.0963887 ], [ 124.0150001, -18.096111 ], [ 124.0147223, -18.096111 ], [ 124.0144445, -18.0958332 ], [ 124.0141668, -18.0955554 ], [ 124.013889, -18.0952776 ], [ 124.0136112, -18.0952776 ], [ 124.0133334, -18.0949998 ], [ 124.0130556, -18.0947221 ], [ 124.0127779, -18.0947221 ], [ 124.0125001, -18.0944443 ], [ 124.0122223, -18.0944443 ], [ 124.0119445, -18.0941665 ], [ 124.0116668, -18.0938887 ], [ 124.011389, -18.093611 ], [ 124.0111112, -18.093611 ], [ 124.0108334, -18.0933332 ], [ 124.0105556, -18.0933332 ], [ 124.0102779, -18.0930554 ], [ 124.0102779, -18.0927776 ], [ 124.0100001, -18.0924998 ], [ 124.0097223, -18.0922221 ], [ 124.0094445, -18.0919443 ], [ 124.0091668, -18.0919443 ], [ 124.008889, -18.0916665 ], [ 124.0086112, -18.0916665 ], [ 124.0083334, -18.0913887 ], [ 124.0080556, -18.091111 ], [ 124.0077779, -18.0908332 ], [ 124.0075001, -18.0905554 ], [ 124.0072223, -18.0902776 ], [ 124.0069445, -18.0899998 ], [ 124.0066668, -18.0899998 ], [ 124.006389, -18.0897221 ], [ 124.0061112, -18.0897221 ], [ 124.0058334, -18.0894443 ], [ 124.0055556, -18.0894443 ], [ 124.0052779, -18.0894443 ], [ 124.0050001, -18.0894443 ], [ 124.0047223, -18.0894443 ], [ 124.0044445, -18.0894443 ], [ 124.0041668, -18.0894443 ], [ 124.003889, -18.0894443 ], [ 124.0036112, -18.0894443 ], [ 124.0033334, -18.0894443 ], [ 124.0030556, -18.0894443 ], [ 124.0027779, -18.0891665 ], [ 124.0025001, -18.0888887 ], [ 124.0022223, -18.088611 ], [ 124.0022223, -18.0883332 ], [ 124.0022223, -18.0880554 ], [ 124.0019445, -18.0877776 ], [ 124.0019445, -18.0874998 ], [ 124.0016668, -18.0872221 ], [ 124.001389, -18.0869443 ], [ 124.0011112, -18.0869443 ] ] } },
{ "type": "Feature", "properties": { "HydroID": 101914654, "AHGFFType": 1, "Name": " ", "Hierarchy": "Minor", "Perennial": "Non Perennial", "AusHydroID": 1434171, "AusHydroEr": 1, "SegmentNo": 407807, "DrainID": 100645387, "From_Node": 101624767, "To_Node": 101624790, "NextDownID": 101914679, "Enabled": 1, "FlowDir": 1, "SrcFCName": "DEMDerivedStreamsVector", "SrcFType": "Watercourse", "SrcType": 1, "SourceID": null, "FeatRel": "2019-08-21T00:00:00Z", "FSource": "GEOSCIENCE AUSTRALIA", "AttrRel": "2019-08-21T00:00:00Z", "AttrSource": "GEOSCIENCE AUSTRALIA", "PlanAcc": 15, "Symbol": null, "TextNote": null, "GeodesLen": 1782.0039486731275, "UpstrGeoLn": 1782.0039486731275, "UpstrDArea": 1630802.6481887863, "ConCatID": 239786, "StrOutlet": 0, "Shape_Length": 0.016420194350377965 }, "bbox": [ 124.0236112, -18.0963887, 124.0297223, -18.0855554 ], "geometry": { "type": "LineString", "coordinates": [ [ 124.0255556, -18.0855554 ], [ 124.0255556, -18.0858332 ], [ 124.0258334, -18.086111 ], [ 124.0261112, -18.0863887 ], [ 124.0261112, -18.0866665 ], [ 124.0261112, -18.0869443 ], [ 124.0261112, -18.0872221 ], [ 124.0261112, -18.0874998 ], [ 124.0261112, -18.0877776 ], [ 124.0261112, -18.0880554 ], [ 124.0261112, -18.0883332 ], [ 124.0258334, -18.088611 ], [ 124.0255556, -18.0888887 ], [ 124.0252779, -18.0888887 ], [ 124.0250001, -18.0891665 ], [ 124.0247223, -18.0891665 ], [ 124.0244445, -18.0894443 ], [ 124.0241668, -18.0894443 ], [ 124.023889, -18.0897221 ], [ 124.0236112, -18.0899998 ], [ 124.0236112, -18.0902776 ], [ 124.0236112, -18.0905554 ], [ 124.0236112, -18.0908332 ], [ 124.0236112, -18.091111 ], [ 124.023889, -18.0913887 ], [ 124.023889, -18.0916665 ], [ 124.0241668, -18.0919443 ], [ 124.0244445, -18.0919443 ], [ 124.0247223, -18.0922221 ], [ 124.0250001, -18.0924998 ], [ 124.0252779, -18.0924998 ], [ 124.0255556, -18.0924998 ], [ 124.0258334, -18.0927776 ], [ 124.0261112, -18.0927776 ], [ 124.026389, -18.0930554 ], [ 124.0266668, -18.0930554 ], [ 124.0269445, -18.0930554 ], [ 124.0272223, -18.0933332 ], [ 124.0275001, -18.0933332 ], [ 124.0277779, -18.093611 ], [ 124.0280556, -18.093611 ], [ 124.0283334, -18.0938887 ], [ 124.0286112, -18.0941665 ], [ 124.028889, -18.0944443 ], [ 124.028889, -18.0947221 ], [ 124.0291668, -18.0949998 ], [ 124.0291668, -18.0952776 ], [ 124.0294445, -18.0955554 ], [ 124.0297223, -18.0958332 ], [ 124.0297223, -18.096111 ], [ 124.0297223, -18.0963887 ] ] } },
{ "type": "Feature", "properties": { "HydroID": 101914655, "AHGFFType": 1, "Name": " ", "Hierarchy": "Minor", "Perennial": "Non Perennial", "AusHydroID": 1433291, "AusHydroEr": 1, "SegmentNo": 407412, "DrainID": 100645178, "From_Node": 101624766, "To_Node": 101624581, "NextDownID": 101914472, "Enabled": 1, "FlowDir": 1, "SrcFCName": "DEMDerivedStreamsVector", "SrcFType": "Watercourse", "SrcType": 1, "SourceID": null, "FeatRel": "2019-08-21T00:00:00Z", "FSource": "GEOSCIENCE AUSTRALIA", "AttrRel": "2019-08-21T00:00:00Z", "AttrSource": "GEOSCIENCE AUSTRALIA", "PlanAcc": 15, "Symbol": null, "TextNote": null, "GeodesLen": 3738.0318733330855, "UpstrGeoLn": 56629943.820575468, "UpstrDArea": 53589077028.203972, "ConCatID": 239786, "StrOutlet": 0, "Shape_Length": 0.034852233238080683 }, "bbox": [ 123.9969445, -18.1124998, 124.0255556, -18.0988887 ], "geometry": { "type": "LineString", "coordinates": [ [ 124.0255556, -18.1124998 ], [ 124.0252779, -18.1124998 ], [ 124.0250001, -18.1122221 ], [ 124.0247223, -18.1122221 ], [ 124.0244445, -18.1122221 ], [ 124.0241668, -18.1122221 ], [ 124.023889, -18.1122221 ], [ 124.0236112, -18.1122221 ], [ 124.0233334, -18.1119443 ], [ 124.0230556, -18.1119443 ], [ 124.0227779, -18.1116665 ], [ 124.0225001, -18.1113887 ], [ 124.0222223, -18.1113887 ], [ 124.0219445, -18.111111 ], [ 124.0216668, -18.1108332 ], [ 124.021389, -18.1108332 ], [ 124.0211112, -18.1105554 ], [ 124.0208334, -18.1102776 ], [ 124.0205556, -18.1102776 ], [ 124.0202779, -18.1099998 ], [ 124.0200001, -18.1099998 ], [ 124.0197223, -18.1097221 ], [ 124.0194445, -18.1097221 ], [ 124.0191668, -18.1094443 ], [ 124.018889, -18.1094443 ], [ 124.0186112, -18.1091665 ], [ 124.0183334, -18.1091665 ], [ 124.0180556, -18.1091665 ], [ 124.0177779, -18.1091665 ], [ 124.0175001, -18.1091665 ], [ 124.0172223, -18.1091665 ], [ 124.0169445, -18.1088887 ], [ 124.0166668, -18.1088887 ], [ 124.016389, -18.1088887 ], [ 124.0161112, -18.1088887 ], [ 124.0158334, -18.108611 ], [ 124.0155556, -18.108611 ], [ 124.0152779, -18.1083332 ], [ 124.0150001, -18.1083332 ], [ 124.0147223, -18.1080554 ], [ 124.0144445, -18.1077776 ], [ 124.0144445, -18.1074998 ], [ 124.0141668, -18.1072221 ], [ 124.0141668, -18.1069443 ], [ 124.013889, -18.1066665 ], [ 124.0136112, -18.1063887 ], [ 124.0133334, -18.106111 ], [ 124.0130556, -18.1058332 ], [ 124.0127779, -18.1058332 ], [ 124.0125001, -18.1058332 ], [ 124.0122223, -18.1058332 ], [ 124.0119445, -18.1055554 ], [ 124.0116668, -18.1055554 ], [ 124.011389, -18.1052776 ], [ 124.0111112, -18.1049998 ], [ 124.0108334, -18.1047221 ], [ 124.0105556, -18.1047221 ], [ 124.0102779, -18.1044443 ], [ 124.0100001, -18.1044443 ], [ 124.0097223, -18.1044443 ], [ 124.0094445, -18.1044443 ], [ 124.0091668, -18.1041665 ], [ 124.008889, -18.1041665 ], [ 124.0086112, -18.1041665 ], [ 124.0083334, -18.1041665 ], [ 124.0080556, -18.1041665 ], [ 124.0077779, -18.1041665 ], [ 124.0075001, -18.1041665 ], [ 124.0072223, -18.1041665 ], [ 124.0069445, -18.1041665 ], [ 124.0066668, -18.1041665 ], [ 124.006389, -18.1041665 ], [ 124.0061112, -18.1041665 ], [ 124.0058334, -18.1038887 ], [ 124.0055556, -18.103611 ], [ 124.0055556, -18.1033332 ], [ 124.0052779, -18.1030554 ], [ 124.0050001, -18.1027776 ], [ 124.0047223, -18.1024998 ], [ 124.0044445, -18.1022221 ], [ 124.0041668, -18.1019443 ], [ 124.003889, -18.1019443 ], [ 124.0036112, -18.1019443 ], [ 124.0033334, -18.1019443 ], [ 124.0030556, -18.1019443 ], [ 124.0027779, -18.1016665 ], [ 124.0025001, -18.1016665 ], [ 124.0022223, -18.1013887 ], [ 124.0019445, -18.1013887 ], [ 124.0016668, -18.101111 ], [ 124.001389, -18.1008332 ], [ 124.0011112, -18.1005554 ], [ 124.0008334, -18.1002776 ], [ 124.0005556, -18.1002776 ], [ 124.0002779, -18.1 ], [ 124.0, -18.1 ], [ 123.9997223, -18.0997221 ], [ 123.9994445, -18.0994443 ], [ 123.9991668, -18.0994443 ], [ 123.998889, -18.0991665 ], [ 123.9986112, -18.0991665 ], [ 123.9983334, -18.0991665 ], [ 123.9980556, -18.0988887 ], [ 123.9977779, -18.0988887 ], [ 123.9975001, -18.0988887 ], [ 123.9972223, -18.0991665 ], [ 123.9969445, -18.0991665 ] ] } },
{ "type": "Feature", "properties": { "HydroID": 101914667, "AHGFFType": 1, "Name": " ", "Hierarchy": "Minor", "Perennial": "Non Perennial", "AusHydroID": 1436626, "AusHydroEr": 1, "SegmentNo": 407572, "DrainID": 100645261, "From_Node": 101624779, "To_Node": 101624658, "NextDownID": 101914549, "Enabled": 1, "FlowDir": 1, "SrcFCName": "DEMDerivedStreamsVector", "SrcFType": "Watercourse", "SrcType": 1, "SourceID": null, "FeatRel": "2019-08-21T00:00:00Z", "FSource": "GEOSCIENCE AUSTRALIA", "AttrRel": "2019-08-21T00:00:00Z", "AttrSource": "GEOSCIENCE AUSTRALIA", "PlanAcc": 15, "Symbol": null, "TextNote": null, "GeodesLen": 2849.8828384355274, "UpstrGeoLn": 2849.8828384355274, "UpstrDArea": 2219820.9342431892, "ConCatID": 239786, "StrOutlet": 0, "Shape_Length": 0.026384095577038066 }, "bbox": [ 124.0094445, -18.0574998, 124.0275001, -18.0441665 ], "geometry": { "type": "LineString", "coordinates": [ [ 124.0275001, -18.0441665 ], [ 124.0272223, -18.0444443 ], [ 124.0269445, -18.0447221 ], [ 124.0266668, -18.0449998 ], [ 124.026389, -18.0449998 ], [ 124.0261112, -18.0452776 ], [ 124.0258334, -18.0452776 ], [ 124.0255556, -18.0455554 ], [ 124.0252779, -18.0458332 ], [ 124.0250001, -18.046111 ], [ 124.0250001, -18.0463887 ], [ 124.0250001, -18.0466665 ], [ 124.0247223, -18.0469443 ], [ 124.0247223, -18.0472221 ], [ 124.0247223, -18.0474998 ], [ 124.0247223, -18.0477776 ], [ 124.0244445, -18.0480554 ], [ 124.0241668, -18.0483332 ], [ 124.0241668, -18.048611 ], [ 124.0241668, -18.0488887 ], [ 124.0241668, -18.0491665 ], [ 124.023889, -18.0494443 ], [ 124.0236112, -18.0497221 ], [ 124.0233334, -18.0497221 ], [ 124.0230556, -18.0497221 ], [ 124.0227779, -18.0499998 ], [ 124.0225001, -18.0499998 ], [ 124.0222223, -18.0502776 ], [ 124.0219445, -18.0505554 ], [ 124.0216668, -18.0505554 ], [ 124.021389, -18.0508332 ], [ 124.0211112, -18.051111 ], [ 124.0211112, -18.0513887 ], [ 124.0208334, -18.0516665 ], [ 124.0205556, -18.0519443 ], [ 124.0202779, -18.0522221 ], [ 124.0200001, -18.0524998 ], [ 124.0200001, -18.0527776 ], [ 124.0200001, -18.0530554 ], [ 124.0197223, -18.0533332 ], [ 124.0194445, -18.053611 ], [ 124.0191668, -18.053611 ], [ 124.018889, -18.0538887 ], [ 124.0186112, -18.0541665 ], [ 124.0183334, -18.0544443 ], [ 124.0180556, -18.0547221 ], [ 124.0177779, -18.0549998 ], [ 124.0175001, -18.0549998 ], [ 124.0172223, -18.0549998 ], [ 124.0169445, -18.0549998 ], [ 124.0166668, -18.0549998 ], [ 124.016389, -18.0549998 ], [ 124.0161112, -18.0547221 ], [ 124.0158334, -18.0544443 ], [ 124.0155556, -18.0544443 ], [ 124.0152779, -18.0547221 ], [ 124.0150001, -18.0549998 ], [ 124.0147223, -18.0549998 ], [ 124.0144445, -18.0549998 ], [ 124.0141668, -18.0549998 ], [ 124.013889, -18.0547221 ], [ 124.0136112, -18.0547221 ], [ 124.0133334, -18.0547221 ], [ 124.0130556, -18.0547221 ], [ 124.0127779, -18.0549998 ], [ 124.0125001, -18.0549998 ], [ 124.0122223, -18.0552776 ], [ 124.0122223, -18.0555554 ], [ 124.0119445, -18.0558332 ], [ 124.0119445, -18.056111 ], [ 124.0116668, -18.0563887 ], [ 124.011389, -18.0566665 ], [ 124.0111112, -18.0566665 ], [ 124.0108334, -18.0569443 ], [ 124.0105556, -18.0569443 ], [ 124.0102779, -18.0572221 ], [ 124.0100001, -18.0572221 ], [ 124.0097223, -18.0574998 ], [ 124.0094445, -18.0574998 ] ] } },
{ "type": "Feature", "properties": { "HydroID": 101914668, "AHGFFType": 1, "Name": "SNAKE CREEK", "Hierarchy": "Major", "Perennial": "Non Perennial", "AusHydroID": 1433237, "AusHydroEr": 1, "SegmentNo": 407727, "DrainID": 100645342, "From_Node": 101624778, "To_Node": 101624748, "NextDownID": 101914634, "Enabled": 1, "FlowDir": 1, "SrcFCName": "DEMDerivedStreamsVector", "SrcFType": "Watercourse", "SrcType": 1, "SourceID": null, "FeatRel": "2019-08-21T00:00:00Z", "FSource": "GEOSCIENCE AUSTRALIA", "AttrRel": "2019-08-21T00:00:00Z", "AttrSource": "GEOSCIENCE AUSTRALIA", "PlanAcc": 15, "Symbol": 6, "TextNote": null, "GeodesLen": 565.51814030518528, "UpstrGeoLn": 56630329.684455268, "UpstrDArea": 53591380483.610672, "ConCatID": 239786, "StrOutlet": 0, "Shape_Length": 0.0052975189532463891 }, "bbox": [ 124.0227779, -18.1013887, 124.0275001, -18.1 ], "geometry": { "type": "LineString", "coordinates": [ [ 124.0275001, -18.1013887 ], [ 124.0272223, -18.1013887 ], [ 124.0269445, -18.101111 ], [ 124.0266668, -18.101111 ], [ 124.026389, -18.1008332 ], [ 124.0261112, -18.1008332 ], [ 124.0258334, -18.1008332 ], [ 124.0255556, -18.1005554 ], [ 124.0252779, -18.1005554 ], [ 124.0250001, -18.1005554 ], [ 124.0247223, -18.1002776 ], [ 124.0244445, -18.1 ], [ 124.0241668, -18.1 ], [ 124.023889, -18.1 ], [ 124.0236112, -18.1 ], [ 124.0233334, -18.1 ], [ 124.0230556, -18.1 ], [ 124.0227779, -18.1 ] ] } },
{ "type": "Feature", "properties": { "HydroID": 101914677, "AHGFFType": 1, "Name": " ", "Hierarchy": "Minor", "Perennial": "Non Perennial", "AusHydroID": 1434256, "AusHydroEr": 1, "SegmentNo": 408081, "DrainID": 100645537, "From_Node": 101624788, "To_Node": 101624934, "NextDownID": 101914828, "Enabled": 1, "FlowDir": 1, "SrcFCName": "DEMDerivedStreamsVector", "SrcFType": "Watercourse", "SrcType": 1, "SourceID": null, "FeatRel": "2019-08-21T00:00:00Z", "FSource": "GEOSCIENCE AUSTRALIA", "AttrRel": "2019-08-21T00:00:00Z", "AttrSource": "GEOSCIENCE AUSTRALIA", "PlanAcc": 15, "Symbol": null, "TextNote": null, "GeodesLen": 3656.3145510570021, "UpstrGeoLn": 3656.3145510570021, "UpstrDArea": 4794899.5057886755, "ConCatID": 239786, "StrOutlet": 0, "Shape_Length": 0.033971240653993616 }, "bbox": [ 124.0294445, -18.0977776, 124.0550001, -18.0830554 ], "geometry": { "type": "LineString", "coordinates": [ [ 124.0294445, -18.0830554 ], [ 124.0297223, -18.0833332 ], [ 124.0300001, -18.0833332 ], [ 124.0302779, -18.083611 ], [ 124.0305556, -18.0838887 ], [ 124.0308334, -18.0838887 ], [ 124.0311112, -18.0841665 ], [ 124.031389, -18.0844443 ], [ 124.0316668, -18.0844443 ], [ 124.0319445, -18.0844443 ], [ 124.0322223, -18.0847221 ], [ 124.0325001, -18.0849998 ], [ 124.0327779, -18.0852776 ], [ 124.0327779, -18.0855554 ], [ 124.0330556, -18.0858332 ], [ 124.0333334, -18.086111 ], [ 124.0336112, -18.086111 ], [ 124.033889, -18.0863887 ], [ 124.0341668, -18.0866665 ], [ 124.0344445, -18.0866665 ], [ 124.0347223, -18.0869443 ], [ 124.0350001, -18.0869443 ], [ 124.0352779, -18.0869443 ], [ 124.0355556, -18.0869443 ], [ 124.0358334, -18.0869443 ], [ 124.0361112, -18.0872221 ], [ 124.036389, -18.0872221 ], [ 124.0366668, -18.0872221 ], [ 124.0369445, -18.0872221 ], [ 124.0372223, -18.0872221 ], [ 124.0375001, -18.0872221 ], [ 124.0377779, -18.0874998 ], [ 124.0377779, -18.0877776 ], [ 124.0377779, -18.0880554 ], [ 124.0380556, -18.0883332 ], [ 124.0383334, -18.0883332 ], [ 124.0386112, -18.0883332 ], [ 124.038889, -18.0880554 ], [ 124.0391668, -18.0880554 ], [ 124.0394445, -18.0880554 ], [ 124.0397223, -18.0880554 ], [ 124.0400001, -18.0883332 ], [ 124.0402779, -18.088611 ], [ 124.0405556, -18.0888887 ], [ 124.0408334, -18.0888887 ], [ 124.0411112, -18.0891665 ], [ 124.041389, -18.0891665 ], [ 124.0416668, -18.0891665 ], [ 124.0419445, -18.0891665 ], [ 124.0422223, -18.0894443 ], [ 124.0425001, -18.0897221 ], [ 124.0427779, -18.0897221 ], [ 124.0430556, -18.0899998 ], [ 124.0433334, -18.0902776 ], [ 124.0433334, -18.0905554 ], [ 124.0436112, -18.0908332 ], [ 124.0436112, -18.091111 ], [ 124.0436112, -18.0913887 ], [ 124.043889, -18.0916665 ], [ 124.0441668, -18.0916665 ], [ 124.0444445, -18.0913887 ], [ 124.0447223, -18.0913887 ], [ 124.0450001, -18.0913887 ], [ 124.0452779, -18.0913887 ], [ 124.0455556, -18.091111 ], [ 124.0458334, -18.0913887 ], [ 124.0461112, -18.0916665 ], [ 124.046389, -18.0916665 ], [ 124.0466668, -18.0919443 ], [ 124.0466668, -18.0922221 ], [ 124.0469445, -18.0924998 ], [ 124.0472223, -18.0927776 ], [ 124.0475001, -18.0930554 ], [ 124.0477779, -18.0930554 ], [ 124.0480556, -18.0933332 ], [ 124.0480556, -18.093611 ], [ 124.0483334, -18.0938887 ], [ 124.0486112, -18.0941665 ], [ 124.0486112, -18.0944443 ], [ 124.0486112, -18.0947221 ], [ 124.048889, -18.0949998 ], [ 124.0491668, -18.0949998 ], [ 124.0494445, -18.0952776 ], [ 124.0497223, -18.0952776 ], [ 124.0500001, -18.0955554 ], [ 124.0502779, -18.0955554 ], [ 124.0505556, -18.0958332 ], [ 124.0508334, -18.0958332 ], [ 124.0511112, -18.0958332 ], [ 124.051389, -18.0958332 ], [ 124.0516668, -18.096111 ], [ 124.0519445, -18.0963887 ], [ 124.0522223, -18.0966665 ], [ 124.0525001, -18.0966665 ], [ 124.0527779, -18.0969443 ], [ 124.0530556, -18.0969443 ], [ 124.0533334, -18.0969443 ], [ 124.0536112, -18.0972221 ], [ 124.053889, -18.0974998 ], [ 124.0541668, -18.0977776 ], [ 124.0544445, -18.0977776 ], [ 124.0547223, -18.0977776 ], [ 124.0550001, -18.0977776 ] ] } },
{ "type": "Feature", "properties": { "HydroID": 101914679, "AHGFFType": 1, "Name": " ", "Hierarchy": "Minor", "Perennial": "Non Perennial", "AusHydroID": 1433446, "AusHydroEr": 1, "SegmentNo": 407789, "DrainID": 100645381, "From_Node": 101624790, "To_Node": 101624778, "NextDownID": 101914668, "Enabled": 1, "FlowDir": 1, "SrcFCName": "DEMDerivedStreamsVector", "SrcFType": "Watercourse", "SrcType": 1, "SourceID": null, "FeatRel": "2019-08-21T00:00:00Z", "FSource": "GEOSCIENCE AUSTRALIA", "AttrRel": "2019-08-21T00:00:00Z", "AttrSource": "GEOSCIENCE AUSTRALIA", "PlanAcc": 15, "Symbol": null, "TextNote": null, "GeodesLen": 647.77414987912186, "UpstrGeoLn": 3583.3480917598845, "UpstrDArea": 2835784.7869064012, "ConCatID": 239786, "StrOutlet": 0, "Shape_Length": 0.0059204747838902099 }, "bbox": [ 124.0275001, -18.1013887, 124.0297223, -18.0963887 ], "geometry": { "type": "LineString", "coordinates": [ [ 124.0297223, -18.0963887 ], [ 124.0294445, -18.0966665 ], [ 124.0291668, -18.0969443 ], [ 124.028889, -18.0972221 ], [ 124.028889, -18.0974998 ], [ 124.0286112, -18.0977776 ], [ 124.0283334, -18.0980554 ], [ 124.0280556, -18.0983332 ], [ 124.0280556, -18.098611 ], [ 124.0280556, -18.0988887 ], [ 124.0277779, -18.0991665 ], [ 124.0277779, -18.0994443 ], [ 124.0277779, -18.0997221 ], [ 124.0277779, -18.1 ], [ 124.0277779, -18.1002776 ], [ 124.0277779, -18.1005554 ], [ 124.0277779, -18.1008332 ], [ 124.0277779, -18.101111 ], [ 124.0275001, -18.1013887 ] ] } },
{ "type": "Feature", "properties": { "HydroID": 101914693, "AHGFFType": 1, "Name": " ", "Hierarchy": "Minor", "Perennial": "Non Perennial", "AusHydroID": 1432549, "AusHydroEr": 1, "SegmentNo": 407768, "DrainID": 100645368, "From_Node": 101624802, "To_Node": 101624766, "NextDownID": 101914655, "Enabled": 1, "FlowDir": 1, "SrcFCName": "DEMDerivedStreamsVector", "SrcFType": "Watercourse", "SrcType": 1, "SourceID": null, "FeatRel": "2019-08-21T00:00:00Z", "FSource": "GEOSCIENCE AUSTRALIA", "AttrRel": "2019-08-21T00:00:00Z", "AttrSource": "GEOSCIENCE AUSTRALIA", "PlanAcc": 15, "Symbol": null, "TextNote": null, "GeodesLen": 785.76882710705377, "UpstrGeoLn": 56624869.808636047, "UpstrDArea": 53587168875.997009, "ConCatID": 239786, "StrOutlet": 0, "Shape_Length": 0.0073570236612542318 }, "bbox": [ 124.0255556, -18.1127776, 124.0319445, -18.1116665 ], "geometry": { "type": "LineString", "coordinates": [ [ 124.0319445, -18.1116665 ], [ 124.0316668, -18.1116665 ], [ 124.031389, -18.1116665 ], [ 124.0311112, -18.1119443 ], [ 124.0308334, -18.1122221 ], [ 124.0308334, -18.1124998 ], [ 124.0305556, -18.1127776 ], [ 124.0302779, -18.1127776 ], [ 124.0300001, -18.1127776 ], [ 124.0297223, -18.1127776 ], [ 124.0294445, -18.1124998 ], [ 124.0291668, -18.1124998 ], [ 124.028889, -18.1122221 ], [ 124.0286112, -18.1122221 ], [ 124.0283334, -18.1122221 ], [ 124.0280556, -18.1122221 ], [ 124.0277779, -18.1122221 ], [ 124.0275001, -18.1122221 ], [ 124.0272223, -18.1122221 ], [ 124.0269445, -18.1122221 ], [ 124.0266668, -18.1122221 ], [ 124.026389, -18.1122221 ], [ 124.0261112, -18.1122221 ], [ 124.0258334, -18.1124998 ], [ 124.0255556, -18.1124998 ] ] } },
{ "type": "Feature", "properties": { "HydroID": 101914694, "AHGFFType": 1, "Name": " ", "Hierarchy": "Minor", "Perennial": "Non Perennial", "AusHydroID": 1432717, "AusHydroEr": 1, "SegmentNo": 407766, "DrainID": 100645366, "From_Node": 101624802, "To_Node": 101624766, "NextDownID": 101914655, "Enabled": 1, "FlowDir": 1, "SrcFCName": "DEMDerivedStreamsVector", "SrcFType": "Watercourse", "SrcType": 1, "SourceID": null, "FeatRel": "2019-08-21T00:00:00Z", "FSource": "GEOSCIENCE AUSTRALIA", "AttrRel": "2019-08-21T00:00:00Z", "AttrSource": "GEOSCIENCE AUSTRALIA", "PlanAcc": 15, "Symbol": null, "TextNote": null, "GeodesLen": 1335.9800660920118, "UpstrGeoLn": 56625420.019875027, "UpstrDArea": 53587337005.43148, "ConCatID": 239786, "StrOutlet": 0, "Shape_Length": 0.012301186934740622 }, "bbox": [ 124.0255556, -18.1124998, 124.0319445, -18.1077776 ], "geometry": { "type": "LineString", "coordinates": [ [ 124.0319445, -18.1116665 ], [ 124.0316668, -18.1113887 ], [ 124.031389, -18.111111 ], [ 124.0311112, -18.111111 ], [ 124.0308334, -18.1108332 ], [ 124.0305556, -18.1108332 ], [ 124.0302779, -18.1105554 ], [ 124.0302779, -18.1102776 ], [ 124.0302779, -18.1099998 ], [ 124.0305556, -18.1097221 ], [ 124.0305556, -18.1094443 ], [ 124.0305556, -18.1091665 ], [ 124.0305556, -18.1088887 ], [ 124.0305556, -18.108611 ], [ 124.0305556, -18.1083332 ], [ 124.0302779, -18.1080554 ], [ 124.0300001, -18.1077776 ], [ 124.0297223, -18.1077776 ], [ 124.0294445, -18.1077776 ], [ 124.0291668, -18.1077776 ], [ 124.028889, -18.1080554 ], [ 124.0286112, -18.1083332 ], [ 124.0286112, -18.108611 ], [ 124.0283334, -18.1088887 ], [ 124.0280556, -18.1091665 ], [ 124.0277779, -18.1094443 ], [ 124.0275001, -18.1097221 ], [ 124.0275001, -18.1099998 ], [ 124.0272223, -18.1102776 ], [ 124.0269445, -18.1105554 ], [ 124.0266668, -18.1108332 ], [ 124.026389, -18.111111 ], [ 124.026389, -18.1113887 ], [ 124.0261112, -18.1116665 ], [ 124.0258334, -18.1119443 ], [ 124.0255556, -18.1122221 ], [ 124.0255556, -18.1124998 ] ] } },
{ "type": "Feature", "properties": { "HydroID": 101914696, "AHGFFType": 1, "Name": "SNAKE CREEK", "Hierarchy": "Major", "Perennial": "Non Perennial", "AusHydroID": 1433118, "AusHydroEr": 1, "SegmentNo": 407790, "DrainID": 100645382, "From_Node": 101624805, "To_Node": 101624778, "NextDownID": 101914668, "Enabled": 1, "FlowDir": 1, "SrcFCName": "DEMDerivedStreamsVector", "SrcFType": "Watercourse", "SrcType": 1, "SourceID": null, "FeatRel": "2019-08-21T00:00:00Z", "FSource": "GEOSCIENCE AUSTRALIA", "AttrRel": "2019-08-21T00:00:00Z", "AttrSource": "GEOSCIENCE AUSTRALIA", "PlanAcc": 15, "Symbol": 6, "TextNote": null, "GeodesLen": 676.87194936513879, "UpstrGeoLn": 56626180.818223201, "UpstrDArea": 53588199395.297623, "ConCatID": 239786, "StrOutlet": 0, "Shape_Length": 0.0063133116130420566 }, "bbox": [ 124.0275001, -18.1038887, 124.0327779, -18.1013887 ], "geometry": { "type": "LineString", "coordinates": [ [ 124.0327779, -18.1038887 ], [ 124.0325001, -18.103611 ], [ 124.0322223, -18.1033332 ], [ 124.0319445, -18.1033332 ], [ 124.0316668, -18.1030554 ], [ 124.031389, -18.1030554 ], [ 124.0311112, -18.1030554 ], [ 124.0308334, -18.1027776 ], [ 124.0305556, -18.1024998 ], [ 124.0302779, -18.1024998 ], [ 124.0300001, -18.1022221 ], [ 124.0297223, -18.1019443 ], [ 124.0294445, -18.1019443 ], [ 124.0291668, -18.1019443 ], [ 124.028889, -18.1019443 ], [ 124.0286112, -18.1016665 ], [ 124.0283334, -18.1016665 ], [ 124.0280556, -18.1016665 ], [ 124.0277779, -18.1013887 ], [ 124.0275001, -18.1013887 ] ] } },
{ "type": "Feature", "properties": { "HydroID": 101914699, "AHGFFType": 1, "Name": " ", "Hierarchy": "Minor", "Perennial": "Non Perennial", "AusHydroID": 1433053, "AusHydroEr": 1, "SegmentNo": 407117, "DrainID": 100645012, "From_Node": 101624809, "To_Node": 101624402, "NextDownID": 101914298, "Enabled": 1, "FlowDir": 1, "SrcFCName": "DEMDerivedStreamsVector", "SrcFType": "Watercourse", "SrcType": 1, "SourceID": null, "FeatRel": "2019-08-21T00:00:00Z", "FSource": "GEOSCIENCE AUSTRALIA", "AttrRel": "2019-08-21T00:00:00Z", "AttrSource": "GEOSCIENCE AUSTRALIA", "PlanAcc": 15, "Symbol": null, "TextNote": null, "GeodesLen": 8251.6574262324939, "UpstrGeoLn": 8251.6574262324939, "UpstrDArea": 5726783.7337878393, "ConCatID": 239786, "StrOutlet": 0, "Shape_Length": 0.076859286474321956 }, "bbox": [ 123.973889, -18.1274998, 124.0336112, -18.1027776 ], "geometry": { "type": "LineString", "coordinates": [ [ 124.0336112, -18.1252776 ], [ 124.0333334, -18.1252776 ], [ 124.0330556, -18.1252776 ], [ 124.0327779, -18.1252776 ], [ 124.0325001, -18.1249998 ], [ 124.0322223, -18.1249998 ], [ 124.0319445, -18.1249998 ], [ 124.0316668, -18.1252776 ], [ 124.031389, -18.1255554 ], [ 124.031389, -18.1258332 ], [ 124.0311112, -18.126111 ], [ 124.0308334, -18.1263887 ], [ 124.0305556, -18.1263887 ], [ 124.0302779, -18.1263887 ], [ 124.0300001, -18.1266665 ], [ 124.0297223, -18.1266665 ], [ 124.0294445, -18.1266665 ], [ 124.0291668, -18.1269443 ], [ 124.028889, -18.1269443 ], [ 124.0286112, -18.1269443 ], [ 124.0283334, -18.1266665 ], [ 124.0280556, -18.1263887 ], [ 124.0277779, -18.126111 ], [ 124.0275001, -18.126111 ], [ 124.0272223, -18.126111 ], [ 124.0269445, -18.126111 ], [ 124.0266668, -18.126111 ], [ 124.026389, -18.126111 ], [ 124.0261112, -18.1263887 ], [ 124.0258334, -18.1263887 ], [ 124.0255556, -18.1263887 ], [ 124.0252779, -18.1263887 ], [ 124.0250001, -18.1266665 ], [ 124.0247223, -18.1269443 ], [ 124.0247223, -18.1272221 ], [ 124.0244445, -18.1274998 ], [ 124.0241668, -18.1274998 ], [ 124.023889, -18.1274998 ], [ 124.0236112, -18.1274998 ], [ 124.0233334, -18.1274998 ], [ 124.0230556, -18.1274998 ], [ 124.0227779, -18.1272221 ], [ 124.0225001, -18.1269443 ], [ 124.0222223, -18.1269443 ], [ 124.0219445, -18.1269443 ], [ 124.0216668, -18.1266665 ], [ 124.021389, -18.1263887 ], [ 124.0211112, -18.1263887 ], [ 124.0208334, -18.126111 ], [ 124.0205556, -18.1258332 ], [ 124.0205556, -18.1255554 ], [ 124.0205556, -18.1252776 ], [ 124.0205556, -18.1249998 ], [ 124.0205556, -18.1247221 ], [ 124.0202779, -18.1244443 ], [ 124.0200001, -18.1244443 ], [ 124.0197223, -18.1244443 ], [ 124.0194445, -18.1244443 ], [ 124.0191668, -18.1244443 ], [ 124.018889, -18.1244443 ], [ 124.0186112, -18.1241665 ], [ 124.0183334, -18.1241665 ], [ 124.0180556, -18.1241665 ], [ 124.0177779, -18.1241665 ], [ 124.0175001, -18.1238887 ], [ 124.0172223, -18.1238887 ], [ 124.0169445, -18.1238887 ], [ 124.0166668, -18.123611 ], [ 124.016389, -18.123611 ], [ 124.0161112, -18.1233332 ], [ 124.0158334, -18.1233332 ], [ 124.0155556, -18.1230554 ], [ 124.0152779, -18.1230554 ], [ 124.0150001, -18.1227776 ], [ 124.0147223, -18.1227776 ], [ 124.0144445, -18.1227776 ], [ 124.0141668, -18.1227776 ], [ 124.013889, -18.1227776 ], [ 124.0136112, -18.1224998 ], [ 124.0136112, -18.1222221 ], [ 124.0136112, -18.1219443 ], [ 124.0133334, -18.1216665 ], [ 124.0130556, -18.1216665 ], [ 124.0127779, -18.1216665 ], [ 124.0125001, -18.1216665 ], [ 124.0122223, -18.1213887 ], [ 124.0119445, -18.1213887 ], [ 124.0116668, -18.121111 ], [ 124.011389, -18.121111 ], [ 124.0111112, -18.121111 ], [ 124.0108334, -18.121111 ], [ 124.0105556, -18.121111 ], [ 124.0102779, -18.121111 ], [ 124.0100001, -18.121111 ], [ 124.0097223, -18.121111 ], [ 124.0094445, -18.121111 ], [ 124.0091668, -18.121111 ], [ 124.008889, -18.1213887 ], [ 124.0086112, -18.1213887 ], [ 124.0083334, -18.1213887 ], [ 124.0080556, -18.1213887 ], [ 124.0077779, -18.121111 ], [ 124.0075001, -18.1208332 ], [ 124.0072223, -18.1205554 ], [ 124.0069445, -18.1202776 ], [ 124.0066668, -18.1199998 ], [ 124.006389, -18.1199998 ], [ 124.0061112, -18.1199998 ], [ 124.0058334, -18.1197221 ], [ 124.0055556, -18.1197221 ], [ 124.0052779, -18.1197221 ], [ 124.0050001, -18.1194443 ], [ 124.0047223, -18.1191665 ], [ 124.0044445, -18.1191665 ], [ 124.0041668, -18.1188887 ], [ 124.003889, -18.1188887 ], [ 124.0036112, -18.118611 ], [ 124.0033334, -18.1183332 ], [ 124.0030556, -18.1183332 ], [ 124.0027779, -18.1180554 ], [ 124.0025001, -18.1177776 ], [ 124.0022223, -18.1174998 ], [ 124.0019445, -18.1172221 ], [ 124.0016668, -18.1169443 ], [ 124.001389, -18.1166665 ], [ 124.0011112, -18.1163887 ], [ 124.0011112, -18.116111 ], [ 124.0008334, -18.1158332 ], [ 124.0005556, -18.1155554 ], [ 124.0005556, -18.1152776 ], [ 124.0002779, -18.1149998 ], [ 124.0002779, -18.1147221 ], [ 124.0002779, -18.1144443 ], [ 124.0002779, -18.1141665 ], [ 124.0002779, -18.1138887 ], [ 124.0002779, -18.113611 ], [ 124.0005556, -18.1133332 ], [ 124.0005556, -18.1130554 ], [ 124.0005556, -18.1127776 ], [ 124.0005556, -18.1124998 ], [ 124.0005556, -18.1122221 ], [ 124.0002779, -18.1119443 ], [ 124.0, -18.1116665 ], [ 124.0, -18.1113887 ], [ 123.9997223, -18.111111 ], [ 123.9994445, -18.1108332 ], [ 123.9994445, -18.1105554 ], [ 123.9991668, -18.1102776 ], [ 123.998889, -18.1102776 ], [ 123.9986112, -18.1099998 ], [ 123.9983334, -18.1097221 ], [ 123.9980556, -18.1094443 ], [ 123.9977779, -18.1094443 ], [ 123.9975001, -18.1091665 ], [ 123.9972223, -18.1088887 ], [ 123.9969445, -18.1088887 ], [ 123.9966668, -18.108611 ], [ 123.996389, -18.108611 ], [ 123.9961112, -18.108611 ], [ 123.9958334, -18.108611 ], [ 123.9955556, -18.108611 ], [ 123.9952779, -18.108611 ], [ 123.9950001, -18.108611 ], [ 123.9947223, -18.108611 ], [ 123.9944445, -18.108611 ], [ 123.9941668, -18.1088887 ], [ 123.993889, -18.1088887 ], [ 123.9936112, -18.1088887 ], [ 123.9933334, -18.1091665 ], [ 123.9930556, -18.1091665 ], [ 123.9927779, -18.1094443 ], [ 123.9925001, -18.1094443 ], [ 123.9922223, -18.1094443 ], [ 123.9919445, -18.1094443 ], [ 123.9916668, -18.1094443 ], [ 123.991389, -18.1094443 ], [ 123.9911112, -18.1094443 ], [ 123.9908334, -18.1091665 ], [ 123.9905556, -18.1091665 ], [ 123.9902779, -18.1088887 ], [ 123.9900001, -18.1088887 ], [ 123.9897223, -18.108611 ], [ 123.9894445, -18.1083332 ], [ 123.9891668, -18.1083332 ], [ 123.988889, -18.1080554 ], [ 123.9886112, -18.1080554 ], [ 123.9883334, -18.1077776 ], [ 123.9880556, -18.1074998 ], [ 123.9877779, -18.1072221 ], [ 123.9877779, -18.1069443 ], [ 123.9875001, -18.1066665 ], [ 123.9872223, -18.1063887 ], [ 123.9869445, -18.106111 ], [ 123.9866668, -18.1058332 ], [ 123.986389, -18.1058332 ], [ 123.9861112, -18.1058332 ], [ 123.9858334, -18.1055554 ], [ 123.9855556, -18.1055554 ], [ 123.9852779, -18.1052776 ], [ 123.9850001, -18.1052776 ], [ 123.9847223, -18.1049998 ], [ 123.9844445, -18.1047221 ], [ 123.9841668, -18.1047221 ], [ 123.983889, -18.1044443 ], [ 123.9836112, -18.1044443 ], [ 123.9833334, -18.1044443 ], [ 123.9830556, -18.1044443 ], [ 123.9827779, -18.1044443 ], [ 123.9825001, -18.1044443 ], [ 123.9822223, -18.1044443 ], [ 123.9819445, -18.1044443 ], [ 123.9816668, -18.1044443 ], [ 123.981389, -18.1041665 ], [ 123.9811112, -18.1041665 ], [ 123.9808334, -18.1038887 ], [ 123.9805556, -18.1038887 ], [ 123.9802779, -18.1038887 ], [ 123.9800001, -18.103611 ], [ 123.9797223, -18.103611 ], [ 123.9794445, -18.103611 ], [ 123.9791668, -18.103611 ], [ 123.978889, -18.103611 ], [ 123.9786112, -18.103611 ], [ 123.9783334, -18.103611 ], [ 123.9780556, -18.103611 ], [ 123.9777779, -18.1033332 ], [ 123.9775001, -18.1033332 ], [ 123.9772223, -18.1033332 ], [ 123.9769445, -18.1033332 ], [ 123.9766668, -18.1033332 ], [ 123.976389, -18.1033332 ], [ 123.9761112, -18.1033332 ], [ 123.9758334, -18.1033332 ], [ 123.9755556, -18.1033332 ], [ 123.9752779, -18.1030554 ], [ 123.9750001, -18.1030554 ], [ 123.9747223, -18.1027776 ], [ 123.9744445, -18.1027776 ], [ 123.9741668, -18.1027776 ], [ 123.973889, -18.1027776 ] ] } },
{ "type": "Feature", "properties": { "HydroID": 101914709, "AHGFFType": 1, "Name": "BLOODWOOD CREEK", "Hierarchy": "Minor", "Perennial": "Non Perennial", "AusHydroID": 1435736, "AusHydroEr": 1, "SegmentNo": 407424, "DrainID": 100645182, "From_Node": 101624819, "To_Node": 101624586, "NextDownID": 101914478, "Enabled": 1, "FlowDir": 1, "SrcFCName": "DEMDerivedStreamsVector", "SrcFType": "Watercourse", "SrcType": 1, "SourceID": null, "FeatRel": "2019-08-21T00:00:00Z", "FSource": "GEOSCIENCE AUSTRALIA", "AttrRel": "2019-08-21T00:00:00Z", "AttrSource": "GEOSCIENCE AUSTRALIA", "PlanAcc": 15, "Symbol": null, "TextNote": null, "GeodesLen": 5776.0471777198736, "UpstrGeoLn": 9397.4705227877384, "UpstrDArea": 6351721.4554475574, "ConCatID": 239786, "StrOutlet": 0, "Shape_Length": 0.053637628291105653 }, "bbox": [ 123.9980556, -18.0758332, 124.0350001, -18.0588887 ], "geometry": { "type": "LineString", "coordinates": [ [ 124.0350001, -18.0588887 ], [ 124.0347223, -18.0588887 ], [ 124.0344445, -18.0588887 ], [ 124.0341668, -18.0588887 ], [ 124.033889, -18.0591665 ], [ 124.033889, -18.0594443 ], [ 124.0336112, -18.0597221 ], [ 124.0333334, -18.0599998 ], [ 124.0330556, -18.0599998 ], [ 124.0327779, -18.0599998 ], [ 124.0325001, -18.0599998 ], [ 124.0322223, -18.0599998 ], [ 124.0319445, -18.0602776 ], [ 124.0316668, -18.0605554 ], [ 124.0316668, -18.0608332 ], [ 124.0316668, -18.061111 ], [ 124.031389, -18.0613887 ], [ 124.0311112, -18.0616665 ], [ 124.0308334, -18.0616665 ], [ 124.0305556, -18.0613887 ], [ 124.0305556, -18.061111 ], [ 124.0302779, -18.0608332 ], [ 124.0300001, -18.0608332 ], [ 124.0297223, -18.0605554 ], [ 124.0294445, -18.0605554 ], [ 124.0291668, -18.0605554 ], [ 124.028889, -18.0605554 ], [ 124.0286112, -18.0608332 ], [ 124.0283334, -18.061111 ], [ 124.0280556, -18.061111 ], [ 124.0277779, -18.0613887 ], [ 124.0275001, -18.0616665 ], [ 124.0275001, -18.0619443 ], [ 124.0275001, -18.0622221 ], [ 124.0275001, -18.0624998 ], [ 124.0275001, -18.0627776 ], [ 124.0272223, -18.0630554 ], [ 124.0272223, -18.0633332 ], [ 124.0272223, -18.063611 ], [ 124.0272223, -18.0638887 ], [ 124.0272223, -18.0641665 ], [ 124.0272223, -18.0644443 ], [ 124.0272223, -18.0647221 ], [ 124.0272223, -18.0649998 ], [ 124.0272223, -18.0652776 ], [ 124.0269445, -18.0655554 ], [ 124.0266668, -18.0655554 ], [ 124.026389, -18.0655554 ], [ 124.0261112, -18.0655554 ], [ 124.0258334, -18.0655554 ], [ 124.0255556, -18.0658332 ], [ 124.0252779, -18.066111 ], [ 124.0252779, -18.0663887 ], [ 124.0255556, -18.0666665 ], [ 124.0255556, -18.0669443 ], [ 124.0252779, -18.0672221 ], [ 124.0250001, -18.0672221 ], [ 124.0247223, -18.0672221 ], [ 124.0244445, -18.0672221 ], [ 124.0241668, -18.0672221 ], [ 124.023889, -18.0672221 ], [ 124.0236112, -18.0674998 ], [ 124.0233334, -18.0674998 ], [ 124.0230556, -18.0674998 ], [ 124.0227779, -18.0674998 ], [ 124.0225001, -18.0672221 ], [ 124.0222223, -18.0672221 ], [ 124.0219445, -18.0672221 ], [ 124.0216668, -18.0669443 ], [ 124.021389, -18.0666665 ], [ 124.0211112, -18.0666665 ], [ 124.0208334, -18.0666665 ], [ 124.0205556, -18.0669443 ], [ 124.0202779, -18.0669443 ], [ 124.0200001, -18.0669443 ], [ 124.0197223, -18.0666665 ], [ 124.0194445, -18.0666665 ], [ 124.0191668, -18.0666665 ], [ 124.018889, -18.0666665 ], [ 124.0186112, -18.0666665 ], [ 124.0183334, -18.0669443 ], [ 124.0180556, -18.0669443 ], [ 124.0177779, -18.0669443 ], [ 124.0175001, -18.0669443 ], [ 124.0172223, -18.0672221 ], [ 124.0169445, -18.0674998 ], [ 124.0166668, -18.0677776 ], [ 124.016389, -18.0680554 ], [ 124.0161112, -18.0683332 ], [ 124.0158334, -18.068611 ], [ 124.0158334, -18.0688887 ], [ 124.0155556, -18.0691665 ], [ 124.0152779, -18.0694443 ], [ 124.0150001, -18.0694443 ], [ 124.0147223, -18.0691665 ], [ 124.0144445, -18.0691665 ], [ 124.0141668, -18.0691665 ], [ 124.013889, -18.0694443 ], [ 124.0136112, -18.0694443 ], [ 124.0133334, -18.0694443 ], [ 124.0130556, -18.0694443 ], [ 124.0127779, -18.0691665 ], [ 124.0125001, -18.0691665 ], [ 124.0122223, -18.0691665 ], [ 124.0119445, -18.0688887 ], [ 124.0116668, -18.0688887 ], [ 124.011389, -18.0688887 ], [ 124.0111112, -18.0688887 ], [ 124.0108334, -18.0688887 ], [ 124.0105556, -18.0688887 ], [ 124.0102779, -18.0688887 ], [ 124.0100001, -18.0688887 ], [ 124.0097223, -18.0688887 ], [ 124.0094445, -18.0688887 ], [ 124.0091668, -18.0688887 ], [ 124.008889, -18.0688887 ], [ 124.0086112, -18.0691665 ], [ 124.0083334, -18.0691665 ], [ 124.0080556, -18.0694443 ], [ 124.0077779, -18.0697221 ], [ 124.0075001, -18.0699998 ], [ 124.0072223, -18.0699998 ], [ 124.0069445, -18.0699998 ], [ 124.0066668, -18.0699998 ], [ 124.006389, -18.0697221 ], [ 124.0061112, -18.0697221 ], [ 124.0058334, -18.0697221 ], [ 124.0055556, -18.0697221 ], [ 124.0052779, -18.0699998 ], [ 124.0050001, -18.0702776 ], [ 124.0050001, -18.0705554 ], [ 124.0052779, -18.0708332 ], [ 124.0052779, -18.071111 ], [ 124.0055556, -18.0713887 ], [ 124.0055556, -18.0716665 ], [ 124.0055556, -18.0719443 ], [ 124.0052779, -18.0722221 ], [ 124.0050001, -18.0724998 ], [ 124.0047223, -18.0727776 ], [ 124.0044445, -18.0727776 ], [ 124.0041668, -18.0730554 ], [ 124.003889, -18.0733332 ], [ 124.0036112, -18.073611 ], [ 124.0036112, -18.0738887 ], [ 124.0036112, -18.0741665 ], [ 124.0036112, -18.0744443 ], [ 124.0036112, -18.0747221 ], [ 124.0036112, -18.0749998 ], [ 124.0033334, -18.0752776 ], [ 124.0030556, -18.0755554 ], [ 124.0027779, -18.0755554 ], [ 124.0025001, -18.0752776 ], [ 124.0022223, -18.0749998 ], [ 124.0019445, -18.0747221 ], [ 124.0016668, -18.0747221 ], [ 124.001389, -18.0747221 ], [ 124.0011112, -18.0747221 ], [ 124.0008334, -18.0747221 ], [ 124.0005556, -18.0747221 ], [ 124.0002779, -18.0749998 ], [ 124.0, -18.0749998 ], [ 123.9997223, -18.0749998 ], [ 123.9994445, -18.0749998 ], [ 123.9991668, -18.0749998 ], [ 123.998889, -18.0752776 ], [ 123.9986112, -18.0755554 ], [ 123.9983334, -18.0755554 ], [ 123.9980556, -18.0758332 ] ] } },
{ "type": "Feature", "properties": { "HydroID": 101914710, "AHGFFType": 1, "Name": "FITZROY RIVER", "Hierarchy": "Major", "Perennial": "Perennial", "AusHydroID": 10369738, "AusHydroEr": 1, "SegmentNo": 407406, "DrainID": 100645173, "From_Node": 101624818, "To_Node": 101624577, "NextDownID": 101914468, "Enabled": 1, "FlowDir": 1, "SrcFCName": "DEMDerivedStreamsVector", "SrcFType": "Watercourse", "SrcType": 1, "SourceID": null, "FeatRel": "2019-08-21T00:00:00Z", "FSource": "GEOSCIENCE AUSTRALIA", "AttrRel": "2019-08-21T00:00:00Z", "AttrSource": "GEOSCIENCE AUSTRALIA", "PlanAcc": 15, "Symbol": 2, "TextNote": null, "GeodesLen": 5480.3685139304616, "UpstrGeoLn": 56852587.174430534, "UpstrDArea": 54157963693.520851, "ConCatID": 239786, "StrOutlet": 0, "Shape_Length": 0.050974909049392413 }, "bbox": [ 123.996389, -18.1416665, 124.0350001, -18.1283332 ], "geometry": { "type": "LineString", "coordinates": [ [ 124.0350001, -18.1322221 ], [ 124.0347223, -18.1322221 ], [ 124.0344445, -18.1324998 ], [ 124.0341668, -18.1324998 ], [ 124.033889, -18.1324998 ], [ 124.0336112, -18.1324998 ], [ 124.0333334, -18.1327776 ], [ 124.0330556, -18.1327776 ], [ 124.0327779, -18.1327776 ], [ 124.0325001, -18.1327776 ], [ 124.0322223, -18.1327776 ], [ 124.0319445, -18.1327776 ], [ 124.0316668, -18.1327776 ], [ 124.031389, -18.1327776 ], [ 124.0311112, -18.1330554 ], [ 124.0308334, -18.1330554 ], [ 124.0305556, -18.1330554 ], [ 124.0302779, -18.1330554 ], [ 124.0300001, -18.1330554 ], [ 124.0297223, -18.1330554 ], [ 124.0294445, -18.1330554 ], [ 124.0291668, -18.1330554 ], [ 124.028889, -18.1330554 ], [ 124.0286112, -18.1330554 ], [ 124.0283334, -18.1333332 ], [ 124.0280556, -18.1333332 ], [ 124.0277779, -18.1333332 ], [ 124.0275001, -18.1333332 ], [ 124.0272223, -18.133611 ], [ 124.0269445, -18.133611 ], [ 124.0266668, -18.133611 ], [ 124.026389, -18.1338887 ], [ 124.0261112, -18.1338887 ], [ 124.0258334, -18.1341665 ], [ 124.0255556, -18.1341665 ], [ 124.0252779, -18.1344443 ], [ 124.0250001, -18.1347221 ], [ 124.0247223, -18.1347221 ], [ 124.0244445, -18.1349998 ], [ 124.0241668, -18.1352776 ], [ 124.023889, -18.1355554 ], [ 124.0236112, -18.1355554 ], [ 124.0233334, -18.1358332 ], [ 124.0230556, -18.136111 ], [ 124.0227779, -18.1363887 ], [ 124.0225001, -18.1366665 ], [ 124.0222223, -18.1369443 ], [ 124.0219445, -18.1372221 ], [ 124.0219445, -18.1374998 ], [ 124.0216668, -18.1377776 ], [ 124.021389, -18.1377776 ], [ 124.0211112, -18.1377776 ], [ 124.0208334, -18.1377776 ], [ 124.0205556, -18.1380554 ], [ 124.0202779, -18.1380554 ], [ 124.0200001, -18.1380554 ], [ 124.0197223, -18.1383332 ], [ 124.0194445, -18.1383332 ], [ 124.0191668, -18.138611 ], [ 124.018889, -18.138611 ], [ 124.0186112, -18.1388887 ], [ 124.0183334, -18.1388887 ], [ 124.0180556, -18.1391665 ], [ 124.0177779, -18.1394443 ], [ 124.0175001, -18.1394443 ], [ 124.0172223, -18.1394443 ], [ 124.0169445, -18.1397221 ], [ 124.0166668, -18.1397221 ], [ 124.016389, -18.1399998 ], [ 124.0161112, -18.1399998 ], [ 124.0158334, -18.1399998 ], [ 124.0155556, -18.1402776 ], [ 124.0152779, -18.1402776 ], [ 124.0150001, -18.1402776 ], [ 124.0147223, -18.1405554 ], [ 124.0144445, -18.1405554 ], [ 124.0141668, -18.1405554 ], [ 124.013889, -18.1408332 ], [ 124.0136112, -18.1408332 ], [ 124.0133334, -18.1408332 ], [ 124.0130556, -18.1408332 ], [ 124.0127779, -18.141111 ], [ 124.0125001, -18.141111 ], [ 124.0122223, -18.141111 ], [ 124.0119445, -18.141111 ], [ 124.0116668, -18.141111 ], [ 124.011389, -18.1413887 ], [ 124.0111112, -18.1413887 ], [ 124.0108334, -18.1413887 ], [ 124.0105556, -18.1413887 ], [ 124.0102779, -18.1413887 ], [ 124.0100001, -18.1413887 ], [ 124.0097223, -18.1413887 ], [ 124.0094445, -18.1413887 ], [ 124.0091668, -18.1416665 ], [ 124.008889, -18.1416665 ], [ 124.0086112, -18.1416665 ], [ 124.0083334, -18.1416665 ], [ 124.0080556, -18.1416665 ], [ 124.0077779, -18.1416665 ], [ 124.0075001, -18.1416665 ], [ 124.0072223, -18.1416665 ], [ 124.0069445, -18.1413887 ], [ 124.0066668, -18.1413887 ], [ 124.006389, -18.1413887 ], [ 124.0061112, -18.141111 ], [ 124.0058334, -18.141111 ], [ 124.0055556, -18.141111 ], [ 124.0052779, -18.1408332 ], [ 124.0050001, -18.1408332 ], [ 124.0047223, -18.1405554 ], [ 124.0044445, -18.1402776 ], [ 124.0041668, -18.1402776 ], [ 124.003889, -18.1399998 ], [ 124.0036112, -18.1397221 ], [ 124.0033334, -18.1394443 ], [ 124.0030556, -18.1394443 ], [ 124.0027779, -18.1391665 ], [ 124.0025001, -18.1388887 ], [ 124.0022223, -18.138611 ], [ 124.0019445, -18.1383332 ], [ 124.0016668, -18.1380554 ], [ 124.001389, -18.1377776 ], [ 124.0011112, -18.1374998 ], [ 124.0008334, -18.1374998 ], [ 124.0005556, -18.1372221 ], [ 124.0002779, -18.1369443 ], [ 124.0, -18.1366665 ], [ 123.9997223, -18.1363887 ], [ 123.9994445, -18.136111 ], [ 123.9991668, -18.1358332 ], [ 123.998889, -18.1355554 ], [ 123.9986112, -18.1352776 ], [ 123.9986112, -18.1349998 ], [ 123.9983334, -18.1347221 ], [ 123.9980556, -18.1344443 ], [ 123.9980556, -18.1341665 ], [ 123.9977779, -18.1338887 ], [ 123.9977779, -18.133611 ], [ 123.9975001, -18.1333332 ], [ 123.9975001, -18.1330554 ], [ 123.9975001, -18.1327776 ], [ 123.9975001, -18.1324998 ], [ 123.9972223, -18.1322221 ], [ 123.9972223, -18.1319443 ], [ 123.9972223, -18.1316665 ], [ 123.9972223, -18.1313887 ], [ 123.9972223, -18.131111 ], [ 123.9972223, -18.1308332 ], [ 123.9969445, -18.1305554 ], [ 123.9969445, -18.1302776 ], [ 123.9969445, -18.1299998 ], [ 123.9966668, -18.1297221 ], [ 123.9966668, -18.1294443 ], [ 123.9966668, -18.1291665 ], [ 123.9966668, -18.1288887 ], [ 123.996389, -18.128611 ], [ 123.996389, -18.1283332 ] ] } },
{ "type": "Feature", "properties": { "HydroID": 101914714, "AHGFFType": 1, "Name": " ", "Hierarchy": "Minor", "Perennial": "Non Perennial", "AusHydroID": 1436359, "AusHydroEr": 1, "SegmentNo": 407864, "DrainID": 100645411, "From_Node": 101624823, "To_Node": 101624819, "NextDownID": 101914709, "Enabled": 1, "FlowDir": 1, "SrcFCName": "DEMDerivedStreamsVector", "SrcFType": "Watercourse", "SrcType": 1, "SourceID": null, "FeatRel": "2019-08-21T00:00:00Z", "FSource": "GEOSCIENCE AUSTRALIA", "AttrRel": "2019-08-21T00:00:00Z", "AttrSource": "GEOSCIENCE AUSTRALIA", "PlanAcc": 15, "Symbol": null, "TextNote": null, "GeodesLen": 1218.8267481097662, "UpstrGeoLn": 1218.8267481097662, "UpstrDArea": 1173656.6938167957, "ConCatID": 239786, "StrOutlet": 0, "Shape_Length": 0.011083193197367556 }, "bbox": [ 124.0350001, -18.0588887, 124.0366668, -18.0488887 ], "geometry": { "type": "LineString", "coordinates": [ [ 124.0361112, -18.0488887 ], [ 124.0361112, -18.0491665 ], [ 124.0361112, -18.0494443 ], [ 124.0361112, -18.0497221 ], [ 124.0361112, -18.0499998 ], [ 124.0361112, -18.0502776 ], [ 124.0361112, -18.0505554 ], [ 124.036389, -18.0508332 ], [ 124.0366668, -18.051111 ], [ 124.0366668, -18.0513887 ], [ 124.0366668, -18.0516665 ], [ 124.0366668, -18.0519443 ], [ 124.0366668, -18.0522221 ], [ 124.036389, -18.0524998 ], [ 124.036389, -18.0527776 ], [ 124.0361112, -18.0530554 ], [ 124.0358334, -18.0530554 ], [ 124.0355556, -18.0533332 ], [ 124.0355556, -18.053611 ], [ 124.0355556, -18.0538887 ], [ 124.0355556, -18.0541665 ], [ 124.0352779, -18.0544443 ], [ 124.0352779, -18.0547221 ], [ 124.0352779, -18.0549998 ], [ 124.0350001, -18.0552776 ], [ 124.0350001, -18.0555554 ], [ 124.0350001, -18.0558332 ], [ 124.0350001, -18.056111 ], [ 124.0350001, -18.0563887 ], [ 124.0350001, -18.0566665 ], [ 124.0350001, -18.0569443 ], [ 124.0350001, -18.0572221 ], [ 124.0350001, -18.0574998 ], [ 124.0350001, -18.0577776 ], [ 124.0350001, -18.0580554 ], [ 124.0350001, -18.0583332 ], [ 124.0350001, -18.058611 ], [ 124.0350001, -18.0588887 ] ] } },
{ "type": "Feature", "properties": { "HydroID": 101914722, "AHGFFType": 1, "Name": " ", "Hierarchy": "Minor", "Perennial": "Non Perennial", "AusHydroID": 1432696, "AusHydroEr": 1, "SegmentNo": 407835, "DrainID": 100645399, "From_Node": 101624827, "To_Node": 101624802, "NextDownID": 101914693, "Enabled": 1, "FlowDir": 1, "SrcFCName": "DEMDerivedStreamsVector", "SrcFType": "Watercourse", "SrcType": 1, "SourceID": null, "FeatRel": "2019-08-21T00:00:00Z", "FSource": "GEOSCIENCE AUSTRALIA", "AttrRel": "2019-08-21T00:00:00Z", "AttrSource": "GEOSCIENCE AUSTRALIA", "PlanAcc": 15, "Symbol": null, "TextNote": null, "GeodesLen": 858.63226559556358, "UpstrGeoLn": 56624084.039808936, "UpstrDArea": 53586948329.694427, "ConCatID": 239786, "StrOutlet": 0, "Shape_Length": 0.0079799781987820156 }, "bbox": [ 124.0319445, -18.1116665, 124.0377779, -18.1088887 ], "geometry": { "type": "LineString", "coordinates": [ [ 124.0377779, -18.1097221 ], [ 124.0375001, -18.1097221 ], [ 124.0372223, -18.1094443 ], [ 124.0369445, -18.1091665 ], [ 124.0366668, -18.1091665 ], [ 124.036389, -18.1088887 ], [ 124.0361112, -18.1088887 ], [ 124.0358334, -18.1088887 ], [ 124.0355556, -18.1088887 ], [ 124.0352779, -18.1088887 ], [ 124.0350001, -18.1088887 ], [ 124.0347223, -18.1088887 ], [ 124.0344445, -18.1088887 ], [ 124.0341668, -18.1088887 ], [ 124.033889, -18.1088887 ], [ 124.0336112, -18.1091665 ], [ 124.0333334, -18.1094443 ], [ 124.0333334, -18.1097221 ], [ 124.0333334, -18.1099998 ], [ 124.0330556, -18.1102776 ], [ 124.0330556, -18.1105554 ], [ 124.0330556, -18.1108332 ], [ 124.0327779, -18.111111 ], [ 124.0325001, -18.1113887 ], [ 124.0322223, -18.1113887 ], [ 124.0319445, -18.1116665 ] ] } },
{ "type": "Feature", "properties": { "HydroID": 101914723, "AHGFFType": 1, "Name": " ", "Hierarchy": "Minor", "Perennial": "Non Perennial", "AusHydroID": 1432976, "AusHydroEr": 1, "SegmentNo": 407843, "DrainID": 100645400, "From_Node": 101624827, "To_Node": 101624805, "NextDownID": 101914696, "Enabled": 1, "FlowDir": 1, "SrcFCName": "DEMDerivedStreamsVector", "SrcFType": "Watercourse", "SrcType": 1, "SourceID": null, "FeatRel": "2019-08-21T00:00:00Z", "FSource": "GEOSCIENCE AUSTRALIA", "AttrRel": "2019-08-21T00:00:00Z", "AttrSource": "GEOSCIENCE AUSTRALIA", "PlanAcc": 15, "Symbol": null, "TextNote": null, "GeodesLen": 987.17198956120285, "UpstrGeoLn": 56624212.579532899, "UpstrDArea": 53586547013.712364, "ConCatID": 239786, "StrOutlet": 0, "Shape_Length": 0.0091108305664722739 }, "bbox": [ 124.0325001, -18.1097221, 124.0377779, -18.1038887 ], "geometry": { "type": "LineString", "coordinates": [ [ 124.0377779, -18.1097221 ], [ 124.0377779, -18.1094443 ], [ 124.0377779, -18.1091665 ], [ 124.0377779, -18.1088887 ], [ 124.0375001, -18.108611 ], [ 124.0372223, -18.1083332 ], [ 124.0369445, -18.1080554 ], [ 124.0366668, -18.1080554 ], [ 124.036389, -18.1077776 ], [ 124.0361112, -18.1074998 ], [ 124.0358334, -18.1072221 ], [ 124.0355556, -18.1069443 ], [ 124.0352779, -18.1066665 ], [ 124.0350001, -18.1063887 ], [ 124.0347223, -18.106111 ], [ 124.0344445, -18.106111 ], [ 124.0341668, -18.106111 ], [ 124.033889, -18.106111 ], [ 124.0336112, -18.1058332 ], [ 124.0333334, -18.1058332 ], [ 124.0330556, -18.1055554 ], [ 124.0327779, -18.1055554 ], [ 124.0325001, -18.1052776 ], [ 124.0325001, -18.1049998 ], [ 124.0327779, -18.1047221 ], [ 124.0327779, -18.1044443 ], [ 124.0327779, -18.1041665 ], [ 124.0327779, -18.1038887 ] ] } },
{ "type": "Feature", "properties": { "HydroID": 101914737, "AHGFFType": 1, "Name": " ", "Hierarchy": "Minor", "Perennial": "Non Perennial", "AusHydroID": 1433507, "AusHydroEr": 1, "SegmentNo": 407811, "DrainID": 100645388, "From_Node": 101624844, "To_Node": 101624790, "NextDownID": 101914679, "Enabled": 1, "FlowDir": 1, "SrcFCName": "DEMDerivedStreamsVector", "SrcFType": "Watercourse", "SrcType": 1, "SourceID": null, "FeatRel": "2019-08-21T00:00:00Z", "FSource": "GEOSCIENCE AUSTRALIA", "AttrRel": "2019-08-21T00:00:00Z", "AttrSource": "GEOSCIENCE AUSTRALIA", "PlanAcc": 15, "Symbol": null, "TextNote": null, "GeodesLen": 1153.5699932076352, "UpstrGeoLn": 1153.5699932076352, "UpstrDArea": 947355.90365565161, "ConCatID": 239786, "StrOutlet": 0, "Shape_Length": 0.010853075074634176 }, "bbox": [ 124.0297223, -18.0963887, 124.0400001, -18.0955554 ], "geometry": { "type": "LineString", "coordinates": [ [ 124.0400001, -18.0955554 ], [ 124.0397223, -18.0955554 ], [ 124.0394445, -18.0958332 ], [ 124.0391668, -18.0958332 ], [ 124.038889, -18.0958332 ], [ 124.0386112, -18.096111 ], [ 124.0383334, -18.096111 ], [ 124.0380556, -18.096111 ], [ 124.0377779, -18.0963887 ], [ 124.0375001, -18.0963887 ], [ 124.0372223, -18.0963887 ], [ 124.0369445, -18.0963887 ], [ 124.0366668, -18.0963887 ], [ 124.036389, -18.0963887 ], [ 124.0361112, -18.0963887 ], [ 124.0358334, -18.0963887 ], [ 124.0355556, -18.0963887 ], [ 124.0352779, -18.0963887 ], [ 124.0350001, -18.0963887 ], [ 124.0347223, -18.0963887 ], [ 124.0344445, -18.0963887 ], [ 124.0341668, -18.0963887 ], [ 124.033889, -18.0963887 ], [ 124.0336112, -18.0963887 ], [ 124.0333334, -18.0963887 ], [ 124.0330556, -18.0963887 ], [ 124.0327779, -18.096111 ], [ 124.0325001, -18.096111 ], [ 124.0322223, -18.096111 ], [ 124.0319445, -18.096111 ], [ 124.0316668, -18.0963887 ], [ 124.031389, -18.0963887 ], [ 124.0311112, -18.0963887 ], [ 124.0308334, -18.0963887 ], [ 124.0305556, -18.0963887 ], [ 124.0302779, -18.0963887 ], [ 124.0300001, -18.0963887 ], [ 124.0297223, -18.0963887 ] ] } },
{ "type": "Feature", "properties": { "HydroID": 101914750, "AHGFFType": 1, "Name": " ", "Hierarchy": "Minor", "Perennial": "Non Perennial", "AusHydroID": 1432643, "AusHydroEr": 1, "SegmentNo": 407887, "DrainID": 100645427, "From_Node": 101624858, "To_Node": 101624827, "NextDownID": 101914722, "Enabled": 1, "FlowDir": 1, "SrcFCName": "DEMDerivedStreamsVector", "SrcFType": "Watercourse", "SrcType": 1, "SourceID": null, "FeatRel": "2019-08-21T00:00:00Z", "FSource": "GEOSCIENCE AUSTRALIA", "AttrRel": "2019-08-21T00:00:00Z", "AttrSource": "GEOSCIENCE AUSTRALIA", "PlanAcc": 15, "Symbol": null, "TextNote": null, "GeodesLen": 477.29358720585998, "UpstrGeoLn": 56623225.407543339, "UpstrDArea": 53586342729.983345, "ConCatID": 239786, "StrOutlet": 0, "Shape_Length": 0.0044641856603764088 }, "bbox": [ 124.0377779, -18.1108332, 124.0416668, -18.1097221 ], "geometry": { "type": "LineString", "coordinates": [ [ 124.0416668, -18.1105554 ], [ 124.041389, -18.1108332 ], [ 124.0411112, -18.1108332 ], [ 124.0408334, -18.1108332 ], [ 124.0405556, -18.1105554 ], [ 124.0402779, -18.1105554 ], [ 124.0400001, -18.1105554 ], [ 124.0397223, -18.1105554 ], [ 124.0394445, -18.1102776 ], [ 124.0391668, -18.1102776 ], [ 124.038889, -18.1102776 ], [ 124.0386112, -18.1102776 ], [ 124.0383334, -18.1099998 ], [ 124.0380556, -18.1099998 ], [ 124.0377779, -18.1097221 ] ] } },
{ "type": "Feature", "properties": { "HydroID": 101914751, "AHGFFType": 1, "Name": "SNAKE CREEK", "Hierarchy": "Major", "Perennial": "Non Perennial", "AusHydroID": 1432977, "AusHydroEr": 1, "SegmentNo": 407844, "DrainID": 100645401, "From_Node": 101624858, "To_Node": 101624805, "NextDownID": 101914696, "Enabled": 1, "FlowDir": 1, "SrcFCName": "DEMDerivedStreamsVector", "SrcFType": "Watercourse", "SrcType": 1, "SourceID": null, "FeatRel": "2019-08-21T00:00:00Z", "FSource": "GEOSCIENCE AUSTRALIA", "AttrRel": "2019-08-21T00:00:00Z", "AttrSource": "GEOSCIENCE AUSTRALIA", "PlanAcc": 15, "Symbol": 6, "TextNote": null, "GeodesLen": 1291.3667409341017, "UpstrGeoLn": 56624039.480697066, "UpstrDArea": 53587000818.728447, "ConCatID": 239786, "StrOutlet": 0, "Shape_Length": 0.011975749057366796 }, "bbox": [ 124.0327779, -18.1105554, 124.0416668, -18.1038887 ], "geometry": { "type": "LineString", "coordinates": [ [ 124.0416668, -18.1105554 ], [ 124.041389, -18.1102776 ], [ 124.0411112, -18.1099998 ], [ 124.0408334, -18.1099998 ], [ 124.0405556, -18.1097221 ], [ 124.0402779, -18.1094443 ], [ 124.0400001, -18.1091665 ], [ 124.0397223, -18.1091665 ], [ 124.0394445, -18.1088887 ], [ 124.0391668, -18.108611 ], [ 124.038889, -18.1083332 ], [ 124.0386112, -18.1080554 ], [ 124.0383334, -18.1077776 ], [ 124.0380556, -18.1074998 ], [ 124.0380556, -18.1072221 ], [ 124.0377779, -18.1069443 ], [ 124.0375001, -18.1066665 ], [ 124.0372223, -18.1063887 ], [ 124.0369445, -18.106111 ], [ 124.0366668, -18.1058332 ], [ 124.0366668, -18.1055554 ], [ 124.036389, -18.1052776 ], [ 124.0361112, -18.1052776 ], [ 124.0358334, -18.1049998 ], [ 124.0355556, -18.1049998 ], [ 124.0352779, -18.1047221 ], [ 124.0350001, -18.1047221 ], [ 124.0347223, -18.1044443 ], [ 124.0344445, -18.1044443 ], [ 124.0341668, -18.1044443 ], [ 124.033889, -18.1041665 ], [ 124.0336112, -18.1041665 ], [ 124.0333334, -18.1041665 ], [ 124.0330556, -18.1041665 ], [ 124.0327779, -18.1038887 ] ] } },
{ "type": "Feature", "properties": { "HydroID": 101914770, "AHGFFType": 1, "Name": " ", "Hierarchy": "Minor", "Perennial": "Non Perennial", "AusHydroID": 1435388, "AusHydroEr": 1, "SegmentNo": 408087, "DrainID": 100645542, "From_Node": 101624876, "To_Node": 101624936, "NextDownID": 101914829, "Enabled": 1, "FlowDir": 1, "SrcFCName": "DEMDerivedStreamsVector", "SrcFType": "Watercourse", "SrcType": 1, "SourceID": null, "FeatRel": "2019-08-21T00:00:00Z", "FSource": "GEOSCIENCE AUSTRALIA", "AttrRel": "2019-08-21T00:00:00Z", "AttrSource": "GEOSCIENCE AUSTRALIA", "PlanAcc": 15, "Symbol": null, "TextNote": null, "GeodesLen": 2884.0737069888196, "UpstrGeoLn": 2884.0737069888196, "UpstrDArea": 2157142.8863892029, "ConCatID": 239786, "StrOutlet": 0, "Shape_Length": 0.026479417210283376 }, "bbox": [ 124.0444445, -18.0838887, 124.0552779, -18.0641665 ], "geometry": { "type": "LineString", "coordinates": [ [ 124.0452779, -18.0641665 ], [ 124.0450001, -18.0644443 ], [ 124.0450001, -18.0647221 ], [ 124.0447223, -18.0649998 ], [ 124.0447223, -18.0652776 ], [ 124.0447223, -18.0655554 ], [ 124.0450001, -18.0658332 ], [ 124.0450001, -18.066111 ], [ 124.0452779, -18.0663887 ], [ 124.0452779, -18.0666665 ], [ 124.0452779, -18.0669443 ], [ 124.0450001, -18.0672221 ], [ 124.0450001, -18.0674998 ], [ 124.0450001, -18.0677776 ], [ 124.0450001, -18.0680554 ], [ 124.0447223, -18.0683332 ], [ 124.0447223, -18.068611 ], [ 124.0444445, -18.0688887 ], [ 124.0444445, -18.0691665 ], [ 124.0444445, -18.0694443 ], [ 124.0444445, -18.0697221 ], [ 124.0444445, -18.0699998 ], [ 124.0444445, -18.0702776 ], [ 124.0444445, -18.0705554 ], [ 124.0444445, -18.0708332 ], [ 124.0444445, -18.071111 ], [ 124.0444445, -18.0713887 ], [ 124.0447223, -18.0716665 ], [ 124.0450001, -18.0719443 ], [ 124.0452779, -18.0722221 ], [ 124.0455556, -18.0722221 ], [ 124.0458334, -18.0724998 ], [ 124.0461112, -18.0727776 ], [ 124.046389, -18.0727776 ], [ 124.0466668, -18.0727776 ], [ 124.0469445, -18.0727776 ], [ 124.0472223, -18.0730554 ], [ 124.0475001, -18.0733332 ], [ 124.0477779, -18.0733332 ], [ 124.0480556, -18.0733332 ], [ 124.0483334, -18.073611 ], [ 124.0486112, -18.0738887 ], [ 124.048889, -18.0741665 ], [ 124.0491668, -18.0744443 ], [ 124.0494445, -18.0744443 ], [ 124.0497223, -18.0744443 ], [ 124.0500001, -18.0747221 ], [ 124.0500001, -18.0749998 ], [ 124.0502779, -18.0752776 ], [ 124.0505556, -18.0755554 ], [ 124.0505556, -18.0758332 ], [ 124.0505556, -18.076111 ], [ 124.0505556, -18.0763887 ], [ 124.0505556, -18.0766665 ], [ 124.0508334, -18.0769443 ], [ 124.0511112, -18.0772221 ], [ 124.0511112, -18.0774998 ], [ 124.0511112, -18.0777776 ], [ 124.0511112, -18.0780554 ], [ 124.0511112, -18.0783332 ], [ 124.0511112, -18.078611 ], [ 124.051389, -18.0788887 ], [ 124.051389, -18.0791665 ], [ 124.051389, -18.0794443 ], [ 124.051389, -18.0797221 ], [ 124.051389, -18.0799998 ], [ 124.0516668, -18.0802776 ], [ 124.0519445, -18.0805554 ], [ 124.0522223, -18.0808332 ], [ 124.0525001, -18.081111 ], [ 124.0525001, -18.0813887 ], [ 124.0527779, -18.0816665 ], [ 124.0530556, -18.0819443 ], [ 124.0533334, -18.0819443 ], [ 124.0536112, -18.0822221 ], [ 124.053889, -18.0824998 ], [ 124.0541668, -18.0827776 ], [ 124.0544445, -18.0830554 ], [ 124.0547223, -18.0833332 ], [ 124.0550001, -18.083611 ], [ 124.0552779, -18.0838887 ] ] } },
{ "type": "Feature", "properties": { "HydroID": 101914782, "AHGFFType": 1, "Name": "BLOODWOOD CREEK", "Hierarchy": "Minor", "Perennial": "Non Perennial", "AusHydroID": 1436191, "AusHydroEr": 1, "SegmentNo": 407868, "DrainID": 100645413, "From_Node": 101624890, "To_Node": 101624819, "NextDownID": 101914709, "Enabled": 1, "FlowDir": 1, "SrcFCName": "DEMDerivedStreamsVector", "SrcFType": "Watercourse", "SrcType": 1, "SourceID": null, "FeatRel": "2019-08-21T00:00:00Z", "FSource": "GEOSCIENCE AUSTRALIA", "AttrRel": "2019-08-21T00:00:00Z", "AttrSource": "GEOSCIENCE AUSTRALIA", "PlanAcc": 15, "Symbol": null, "TextNote": null, "GeodesLen": 2402.5965969580984, "UpstrGeoLn": 2402.5965969580984, "UpstrDArea": 1511782.9451800468, "ConCatID": 239786, "StrOutlet": 0, "Shape_Length": 0.02227326930356921 }, "bbox": [ 124.0350001, -18.0602776, 124.0491668, -18.0502776 ], "geometry": { "type": "LineString", "coordinates": [ [ 124.0480556, -18.0502776 ], [ 124.0480556, -18.0505554 ], [ 124.0483334, -18.0508332 ], [ 124.0483334, -18.051111 ], [ 124.0486112, -18.0513887 ], [ 124.0486112, -18.0516665 ], [ 124.048889, -18.0519443 ], [ 124.0491668, -18.0522221 ], [ 124.0491668, -18.0524998 ], [ 124.0491668, -18.0527776 ], [ 124.0491668, -18.0530554 ], [ 124.0491668, -18.0533332 ], [ 124.048889, -18.053611 ], [ 124.0486112, -18.0538887 ], [ 124.0483334, -18.0541665 ], [ 124.0480556, -18.0544443 ], [ 124.0477779, -18.0544443 ], [ 124.0475001, -18.0544443 ], [ 124.0472223, -18.0547221 ], [ 124.0469445, -18.0547221 ], [ 124.0466668, -18.0547221 ], [ 124.046389, -18.0547221 ], [ 124.0461112, -18.0547221 ], [ 124.0458334, -18.0547221 ], [ 124.0455556, -18.0547221 ], [ 124.0452779, -18.0547221 ], [ 124.0450001, -18.0547221 ], [ 124.0447223, -18.0547221 ], [ 124.0444445, -18.0547221 ], [ 124.0441668, -18.0547221 ], [ 124.043889, -18.0547221 ], [ 124.0436112, -18.0547221 ], [ 124.0433334, -18.0547221 ], [ 124.0430556, -18.0547221 ], [ 124.0427779, -18.0547221 ], [ 124.0425001, -18.0549998 ], [ 124.0422223, -18.0549998 ], [ 124.0419445, -18.0549998 ], [ 124.0416668, -18.0552776 ], [ 124.041389, -18.0555554 ], [ 124.041389, -18.0558332 ], [ 124.041389, -18.056111 ], [ 124.0411112, -18.0563887 ], [ 124.0411112, -18.0566665 ], [ 124.0411112, -18.0569443 ], [ 124.0408334, -18.0572221 ], [ 124.0405556, -18.0572221 ], [ 124.0402779, -18.0574998 ], [ 124.0400001, -18.0574998 ], [ 124.0397223, -18.0577776 ], [ 124.0394445, -18.0580554 ], [ 124.0394445, -18.0583332 ], [ 124.0391668, -18.058611 ], [ 124.0391668, -18.0588887 ], [ 124.038889, -18.0591665 ], [ 124.0386112, -18.0591665 ], [ 124.0383334, -18.0594443 ], [ 124.0383334, -18.0597221 ], [ 124.0380556, -18.0599998 ], [ 124.0377779, -18.0602776 ], [ 124.0375001, -18.0602776 ], [ 124.0372223, -18.0599998 ], [ 124.0369445, -18.0599998 ], [ 124.0366668, -18.0597221 ], [ 124.036389, -18.0597221 ], [ 124.0361112, -18.0597221 ], [ 124.0358334, -18.0597221 ], [ 124.0355556, -18.0594443 ], [ 124.0352779, -18.0591665 ], [ 124.0350001, -18.0588887 ] ] } },
{ "type": "Feature", "properties": { "HydroID": 101914789, "AHGFFType": 1, "Name": " ", "Hierarchy": "Minor", "Perennial": "Non Perennial", "AusHydroID": 10369297, "AusHydroEr": 1, "SegmentNo": 408252, "DrainID": 100645635, "From_Node": 101624895, "To_Node": 101625033, "NextDownID": 101914928, "Enabled": 1, "FlowDir": 1, "SrcFCName": "DEMDerivedStreamsVector", "SrcFType": "Watercourse", "SrcType": 1, "SourceID": null, "FeatRel": "2019-08-21T00:00:00Z", "FSource": "GEOSCIENCE AUSTRALIA", "AttrRel": "2019-08-21T00:00:00Z", "AttrSource": "GEOSCIENCE AUSTRALIA", "PlanAcc": 15, "Symbol": null, "TextNote": null, "GeodesLen": 3532.4097158621162, "UpstrGeoLn": 3532.4097158621162, "UpstrDArea": 3339368.0126085044, "ConCatID": 239786, "StrOutlet": 0, "Shape_Length": 0.032705588918145394 }, "bbox": [ 124.048889, -18.056111, 124.0702779, -18.0427776 ], "geometry": { "type": "LineString", "coordinates": [ [ 124.048889, -18.0430554 ], [ 124.0491668, -18.0430554 ], [ 124.0494445, -18.0430554 ], [ 124.0497223, -18.0430554 ], [ 124.0500001, -18.0430554 ], [ 124.0502779, -18.0430554 ], [ 124.0505556, -18.0430554 ], [ 124.0508334, -18.0430554 ], [ 124.0511112, -18.0430554 ], [ 124.051389, -18.0430554 ], [ 124.0516668, -18.0430554 ], [ 124.0519445, -18.0430554 ], [ 124.0522223, -18.0430554 ], [ 124.0525001, -18.0430554 ], [ 124.0527779, -18.0433332 ], [ 124.0530556, -18.0433332 ], [ 124.0533334, -18.043611 ], [ 124.0536112, -18.043611 ], [ 124.053889, -18.0438887 ], [ 124.0541668, -18.0438887 ], [ 124.0544445, -18.0441665 ], [ 124.0547223, -18.0441665 ], [ 124.0550001, -18.0444443 ], [ 124.0552779, -18.0444443 ], [ 124.0555556, -18.0444443 ], [ 124.0558334, -18.0444443 ], [ 124.0561112, -18.0444443 ], [ 124.056389, -18.0444443 ], [ 124.0566668, -18.0447221 ], [ 124.0569445, -18.0449998 ], [ 124.0572223, -18.0449998 ], [ 124.0575001, -18.0447221 ], [ 124.0577779, -18.0444443 ], [ 124.0580556, -18.0441665 ], [ 124.0583334, -18.0438887 ], [ 124.0586112, -18.043611 ], [ 124.058889, -18.043611 ], [ 124.0591668, -18.0433332 ], [ 124.0594445, -18.0433332 ], [ 124.0597223, -18.0433332 ], [ 124.0600001, -18.0433332 ], [ 124.0602779, -18.0433332 ], [ 124.0605556, -18.0433332 ], [ 124.0608334, -18.0433332 ], [ 124.0611112, -18.0430554 ], [ 124.061389, -18.0427776 ], [ 124.0616668, -18.0427776 ], [ 124.0619445, -18.0427776 ], [ 124.0622223, -18.0427776 ], [ 124.0625001, -18.0427776 ], [ 124.0627779, -18.0430554 ], [ 124.0630556, -18.0430554 ], [ 124.0633334, -18.0433332 ], [ 124.0636112, -18.0433332 ], [ 124.063889, -18.043611 ], [ 124.0641668, -18.043611 ], [ 124.0644445, -18.043611 ], [ 124.0647223, -18.0438887 ], [ 124.0650001, -18.0438887 ], [ 124.0652779, -18.0441665 ], [ 124.0655556, -18.0444443 ], [ 124.0658334, -18.0447221 ], [ 124.0661112, -18.0449998 ], [ 124.0661112, -18.0452776 ], [ 124.066389, -18.0455554 ], [ 124.0666668, -18.0458332 ], [ 124.0666668, -18.046111 ], [ 124.0666668, -18.0463887 ], [ 124.0666668, -18.0466665 ], [ 124.0669445, -18.0469443 ], [ 124.0669445, -18.0472221 ], [ 124.0672223, -18.0474998 ], [ 124.0675001, -18.0477776 ], [ 124.0675001, -18.0480554 ], [ 124.0677779, -18.0483332 ], [ 124.0680556, -18.048611 ], [ 124.0683334, -18.0488887 ], [ 124.0683334, -18.0491665 ], [ 124.0686112, -18.0494443 ], [ 124.068889, -18.0497221 ], [ 124.0691668, -18.0499998 ], [ 124.0694445, -18.0502776 ], [ 124.0694445, -18.0505554 ], [ 124.0694445, -18.0508332 ], [ 124.0694445, -18.051111 ], [ 124.0697223, -18.0513887 ], [ 124.0697223, -18.0516665 ], [ 124.0697223, -18.0519443 ], [ 124.0697223, -18.0522221 ], [ 124.0697223, -18.0524998 ], [ 124.0697223, -18.0527776 ], [ 124.0700001, -18.0530554 ], [ 124.0700001, -18.0533332 ], [ 124.0700001, -18.053611 ], [ 124.0700001, -18.0538887 ], [ 124.0700001, -18.0541665 ], [ 124.0700001, -18.0544443 ], [ 124.0700001, -18.0547221 ], [ 124.0700001, -18.0549998 ], [ 124.0700001, -18.0552776 ], [ 124.0700001, -18.0555554 ], [ 124.0702779, -18.0558332 ], [ 124.0702779, -18.056111 ] ] } },
{ "type": "Feature", "properties": { "HydroID": 101914792, "AHGFFType": 1, "Name": " ", "Hierarchy": "Minor", "Perennial": "Non Perennial", "AusHydroID": 1435618, "AusHydroEr": 1, "SegmentNo": 407460, "DrainID": 100645205, "From_Node": 101624900, "To_Node": 101624604, "NextDownID": 101914498, "Enabled": 1, "FlowDir": 1, "SrcFCName": "DEMDerivedStreamsVector", "SrcFType": "Watercourse", "SrcType": 1, "SourceID": null, "FeatRel": "2019-08-21T00:00:00Z", "FSource": "GEOSCIENCE AUSTRALIA", "AttrRel": "2019-08-21T00:00:00Z", "AttrSource": "GEOSCIENCE AUSTRALIA", "PlanAcc": 15, "Symbol": null, "TextNote": null, "GeodesLen": 7640.1034191140352, "UpstrGeoLn": 7640.1034191140352, "UpstrDArea": 6911700.0426498028, "ConCatID": 239786, "StrOutlet": 0, "Shape_Length": 0.070950376380141691 }, "bbox": [ 124.0011112, -18.0869443, 124.0497223, -18.0605554 ], "geometry": { "type": "LineString", "coordinates": [ [ 124.0497223, -18.0616665 ], [ 124.0494445, -18.0616665 ], [ 124.0491668, -18.0613887 ], [ 124.048889, -18.061111 ], [ 124.0486112, -18.061111 ], [ 124.0483334, -18.0608332 ], [ 124.0480556, -18.0605554 ], [ 124.0477779, -18.0605554 ], [ 124.0475001, -18.0605554 ], [ 124.0472223, -18.0605554 ], [ 124.0469445, -18.0605554 ], [ 124.0466668, -18.0605554 ], [ 124.046389, -18.0605554 ], [ 124.0461112, -18.0605554 ], [ 124.0458334, -18.0608332 ], [ 124.0455556, -18.061111 ], [ 124.0452779, -18.061111 ], [ 124.0450001, -18.061111 ], [ 124.0447223, -18.061111 ], [ 124.0444445, -18.061111 ], [ 124.0441668, -18.061111 ], [ 124.043889, -18.061111 ], [ 124.0436112, -18.061111 ], [ 124.0433334, -18.061111 ], [ 124.0430556, -18.061111 ], [ 124.0427779, -18.0613887 ], [ 124.0425001, -18.0616665 ], [ 124.0422223, -18.0619443 ], [ 124.0419445, -18.0622221 ], [ 124.0416668, -18.0622221 ], [ 124.041389, -18.0622221 ], [ 124.0411112, -18.0622221 ], [ 124.0408334, -18.0622221 ], [ 124.0405556, -18.0622221 ], [ 124.0402779, -18.0624998 ], [ 124.0402779, -18.0627776 ], [ 124.0405556, -18.0630554 ], [ 124.0405556, -18.0633332 ], [ 124.0402779, -18.063611 ], [ 124.0400001, -18.0638887 ], [ 124.0397223, -18.0641665 ], [ 124.0394445, -18.0644443 ], [ 124.0391668, -18.0647221 ], [ 124.038889, -18.0649998 ], [ 124.0386112, -18.0652776 ], [ 124.0383334, -18.0655554 ], [ 124.0380556, -18.0658332 ], [ 124.0377779, -18.066111 ], [ 124.0375001, -18.0663887 ], [ 124.0372223, -18.0663887 ], [ 124.0369445, -18.0666665 ], [ 124.0366668, -18.0669443 ], [ 124.036389, -18.0672221 ], [ 124.036389, -18.0674998 ], [ 124.0361112, -18.0677776 ], [ 124.0358334, -18.0677776 ], [ 124.0355556, -18.0680554 ], [ 124.0352779, -18.0683332 ], [ 124.0352779, -18.068611 ], [ 124.0352779, -18.0688887 ], [ 124.0352779, -18.0691665 ], [ 124.0350001, -18.0694443 ], [ 124.0347223, -18.0697221 ], [ 124.0344445, -18.0697221 ], [ 124.0341668, -18.0699998 ], [ 124.033889, -18.0699998 ], [ 124.0336112, -18.0702776 ], [ 124.0333334, -18.0705554 ], [ 124.0330556, -18.0708332 ], [ 124.0327779, -18.071111 ], [ 124.0325001, -18.0713887 ], [ 124.0322223, -18.0716665 ], [ 124.0319445, -18.0719443 ], [ 124.0316668, -18.0722221 ], [ 124.0316668, -18.0724998 ], [ 124.031389, -18.0727776 ], [ 124.0311112, -18.0730554 ], [ 124.0308334, -18.0730554 ], [ 124.0305556, -18.0730554 ], [ 124.0302779, -18.0733332 ], [ 124.0300001, -18.073611 ], [ 124.0297223, -18.073611 ], [ 124.0294445, -18.0738887 ], [ 124.0291668, -18.0741665 ], [ 124.028889, -18.0741665 ], [ 124.0286112, -18.0741665 ], [ 124.0283334, -18.0741665 ], [ 124.0280556, -18.0744443 ], [ 124.0277779, -18.0744443 ], [ 124.0275001, -18.0747221 ], [ 124.0272223, -18.0747221 ], [ 124.0269445, -18.0749998 ], [ 124.0266668, -18.0749998 ], [ 124.026389, -18.0749998 ], [ 124.0261112, -18.0749998 ], [ 124.0258334, -18.0749998 ], [ 124.0255556, -18.0752776 ], [ 124.0252779, -18.0755554 ], [ 124.0252779, -18.0758332 ], [ 124.0250001, -18.076111 ], [ 124.0247223, -18.0763887 ], [ 124.0244445, -18.0763887 ], [ 124.0241668, -18.0763887 ], [ 124.023889, -18.076111 ], [ 124.0236112, -18.076111 ], [ 124.0233334, -18.076111 ], [ 124.0230556, -18.076111 ], [ 124.0227779, -18.076111 ], [ 124.0225001, -18.076111 ], [ 124.0222223, -18.076111 ], [ 124.0219445, -18.0763887 ], [ 124.0216668, -18.0763887 ], [ 124.021389, -18.0763887 ], [ 124.0211112, -18.0763887 ], [ 124.0208334, -18.0766665 ], [ 124.0205556, -18.0769443 ], [ 124.0202779, -18.0769443 ], [ 124.0200001, -18.0769443 ], [ 124.0197223, -18.0769443 ], [ 124.0194445, -18.0769443 ], [ 124.0191668, -18.0769443 ], [ 124.018889, -18.0769443 ], [ 124.0186112, -18.0769443 ], [ 124.0183334, -18.0769443 ], [ 124.0180556, -18.0769443 ], [ 124.0177779, -18.0772221 ], [ 124.0175001, -18.0772221 ], [ 124.0172223, -18.0774998 ], [ 124.0169445, -18.0777776 ], [ 124.0166668, -18.0780554 ], [ 124.016389, -18.0783332 ], [ 124.0161112, -18.0783332 ], [ 124.0158334, -18.0783332 ], [ 124.0155556, -18.0783332 ], [ 124.0152779, -18.0783332 ], [ 124.0150001, -18.0780554 ], [ 124.0150001, -18.0777776 ], [ 124.0147223, -18.0774998 ], [ 124.0144445, -18.0774998 ], [ 124.0141668, -18.0774998 ], [ 124.013889, -18.0777776 ], [ 124.0136112, -18.0777776 ], [ 124.0133334, -18.0774998 ], [ 124.0130556, -18.0774998 ], [ 124.0127779, -18.0774998 ], [ 124.0125001, -18.0774998 ], [ 124.0122223, -18.0774998 ], [ 124.0119445, -18.0774998 ], [ 124.0116668, -18.0774998 ], [ 124.011389, -18.0772221 ], [ 124.0111112, -18.0772221 ], [ 124.0108334, -18.0769443 ], [ 124.0105556, -18.0769443 ], [ 124.0102779, -18.0769443 ], [ 124.0100001, -18.0766665 ], [ 124.0097223, -18.0763887 ], [ 124.0094445, -18.0763887 ], [ 124.0091668, -18.076111 ], [ 124.008889, -18.076111 ], [ 124.0086112, -18.0758332 ], [ 124.0083334, -18.0755554 ], [ 124.0080556, -18.0755554 ], [ 124.0077779, -18.0755554 ], [ 124.0075001, -18.0755554 ], [ 124.0072223, -18.0755554 ], [ 124.0069445, -18.0755554 ], [ 124.0066668, -18.0758332 ], [ 124.006389, -18.076111 ], [ 124.0061112, -18.076111 ], [ 124.0058334, -18.076111 ], [ 124.0055556, -18.0763887 ], [ 124.0052779, -18.0766665 ], [ 124.0050001, -18.0769443 ], [ 124.0047223, -18.0772221 ], [ 124.0047223, -18.0774998 ], [ 124.0047223, -18.0777776 ], [ 124.0047223, -18.0780554 ], [ 124.0047223, -18.0783332 ], [ 124.0047223, -18.078611 ], [ 124.0044445, -18.0788887 ], [ 124.0041668, -18.0791665 ], [ 124.003889, -18.0794443 ], [ 124.0036112, -18.0794443 ], [ 124.0033334, -18.0794443 ], [ 124.0030556, -18.0797221 ], [ 124.0027779, -18.0799998 ], [ 124.0027779, -18.0802776 ], [ 124.0027779, -18.0805554 ], [ 124.0025001, -18.0808332 ], [ 124.0025001, -18.081111 ], [ 124.0025001, -18.0813887 ], [ 124.0022223, -18.0816665 ], [ 124.0022223, -18.0819443 ], [ 124.0025001, -18.0822221 ], [ 124.0027779, -18.0824998 ], [ 124.0030556, -18.0827776 ], [ 124.0030556, -18.0830554 ], [ 124.0030556, -18.0833332 ], [ 124.0030556, -18.083611 ], [ 124.0033334, -18.0838887 ], [ 124.0036112, -18.0838887 ], [ 124.003889, -18.0841665 ], [ 124.003889, -18.0844443 ], [ 124.0036112, -18.0847221 ], [ 124.0033334, -18.0849998 ], [ 124.0030556, -18.0852776 ], [ 124.0027779, -18.0855554 ], [ 124.0025001, -18.0855554 ], [ 124.0022223, -18.0852776 ], [ 124.0019445, -18.0855554 ], [ 124.0016668, -18.0858332 ], [ 124.001389, -18.086111 ], [ 124.0011112, -18.0863887 ], [ 124.0011112, -18.0866665 ], [ 124.0011112, -18.0869443 ] ] } },
{ "type": "Feature", "properties": { "HydroID": 101914797, "AHGFFType": 1, "Name": " ", "Hierarchy": "Minor", "Perennial": "Non Perennial", "AusHydroID": 1432332, "AusHydroEr": 1, "SegmentNo": 407385, "DrainID": 100645162, "From_Node": 101624902, "To_Node": 101624566, "NextDownID": 101914460, "Enabled": 1, "FlowDir": 1, "SrcFCName": "DEMDerivedStreamsVector", "SrcFType": "Watercourse", "SrcType": 1, "SourceID": null, "FeatRel": "2019-08-21T00:00:00Z", "FSource": "GEOSCIENCE AUSTRALIA", "AttrRel": "2019-08-21T00:00:00Z", "AttrSource": "GEOSCIENCE AUSTRALIA", "PlanAcc": 15, "Symbol": null, "TextNote": null, "GeodesLen": 7602.4159970786068, "UpstrGeoLn": 56544614.705183551, "UpstrDArea": 53520921232.279167, "ConCatID": 239786, "StrOutlet": 0, "Shape_Length": 0.070767914548984776 }, "bbox": [ 123.9944445, -18.1272221, 124.0500001, -18.1005554 ], "geometry": { "type": "LineString", "coordinates": [ [ 124.0500001, -18.1272221 ], [ 124.0497223, -18.1272221 ], [ 124.0494445, -18.1272221 ], [ 124.0491668, -18.1269443 ], [ 124.048889, -18.1269443 ], [ 124.0486112, -18.1269443 ], [ 124.0483334, -18.1266665 ], [ 124.0480556, -18.1263887 ], [ 124.0477779, -18.126111 ], [ 124.0477779, -18.1258332 ], [ 124.0475001, -18.1255554 ], [ 124.0475001, -18.1252776 ], [ 124.0475001, -18.1249998 ], [ 124.0472223, -18.1247221 ], [ 124.0472223, -18.1244443 ], [ 124.0472223, -18.1241665 ], [ 124.0469445, -18.1238887 ], [ 124.0466668, -18.123611 ], [ 124.046389, -18.1233332 ], [ 124.0461112, -18.1230554 ], [ 124.0458334, -18.1227776 ], [ 124.0455556, -18.1224998 ], [ 124.0452779, -18.1222221 ], [ 124.0450001, -18.1219443 ], [ 124.0447223, -18.1216665 ], [ 124.0444445, -18.1213887 ], [ 124.0441668, -18.121111 ], [ 124.043889, -18.121111 ], [ 124.0436112, -18.1208332 ], [ 124.0433334, -18.1205554 ], [ 124.0430556, -18.1202776 ], [ 124.0427779, -18.1202776 ], [ 124.0425001, -18.1202776 ], [ 124.0422223, -18.1199998 ], [ 124.0419445, -18.1199998 ], [ 124.0416668, -18.1202776 ], [ 124.041389, -18.1205554 ], [ 124.041389, -18.1208332 ], [ 124.0411112, -18.121111 ], [ 124.0408334, -18.121111 ], [ 124.0405556, -18.1208332 ], [ 124.0402779, -18.1205554 ], [ 124.0400001, -18.1205554 ], [ 124.0397223, -18.1205554 ], [ 124.0394445, -18.1205554 ], [ 124.0391668, -18.1208332 ], [ 124.038889, -18.1208332 ], [ 124.0386112, -18.1205554 ], [ 124.0383334, -18.1205554 ], [ 124.0380556, -18.1202776 ], [ 124.0377779, -18.1202776 ], [ 124.0375001, -18.1199998 ], [ 124.0372223, -18.1199998 ], [ 124.0369445, -18.1197221 ], [ 124.0366668, -18.1197221 ], [ 124.036389, -18.1194443 ], [ 124.0361112, -18.1194443 ], [ 124.0358334, -18.1191665 ], [ 124.0355556, -18.1188887 ], [ 124.0352779, -18.118611 ], [ 124.0350001, -18.1183332 ], [ 124.0347223, -18.1180554 ], [ 124.0344445, -18.1177776 ], [ 124.0341668, -18.1177776 ], [ 124.033889, -18.1174998 ], [ 124.0336112, -18.1174998 ], [ 124.0333334, -18.1174998 ], [ 124.0330556, -18.1174998 ], [ 124.0327779, -18.1174998 ], [ 124.0325001, -18.1174998 ], [ 124.0322223, -18.1172221 ], [ 124.0319445, -18.1172221 ], [ 124.0316668, -18.1172221 ], [ 124.031389, -18.1169443 ], [ 124.0311112, -18.1169443 ], [ 124.0308334, -18.1169443 ], [ 124.0305556, -18.1166665 ], [ 124.0302779, -18.1166665 ], [ 124.0300001, -18.1163887 ], [ 124.0297223, -18.1163887 ], [ 124.0294445, -18.1163887 ], [ 124.0291668, -18.116111 ], [ 124.028889, -18.116111 ], [ 124.0286112, -18.116111 ], [ 124.0283334, -18.116111 ], [ 124.0280556, -18.1158332 ], [ 124.0277779, -18.1158332 ], [ 124.0275001, -18.1158332 ], [ 124.0272223, -18.1155554 ], [ 124.0269445, -18.1155554 ], [ 124.0266668, -18.1155554 ], [ 124.026389, -18.1155554 ], [ 124.0261112, -18.1152776 ], [ 124.0258334, -18.1152776 ], [ 124.0255556, -18.1152776 ], [ 124.0252779, -18.1152776 ], [ 124.0250001, -18.1149998 ], [ 124.0247223, -18.1149998 ], [ 124.0244445, -18.1149998 ], [ 124.0241668, -18.1149998 ], [ 124.023889, -18.1149998 ], [ 124.0236112, -18.1147221 ], [ 124.0233334, -18.1147221 ], [ 124.0230556, -18.1147221 ], [ 124.0227779, -18.1147221 ], [ 124.0225001, -18.1144443 ], [ 124.0222223, -18.1144443 ], [ 124.0219445, -18.1144443 ], [ 124.0216668, -18.1141665 ], [ 124.021389, -18.1141665 ], [ 124.0211112, -18.1141665 ], [ 124.0208334, -18.1138887 ], [ 124.0205556, -18.1138887 ], [ 124.0202779, -18.1138887 ], [ 124.0200001, -18.113611 ], [ 124.0197223, -18.113611 ], [ 124.0194445, -18.1133332 ], [ 124.0191668, -18.1133332 ], [ 124.018889, -18.1133332 ], [ 124.0186112, -18.1133332 ], [ 124.0183334, -18.1133332 ], [ 124.0180556, -18.1133332 ], [ 124.0177779, -18.1133332 ], [ 124.0175001, -18.1130554 ], [ 124.0172223, -18.1130554 ], [ 124.0169445, -18.1130554 ], [ 124.0166668, -18.1130554 ], [ 124.016389, -18.1127776 ], [ 124.0161112, -18.1127776 ], [ 124.0158334, -18.1127776 ], [ 124.0155556, -18.1124998 ], [ 124.0152779, -18.1124998 ], [ 124.0150001, -18.1122221 ], [ 124.0147223, -18.1122221 ], [ 124.0144445, -18.1122221 ], [ 124.0141668, -18.1122221 ], [ 124.013889, -18.1119443 ], [ 124.0136112, -18.1119443 ], [ 124.0133334, -18.1119443 ], [ 124.0130556, -18.1119443 ], [ 124.0127779, -18.1116665 ], [ 124.0125001, -18.1116665 ], [ 124.0122223, -18.1116665 ], [ 124.0119445, -18.1116665 ], [ 124.0116668, -18.1116665 ], [ 124.011389, -18.1119443 ], [ 124.0111112, -18.1122221 ], [ 124.0108334, -18.1122221 ], [ 124.0105556, -18.1119443 ], [ 124.0102779, -18.1116665 ], [ 124.0100001, -18.1116665 ], [ 124.0097223, -18.1113887 ], [ 124.0094445, -18.111111 ], [ 124.0091668, -18.1108332 ], [ 124.008889, -18.1105554 ], [ 124.0086112, -18.1102776 ], [ 124.0086112, -18.1099998 ], [ 124.0083334, -18.1097221 ], [ 124.0083334, -18.1094443 ], [ 124.0080556, -18.1091665 ], [ 124.0077779, -18.1088887 ], [ 124.0075001, -18.108611 ], [ 124.0072223, -18.1083332 ], [ 124.0069445, -18.1080554 ], [ 124.0066668, -18.1077776 ], [ 124.006389, -18.1077776 ], [ 124.0061112, -18.1077776 ], [ 124.0058334, -18.1077776 ], [ 124.0055556, -18.1077776 ], [ 124.0052779, -18.1074998 ], [ 124.0050001, -18.1074998 ], [ 124.0047223, -18.1074998 ], [ 124.0044445, -18.1074998 ], [ 124.0041668, -18.1072221 ], [ 124.003889, -18.1072221 ], [ 124.0036112, -18.1069443 ], [ 124.0033334, -18.1066665 ], [ 124.0030556, -18.1066665 ], [ 124.0027779, -18.1066665 ], [ 124.0025001, -18.1066665 ], [ 124.0022223, -18.1066665 ], [ 124.0019445, -18.1063887 ], [ 124.0016668, -18.1063887 ], [ 124.001389, -18.106111 ], [ 124.0011112, -18.1058332 ], [ 124.0011112, -18.1055554 ], [ 124.0011112, -18.1052776 ], [ 124.0008334, -18.1049998 ], [ 124.0008334, -18.1047221 ], [ 124.0008334, -18.1044443 ], [ 124.0008334, -18.1041665 ], [ 124.0008334, -18.1038887 ], [ 124.0005556, -18.103611 ], [ 124.0005556, -18.1033332 ], [ 124.0002779, -18.1030554 ], [ 124.0, -18.1027776 ], [ 123.9997223, -18.1024998 ], [ 123.9994445, -18.1022221 ], [ 123.9991668, -18.1019443 ], [ 123.998889, -18.1019443 ], [ 123.9986112, -18.1016665 ], [ 123.9983334, -18.1013887 ], [ 123.9980556, -18.1013887 ], [ 123.9977779, -18.101111 ], [ 123.9975001, -18.1008332 ], [ 123.9972223, -18.1008332 ], [ 123.9969445, -18.1008332 ], [ 123.9966668, -18.1008332 ], [ 123.996389, -18.1005554 ], [ 123.9961112, -18.1005554 ], [ 123.9958334, -18.1005554 ], [ 123.9955556, -18.1005554 ], [ 123.9952779, -18.1005554 ], [ 123.9950001, -18.1008332 ], [ 123.9947223, -18.1008332 ], [ 123.9944445, -18.1008332 ] ] } },
{ "type": "Feature", "properties": { "HydroID": 101914810, "AHGFFType": 1, "Name": "SNAKE CREEK", "Hierarchy": "Major", "Perennial": "Non Perennial", "AusHydroID": 1432595, "AusHydroEr": 1, "SegmentNo": 407931, "DrainID": 100645448, "From_Node": 101624919, "To_Node": 101624858, "NextDownID": 101914750, "Enabled": 1, "FlowDir": 1, "SrcFCName": "DEMDerivedStreamsVector", "SrcFType": "Watercourse", "SrcType": 1, "SourceID": null, "FeatRel": "2019-08-21T00:00:00Z", "FSource": "GEOSCIENCE AUSTRALIA", "AttrRel": "2019-08-21T00:00:00Z", "AttrSource": "GEOSCIENCE AUSTRALIA", "PlanAcc": 15, "Symbol": 6, "TextNote": null, "GeodesLen": 1291.1137372296466, "UpstrGeoLn": 56622748.113956138, "UpstrDArea": 53585873619.989594, "ConCatID": 239786, "StrOutlet": 0, "Shape_Length": 0.012098985735857097 }, "bbox": [ 124.0416668, -18.113611, 124.0525001, -18.1105554 ], "geometry": { "type": "LineString", "coordinates": [ [ 124.0525001, -18.113611 ], [ 124.0522223, -18.113611 ], [ 124.0519445, -18.1133332 ], [ 124.0516668, -18.1133332 ], [ 124.051389, -18.1133332 ], [ 124.0511112, -18.1130554 ], [ 124.0508334, -18.1130554 ], [ 124.0505556, -18.1130554 ], [ 124.0502779, -18.1130554 ], [ 124.0500001, -18.1127776 ], [ 124.0497223, -18.1127776 ], [ 124.0494445, -18.1124998 ], [ 124.0491668, -18.1124998 ], [ 124.048889, -18.1124998 ], [ 124.0486112, -18.1124998 ], [ 124.0483334, -18.1124998 ], [ 124.0480556, -18.1124998 ], [ 124.0477779, -18.1124998 ], [ 124.0475001, -18.1122221 ], [ 124.0472223, -18.1122221 ], [ 124.0469445, -18.1122221 ], [ 124.0466668, -18.1119443 ], [ 124.046389, -18.1119443 ], [ 124.0461112, -18.1119443 ], [ 124.0458334, -18.1119443 ], [ 124.0455556, -18.1116665 ], [ 124.0452779, -18.1116665 ], [ 124.0450001, -18.1116665 ], [ 124.0447223, -18.1113887 ], [ 124.0444445, -18.1113887 ], [ 124.0441668, -18.111111 ], [ 124.043889, -18.111111 ], [ 124.0436112, -18.1108332 ], [ 124.0433334, -18.1108332 ], [ 124.0430556, -18.1105554 ], [ 124.0427779, -18.1105554 ], [ 124.0425001, -18.1105554 ], [ 124.0422223, -18.1105554 ], [ 124.0419445, -18.1105554 ], [ 124.0416668, -18.1105554 ] ] } },
{ "type": "Feature", "properties": { "HydroID": 101914821, "AHGFFType": 1, "Name": " ", "Hierarchy": "Minor", "Perennial": "Non Perennial", "AusHydroID": 10369124, "AusHydroEr": 1, "SegmentNo": 408239, "DrainID": 100645629, "From_Node": 101624927, "To_Node": 101625031, "NextDownID": 101914921, "Enabled": 1, "FlowDir": 1, "SrcFCName": "DEMDerivedStreamsVector", "SrcFType": "Watercourse", "SrcType": 1, "SourceID": null, "FeatRel": "2019-08-21T00:00:00Z", "FSource": "GEOSCIENCE AUSTRALIA", "AttrRel": "2019-08-21T00:00:00Z", "AttrSource": "GEOSCIENCE AUSTRALIA", "PlanAcc": 15, "Symbol": null, "TextNote": null, "GeodesLen": 2038.5229404701774, "UpstrGeoLn": 2038.5229404701774, "UpstrDArea": 1325429.5209462098, "ConCatID": 239786, "StrOutlet": 0, "Shape_Length": 0.019035255643848954 }, "bbox": [ 124.053889, -18.0666665, 124.0700001, -18.0619443 ], "geometry": { "type": "LineString", "coordinates": [ [ 124.053889, -18.0663887 ], [ 124.0541668, -18.0663887 ], [ 124.0544445, -18.0663887 ], [ 124.0547223, -18.0663887 ], [ 124.0550001, -18.0663887 ], [ 124.0552779, -18.0663887 ], [ 124.0555556, -18.0663887 ], [ 124.0558334, -18.0663887 ], [ 124.0561112, -18.0663887 ], [ 124.056389, -18.0666665 ], [ 124.0566668, -18.0666665 ], [ 124.0569445, -18.0663887 ], [ 124.0572223, -18.0663887 ], [ 124.0575001, -18.066111 ], [ 124.0577779, -18.0658332 ], [ 124.0580556, -18.0658332 ], [ 124.0583334, -18.0658332 ], [ 124.0586112, -18.0658332 ], [ 124.058889, -18.0655554 ], [ 124.0591668, -18.0652776 ], [ 124.0594445, -18.0652776 ], [ 124.0597223, -18.0652776 ], [ 124.0600001, -18.0652776 ], [ 124.0602779, -18.0652776 ], [ 124.0605556, -18.0655554 ], [ 124.0608334, -18.0655554 ], [ 124.0611112, -18.0655554 ], [ 124.061389, -18.0658332 ], [ 124.0616668, -18.0658332 ], [ 124.0619445, -18.0655554 ], [ 124.0622223, -18.0655554 ], [ 124.0625001, -18.0655554 ], [ 124.0627779, -18.0652776 ], [ 124.0630556, -18.0649998 ], [ 124.0630556, -18.0647221 ], [ 124.0633334, -18.0644443 ], [ 124.0636112, -18.0644443 ], [ 124.063889, -18.0641665 ], [ 124.0641668, -18.0638887 ], [ 124.0644445, -18.0638887 ], [ 124.0647223, -18.0638887 ], [ 124.0650001, -18.0638887 ], [ 124.0652779, -18.063611 ], [ 124.0655556, -18.0633332 ], [ 124.0658334, -18.0630554 ], [ 124.0661112, -18.0627776 ], [ 124.066389, -18.0627776 ], [ 124.0666668, -18.0627776 ], [ 124.0669445, -18.0627776 ], [ 124.0672223, -18.0624998 ], [ 124.0675001, -18.0624998 ], [ 124.0677779, -18.0622221 ], [ 124.0680556, -18.0622221 ], [ 124.0683334, -18.0622221 ], [ 124.0686112, -18.0622221 ], [ 124.068889, -18.0619443 ], [ 124.0691668, -18.0619443 ], [ 124.0694445, -18.0619443 ], [ 124.0697223, -18.0622221 ], [ 124.0700001, -18.0624998 ] ] } },
{ "type": "Feature", "properties": { "HydroID": 101914822, "AHGFFType": 3, "Name": "FITZROY RIVER", "Hierarchy": "Major", "Perennial": "Perennial", "AusHydroID": 10369738, "AusHydroEr": 1, "SegmentNo": 407869, "DrainID": 100645414, "From_Node": 101624930, "To_Node": 101624818, "NextDownID": 101914710, "Enabled": 1, "FlowDir": 1, "SrcFCName": "DEMDerivedStreamsVector", "SrcFType": "Waterbody Connector", "SrcType": 3, "SourceID": null, "FeatRel": "2019-08-21T00:00:00Z", "FSource": "GEOSCIENCE AUSTRALIA", "AttrRel": "2019-08-21T00:00:00Z", "AttrSource": "GEOSCIENCE AUSTRALIA", "PlanAcc": 15, "Symbol": 2, "TextNote": null, "GeodesLen": 2491.3635076443888, "UpstrGeoLn": 56847106.805916607, "UpstrDArea": 54154410086.197548, "ConCatID": 239786, "StrOutlet": 0, "Shape_Length": 0.023241402378875377 }, "bbox": [ 124.0350001, -18.1374998, 124.0544445, -18.1302776 ], "geometry": { "type": "LineString", "coordinates": [ [ 124.0544445, -18.1374998 ], [ 124.0541668, -18.1374998 ], [ 124.053889, -18.1372221 ], [ 124.0536112, -18.1369443 ], [ 124.0533334, -18.1369443 ], [ 124.0530556, -18.1366665 ], [ 124.0527779, -18.1363887 ], [ 124.0525001, -18.136111 ], [ 124.0522223, -18.136111 ], [ 124.0519445, -18.1358332 ], [ 124.0516668, -18.1358332 ], [ 124.051389, -18.1355554 ], [ 124.0511112, -18.1355554 ], [ 124.0508334, -18.1352776 ], [ 124.0505556, -18.1352776 ], [ 124.0502779, -18.1352776 ], [ 124.0500001, -18.1349998 ], [ 124.0497223, -18.1349998 ], [ 124.0494445, -18.1347221 ], [ 124.0491668, -18.1347221 ], [ 124.048889, -18.1344443 ], [ 124.0486112, -18.1344443 ], [ 124.0483334, -18.1341665 ], [ 124.0480556, -18.1341665 ], [ 124.0477779, -18.1338887 ], [ 124.0475001, -18.1338887 ], [ 124.0472223, -18.133611 ], [ 124.0469445, -18.1333332 ], [ 124.0466668, -18.1330554 ], [ 124.046389, -18.1330554 ], [ 124.0461112, -18.1327776 ], [ 124.0458334, -18.1324998 ], [ 124.0455556, -18.1322221 ], [ 124.0452779, -18.1322221 ], [ 124.0450001, -18.1319443 ], [ 124.0447223, -18.1316665 ], [ 124.0444445, -18.1313887 ], [ 124.0441668, -18.1313887 ], [ 124.043889, -18.131111 ], [ 124.0436112, -18.1308332 ], [ 124.0433334, -18.1305554 ], [ 124.0430556, -18.1305554 ], [ 124.0427779, -18.1302776 ], [ 124.0425001, -18.1302776 ], [ 124.0422223, -18.1302776 ], [ 124.0419445, -18.1302776 ], [ 124.0416668, -18.1302776 ], [ 124.041389, -18.1302776 ], [ 124.0411112, -18.1302776 ], [ 124.0408334, -18.1302776 ], [ 124.0405556, -18.1302776 ], [ 124.0402779, -18.1305554 ], [ 124.0400001, -18.1305554 ], [ 124.0397223, -18.1305554 ], [ 124.0394445, -18.1305554 ], [ 124.0391668, -18.1308332 ], [ 124.038889, -18.1308332 ], [ 124.0386112, -18.1308332 ], [ 124.0383334, -18.131111 ], [ 124.0380556, -18.131111 ], [ 124.0377779, -18.131111 ], [ 124.0375001, -18.131111 ], [ 124.0372223, -18.1313887 ], [ 124.0369445, -18.1313887 ], [ 124.0366668, -18.1313887 ], [ 124.036389, -18.1316665 ], [ 124.0361112, -18.1316665 ], [ 124.0358334, -18.1319443 ], [ 124.0355556, -18.1319443 ], [ 124.0352779, -18.1322221 ], [ 124.0350001, -18.1322221 ] ] } },
{ "type": "Feature", "properties": { "HydroID": 101914828, "AHGFFType": 1, "Name": " ", "Hierarchy": "Minor", "Perennial": "Non Perennial", "AusHydroID": 1433375, "AusHydroEr": 1, "SegmentNo": 408135, "DrainID": 100645573, "From_Node": 101624934, "To_Node": 101624973, "NextDownID": 101914869, "Enabled": 1, "FlowDir": 1, "SrcFCName": "DEMDerivedStreamsVector", "SrcFType": "Watercourse", "SrcType": 1, "SourceID": null, "FeatRel": "2019-08-21T00:00:00Z", "FSource": "GEOSCIENCE AUSTRALIA", "AttrRel": "2019-08-21T00:00:00Z", "AttrSource": "GEOSCIENCE AUSTRALIA", "PlanAcc": 15, "Symbol": null, "TextNote": null, "GeodesLen": 2148.9991374067163, "UpstrGeoLn": 56596413.656065039, "UpstrDArea": 53575295198.652359, "ConCatID": 239786, "StrOutlet": 0, "Shape_Length": 0.01984066796249797 }, "bbox": [ 124.0550001, -18.1097221, 124.063889, -18.0977776 ], "geometry": { "type": "LineString", "coordinates": [ [ 124.0550001, -18.0977776 ], [ 124.0552779, -18.0977776 ], [ 124.0555556, -18.0980554 ], [ 124.0558334, -18.0983332 ], [ 124.0561112, -18.098611 ], [ 124.056389, -18.0988887 ], [ 124.0566668, -18.0991665 ], [ 124.0569445, -18.0994443 ], [ 124.0572223, -18.0994443 ], [ 124.0575001, -18.0994443 ], [ 124.0577779, -18.0991665 ], [ 124.0580556, -18.0991665 ], [ 124.0583334, -18.0991665 ], [ 124.0586112, -18.0991665 ], [ 124.058889, -18.0991665 ], [ 124.0591668, -18.0994443 ], [ 124.0594445, -18.0997221 ], [ 124.0597223, -18.0997221 ], [ 124.0600001, -18.0997221 ], [ 124.0602779, -18.0997221 ], [ 124.0605556, -18.0997221 ], [ 124.0608334, -18.1 ], [ 124.0611112, -18.1 ], [ 124.061389, -18.1002776 ], [ 124.0616668, -18.1002776 ], [ 124.0619445, -18.1005554 ], [ 124.0622223, -18.1008332 ], [ 124.0622223, -18.101111 ], [ 124.0625001, -18.1013887 ], [ 124.0627779, -18.1016665 ], [ 124.0630556, -18.1016665 ], [ 124.0633334, -18.1019443 ], [ 124.0636112, -18.1022221 ], [ 124.0636112, -18.1024998 ], [ 124.063889, -18.1027776 ], [ 124.063889, -18.1030554 ], [ 124.063889, -18.1033332 ], [ 124.063889, -18.103611 ], [ 124.063889, -18.1038887 ], [ 124.063889, -18.1041665 ], [ 124.0636112, -18.1044443 ], [ 124.0633334, -18.1047221 ], [ 124.0633334, -18.1049998 ], [ 124.0630556, -18.1052776 ], [ 124.0630556, -18.1055554 ], [ 124.0627779, -18.1058332 ], [ 124.0625001, -18.106111 ], [ 124.0622223, -18.1063887 ], [ 124.0619445, -18.1066665 ], [ 124.0619445, -18.1069443 ], [ 124.0616668, -18.1072221 ], [ 124.061389, -18.1074998 ], [ 124.061389, -18.1077776 ], [ 124.0611112, -18.1080554 ], [ 124.0608334, -18.1083332 ], [ 124.0608334, -18.108611 ], [ 124.0608334, -18.1088887 ], [ 124.0611112, -18.1091665 ], [ 124.0611112, -18.1094443 ], [ 124.0611112, -18.1097221 ] ] } },
{ "type": "Feature", "properties": { "HydroID": 101914829, "AHGFFType": 1, "Name": " ", "Hierarchy": "Minor", "Perennial": "Non Perennial", "AusHydroID": 1434278, "AusHydroEr": 1, "SegmentNo": 408123, "DrainID": 100645565, "From_Node": 101624936, "To_Node": 101624960, "NextDownID": 101914855, "Enabled": 1, "FlowDir": 1, "SrcFCName": "DEMDerivedStreamsVector", "SrcFType": "Watercourse", "SrcType": 1, "SourceID": null, "FeatRel": "2019-08-21T00:00:00Z", "FSource": "GEOSCIENCE AUSTRALIA", "AttrRel": "2019-08-21T00:00:00Z", "AttrSource": "GEOSCIENCE AUSTRALIA", "PlanAcc": 15, "Symbol": null, "TextNote": null, "GeodesLen": 667.35640242307841, "UpstrGeoLn": 4799.8192761337677, "UpstrDArea": 2956317.6798093924, "ConCatID": 239786, "StrOutlet": 0, "Shape_Length": 0.0061505923208279708 }, "bbox": [ 124.0552779, -18.0880554, 124.058889, -18.0838887 ], "geometry": { "type": "LineString", "coordinates": [ [ 124.0552779, -18.0838887 ], [ 124.0552779, -18.0841665 ], [ 124.0555556, -18.0844443 ], [ 124.0558334, -18.0847221 ], [ 124.0561112, -18.0849998 ], [ 124.056389, -18.0849998 ], [ 124.0566668, -18.0849998 ], [ 124.0569445, -18.0849998 ], [ 124.0572223, -18.0852776 ], [ 124.0575001, -18.0855554 ], [ 124.0575001, -18.0858332 ], [ 124.0575001, -18.086111 ], [ 124.0577779, -18.0863887 ], [ 124.0580556, -18.0866665 ], [ 124.0583334, -18.0869443 ], [ 124.0586112, -18.0872221 ], [ 124.058889, -18.0874998 ], [ 124.058889, -18.0877776 ], [ 124.058889, -18.0880554 ] ] } },
{ "type": "Feature", "properties": { "HydroID": 101914832, "AHGFFType": 1, "Name": " ", "Hierarchy": "Minor", "Perennial": "Non Perennial", "AusHydroID": 1431127, "AusHydroEr": 1, "SegmentNo": 407564, "DrainID": 100645258, "From_Node": 101624938, "To_Node": 101624652, "NextDownID": 101914544, "Enabled": 1, "FlowDir": 1, "SrcFCName": "DEMDerivedStreamsVector", "SrcFType": "Watercourse", "SrcType": 1, "SourceID": null, "FeatRel": "2019-08-21T00:00:00Z", "FSource": "GEOSCIENCE AUSTRALIA", "AttrRel": "2019-08-21T00:00:00Z", "AttrSource": "GEOSCIENCE AUSTRALIA", "PlanAcc": 15, "Symbol": null, "TextNote": null, "GeodesLen": 5738.7744541048096, "UpstrGeoLn": 56095011.107012965, "UpstrDArea": 53172361078.337532, "ConCatID": 232627, "StrOutlet": 0, "Shape_Length": 0.053713204314263012 }, "bbox": [ 124.008889, -18.1472221, 124.0558334, -18.138611 ], "geometry": { "type": "LineString", "coordinates": [ [ 124.0558334, -18.1472221 ], [ 124.0555556, -18.1472221 ], [ 124.0552779, -18.1472221 ], [ 124.0550001, -18.1472221 ], [ 124.0547223, -18.1472221 ], [ 124.0544445, -18.1472221 ], [ 124.0541668, -18.1472221 ], [ 124.053889, -18.1472221 ], [ 124.0536112, -18.1472221 ], [ 124.0533334, -18.1469443 ], [ 124.0530556, -18.1469443 ], [ 124.0527779, -18.1466665 ], [ 124.0525001, -18.1466665 ], [ 124.0522223, -18.1463887 ], [ 124.0519445, -18.146111 ], [ 124.0516668, -18.146111 ], [ 124.051389, -18.1458332 ], [ 124.0511112, -18.1455554 ], [ 124.0508334, -18.1452776 ], [ 124.0505556, -18.1449998 ], [ 124.0502779, -18.1449998 ], [ 124.0500001, -18.1449998 ], [ 124.0497223, -18.1447221 ], [ 124.0494445, -18.1447221 ], [ 124.0491668, -18.1447221 ], [ 124.048889, -18.1444443 ], [ 124.0486112, -18.1444443 ], [ 124.0483334, -18.1444443 ], [ 124.0480556, -18.1441665 ], [ 124.0477779, -18.1441665 ], [ 124.0475001, -18.1438887 ], [ 124.0472223, -18.1438887 ], [ 124.0469445, -18.143611 ], [ 124.0466668, -18.143611 ], [ 124.046389, -18.1433332 ], [ 124.0461112, -18.1430554 ], [ 124.0458334, -18.1430554 ], [ 124.0455556, -18.1427776 ], [ 124.0452779, -18.1424998 ], [ 124.0450001, -18.1422221 ], [ 124.0447223, -18.1422221 ], [ 124.0444445, -18.1422221 ], [ 124.0441668, -18.1422221 ], [ 124.043889, -18.1422221 ], [ 124.0436112, -18.1422221 ], [ 124.0433334, -18.1422221 ], [ 124.0430556, -18.1422221 ], [ 124.0427779, -18.1424998 ], [ 124.0425001, -18.1424998 ], [ 124.0422223, -18.1424998 ], [ 124.0419445, -18.1424998 ], [ 124.0416668, -18.1422221 ], [ 124.041389, -18.1419443 ], [ 124.0411112, -18.1419443 ], [ 124.0408334, -18.1419443 ], [ 124.0405556, -18.1419443 ], [ 124.0402779, -18.1419443 ], [ 124.0400001, -18.1416665 ], [ 124.0397223, -18.1413887 ], [ 124.0394445, -18.1413887 ], [ 124.0391668, -18.1413887 ], [ 124.038889, -18.1413887 ], [ 124.0386112, -18.1413887 ], [ 124.0383334, -18.141111 ], [ 124.0380556, -18.141111 ], [ 124.0377779, -18.141111 ], [ 124.0375001, -18.141111 ], [ 124.0372223, -18.141111 ], [ 124.0369445, -18.1408332 ], [ 124.0366668, -18.1408332 ], [ 124.036389, -18.1408332 ], [ 124.0361112, -18.1405554 ], [ 124.0358334, -18.1402776 ], [ 124.0358334, -18.1399998 ], [ 124.0355556, -18.1397221 ], [ 124.0352779, -18.1397221 ], [ 124.0350001, -18.1394443 ], [ 124.0347223, -18.1394443 ], [ 124.0344445, -18.1394443 ], [ 124.0341668, -18.1394443 ], [ 124.033889, -18.1394443 ], [ 124.0336112, -18.1394443 ], [ 124.0333334, -18.1394443 ], [ 124.0330556, -18.1394443 ], [ 124.0327779, -18.1394443 ], [ 124.0325001, -18.1394443 ], [ 124.0322223, -18.1394443 ], [ 124.0319445, -18.1394443 ], [ 124.0316668, -18.1391665 ], [ 124.031389, -18.1391665 ], [ 124.0311112, -18.1391665 ], [ 124.0308334, -18.1391665 ], [ 124.0305556, -18.1391665 ], [ 124.0302779, -18.1388887 ], [ 124.0300001, -18.1388887 ], [ 124.0297223, -18.1388887 ], [ 124.0294445, -18.138611 ], [ 124.0291668, -18.138611 ], [ 124.028889, -18.138611 ], [ 124.0286112, -18.1388887 ], [ 124.0286112, -18.1391665 ], [ 124.0283334, -18.1394443 ], [ 124.0280556, -18.1394443 ], [ 124.0277779, -18.1394443 ], [ 124.0275001, -18.1394443 ], [ 124.0272223, -18.1394443 ], [ 124.0269445, -18.1394443 ], [ 124.0266668, -18.1394443 ], [ 124.026389, -18.1394443 ], [ 124.0261112, -18.1394443 ], [ 124.0258334, -18.1394443 ], [ 124.0255556, -18.1397221 ], [ 124.0252779, -18.1397221 ], [ 124.0250001, -18.1397221 ], [ 124.0247223, -18.1394443 ], [ 124.0244445, -18.1394443 ], [ 124.0241668, -18.1397221 ], [ 124.023889, -18.1397221 ], [ 124.0236112, -18.1397221 ], [ 124.0233334, -18.1397221 ], [ 124.0230556, -18.1397221 ], [ 124.0227779, -18.1397221 ], [ 124.0225001, -18.1397221 ], [ 124.0222223, -18.1397221 ], [ 124.0219445, -18.1399998 ], [ 124.0216668, -18.1402776 ], [ 124.021389, -18.1405554 ], [ 124.0211112, -18.1405554 ], [ 124.0208334, -18.1408332 ], [ 124.0205556, -18.1408332 ], [ 124.0202779, -18.141111 ], [ 124.0200001, -18.141111 ], [ 124.0197223, -18.141111 ], [ 124.0194445, -18.1413887 ], [ 124.0191668, -18.1413887 ], [ 124.018889, -18.1416665 ], [ 124.0186112, -18.1416665 ], [ 124.0183334, -18.1419443 ], [ 124.0180556, -18.1419443 ], [ 124.0177779, -18.1419443 ], [ 124.0175001, -18.1419443 ], [ 124.0172223, -18.1422221 ], [ 124.0169445, -18.1422221 ], [ 124.0166668, -18.1424998 ], [ 124.016389, -18.1424998 ], [ 124.0161112, -18.1424998 ], [ 124.0158334, -18.1424998 ], [ 124.0155556, -18.1427776 ], [ 124.0152779, -18.1427776 ], [ 124.0150001, -18.1430554 ], [ 124.0147223, -18.1430554 ], [ 124.0144445, -18.1430554 ], [ 124.0141668, -18.1433332 ], [ 124.013889, -18.1433332 ], [ 124.0136112, -18.1433332 ], [ 124.0133334, -18.1433332 ], [ 124.0130556, -18.143611 ], [ 124.0127779, -18.143611 ], [ 124.0125001, -18.143611 ], [ 124.0122223, -18.143611 ], [ 124.0119445, -18.1438887 ], [ 124.0116668, -18.1438887 ], [ 124.011389, -18.1438887 ], [ 124.0111112, -18.1438887 ], [ 124.0108334, -18.1438887 ], [ 124.0105556, -18.1438887 ], [ 124.0102779, -18.1438887 ], [ 124.0100001, -18.1441665 ], [ 124.0097223, -18.1441665 ], [ 124.0094445, -18.1441665 ], [ 124.0091668, -18.1441665 ], [ 124.008889, -18.1444443 ] ] } },
{ "type": "Feature", "properties": { "HydroID": 101914833, "AHGFFType": 1, "Name": "NERRIMA CREEK", "Hierarchy": "Major", "Perennial": "Non Perennial", "AusHydroID": 1431041, "AusHydroEr": 1, "SegmentNo": 408113, "DrainID": 100645558, "From_Node": 101624938, "To_Node": 101624948, "NextDownID": 101914844, "Enabled": 1, "FlowDir": 1, "SrcFCName": "DEMDerivedStreamsVector", "SrcFType": "Watercourse", "SrcType": 1, "SourceID": null, "FeatRel": "2019-08-21T00:00:00Z", "FSource": "GEOSCIENCE AUSTRALIA", "AttrRel": "2019-08-21T00:00:00Z", "AttrSource": "GEOSCIENCE AUSTRALIA", "PlanAcc": 15, "Symbol": 6, "TextNote": null, "GeodesLen": 993.66779083589597, "UpstrGeoLn": 56090266.0003497, "UpstrDArea": 53169487169.332695, "ConCatID": 239786, "StrOutlet": 0, "Shape_Length": 0.009091088198931261 }, "bbox": [ 124.0555556, -18.1472221, 124.0577779, -18.1399998 ], "geometry": { "type": "LineString", "coordinates": [ [ 124.0558334, -18.1472221 ], [ 124.0555556, -18.1469443 ], [ 124.0555556, -18.1466665 ], [ 124.0555556, -18.1463887 ], [ 124.0555556, -18.146111 ], [ 124.0558334, -18.1458332 ], [ 124.0558334, -18.1455554 ], [ 124.0558334, -18.1452776 ], [ 124.0558334, -18.1449998 ], [ 124.0561112, -18.1447221 ], [ 124.0561112, -18.1444443 ], [ 124.056389, -18.1441665 ], [ 124.056389, -18.1438887 ], [ 124.056389, -18.143611 ], [ 124.0561112, -18.1433332 ], [ 124.0561112, -18.1430554 ], [ 124.0561112, -18.1427776 ], [ 124.056389, -18.1424998 ], [ 124.0566668, -18.1424998 ], [ 124.0569445, -18.1424998 ], [ 124.0572223, -18.1422221 ], [ 124.0575001, -18.1422221 ], [ 124.0577779, -18.1419443 ], [ 124.0577779, -18.1416665 ], [ 124.0577779, -18.1413887 ], [ 124.0577779, -18.141111 ], [ 124.0577779, -18.1408332 ], [ 124.0577779, -18.1405554 ], [ 124.0577779, -18.1402776 ], [ 124.0575001, -18.1399998 ] ] } },
{ "type": "Feature", "properties": { "HydroID": 101914838, "AHGFFType": 1, "Name": " ", "Hierarchy": "Minor", "Perennial": "Non Perennial", "AusHydroID": 1430907, "AusHydroEr": 1, "SegmentNo": 407565, "DrainID": 100645259, "From_Node": 101624941, "To_Node": 101624652, "NextDownID": 101914544, "Enabled": 1, "FlowDir": 1, "SrcFCName": "DEMDerivedStreamsVector", "SrcFType": "Watercourse", "SrcType": 1, "SourceID": null, "FeatRel": "2019-08-21T00:00:00Z", "FSource": "GEOSCIENCE AUSTRALIA", "AttrRel": "2019-08-21T00:00:00Z", "AttrSource": "GEOSCIENCE AUSTRALIA", "PlanAcc": 15, "Symbol": null, "TextNote": null, "GeodesLen": 5566.5247301998597, "UpstrGeoLn": 56094704.087071009, "UpstrDArea": 53176671450.906364, "ConCatID": 232627, "StrOutlet": 0, "Shape_Length": 0.052217434991527159 }, "bbox": [ 124.008889, -18.1483332, 124.0561112, -18.1427776 ], "geometry": { "type": "LineString", "coordinates": [ [ 124.0561112, -18.1483332 ], [ 124.0558334, -18.1483332 ], [ 124.0555556, -18.1483332 ], [ 124.0552779, -18.1483332 ], [ 124.0550001, -18.1483332 ], [ 124.0547223, -18.1483332 ], [ 124.0544445, -18.1480554 ], [ 124.0541668, -18.1480554 ], [ 124.053889, -18.1480554 ], [ 124.0536112, -18.1477776 ], [ 124.0533334, -18.1477776 ], [ 124.0530556, -18.1474998 ], [ 124.0527779, -18.1474998 ], [ 124.0525001, -18.1472221 ], [ 124.0522223, -18.1472221 ], [ 124.0519445, -18.1469443 ], [ 124.0516668, -18.1469443 ], [ 124.051389, -18.1469443 ], [ 124.0511112, -18.1466665 ], [ 124.0508334, -18.1466665 ], [ 124.0505556, -18.1466665 ], [ 124.0502779, -18.1463887 ], [ 124.0500001, -18.1463887 ], [ 124.0497223, -18.1463887 ], [ 124.0494445, -18.1463887 ], [ 124.0491668, -18.1463887 ], [ 124.048889, -18.1463887 ], [ 124.0486112, -18.1463887 ], [ 124.0483334, -18.1463887 ], [ 124.0480556, -18.1463887 ], [ 124.0477779, -18.1463887 ], [ 124.0475001, -18.1463887 ], [ 124.0472223, -18.146111 ], [ 124.0469445, -18.146111 ], [ 124.0466668, -18.1458332 ], [ 124.046389, -18.1458332 ], [ 124.0461112, -18.1455554 ], [ 124.0458334, -18.1452776 ], [ 124.0455556, -18.1452776 ], [ 124.0452779, -18.1449998 ], [ 124.0450001, -18.1447221 ], [ 124.0447223, -18.1447221 ], [ 124.0444445, -18.1444443 ], [ 124.0441668, -18.1441665 ], [ 124.043889, -18.1441665 ], [ 124.0436112, -18.1441665 ], [ 124.0433334, -18.1441665 ], [ 124.0430556, -18.1441665 ], [ 124.0427779, -18.1444443 ], [ 124.0425001, -18.1444443 ], [ 124.0422223, -18.1444443 ], [ 124.0419445, -18.1444443 ], [ 124.0416668, -18.1444443 ], [ 124.041389, -18.1444443 ], [ 124.0411112, -18.1444443 ], [ 124.0408334, -18.1441665 ], [ 124.0405556, -18.1438887 ], [ 124.0402779, -18.143611 ], [ 124.0400001, -18.143611 ], [ 124.0397223, -18.1433332 ], [ 124.0394445, -18.1433332 ], [ 124.0391668, -18.1433332 ], [ 124.038889, -18.1433332 ], [ 124.0386112, -18.1430554 ], [ 124.0383334, -18.1430554 ], [ 124.0380556, -18.1430554 ], [ 124.0377779, -18.1427776 ], [ 124.0375001, -18.1427776 ], [ 124.0372223, -18.1427776 ], [ 124.0369445, -18.1427776 ], [ 124.0366668, -18.1427776 ], [ 124.036389, -18.1427776 ], [ 124.0361112, -18.1427776 ], [ 124.0358334, -18.1430554 ], [ 124.0355556, -18.1430554 ], [ 124.0352779, -18.1430554 ], [ 124.0350001, -18.1430554 ], [ 124.0347223, -18.1430554 ], [ 124.0344445, -18.1430554 ], [ 124.0341668, -18.1430554 ], [ 124.033889, -18.1430554 ], [ 124.0336112, -18.1430554 ], [ 124.0333334, -18.1430554 ], [ 124.0330556, -18.1430554 ], [ 124.0327779, -18.1430554 ], [ 124.0325001, -18.1430554 ], [ 124.0322223, -18.1430554 ], [ 124.0319445, -18.1430554 ], [ 124.0316668, -18.1430554 ], [ 124.031389, -18.1430554 ], [ 124.0311112, -18.1430554 ], [ 124.0308334, -18.1430554 ], [ 124.0305556, -18.1427776 ], [ 124.0302779, -18.1427776 ], [ 124.0300001, -18.1427776 ], [ 124.0297223, -18.1427776 ], [ 124.0294445, -18.1427776 ], [ 124.0291668, -18.1427776 ], [ 124.028889, -18.1427776 ], [ 124.0286112, -18.1427776 ], [ 124.0283334, -18.1427776 ], [ 124.0280556, -18.1427776 ], [ 124.0277779, -18.1427776 ], [ 124.0275001, -18.1427776 ], [ 124.0272223, -18.1427776 ], [ 124.0269445, -18.1427776 ], [ 124.0266668, -18.1427776 ], [ 124.026389, -18.1427776 ], [ 124.0261112, -18.1427776 ], [ 124.0258334, -18.1427776 ], [ 124.0255556, -18.1427776 ], [ 124.0252779, -18.1427776 ], [ 124.0250001, -18.1427776 ], [ 124.0247223, -18.1427776 ], [ 124.0244445, -18.1427776 ], [ 124.0241668, -18.1427776 ], [ 124.023889, -18.1427776 ], [ 124.0236112, -18.1427776 ], [ 124.0233334, -18.1427776 ], [ 124.0230556, -18.1427776 ], [ 124.0227779, -18.1430554 ], [ 124.0225001, -18.1433332 ], [ 124.0222223, -18.143611 ], [ 124.0219445, -18.1438887 ], [ 124.0216668, -18.1438887 ], [ 124.021389, -18.1438887 ], [ 124.0211112, -18.1438887 ], [ 124.0208334, -18.1438887 ], [ 124.0205556, -18.1438887 ], [ 124.0202779, -18.1438887 ], [ 124.0200001, -18.1438887 ], [ 124.0197223, -18.1441665 ], [ 124.0194445, -18.1441665 ], [ 124.0191668, -18.1441665 ], [ 124.018889, -18.1441665 ], [ 124.0186112, -18.1441665 ], [ 124.0183334, -18.1441665 ], [ 124.0180556, -18.1441665 ], [ 124.0177779, -18.1444443 ], [ 124.0175001, -18.1444443 ], [ 124.0172223, -18.1447221 ], [ 124.0169445, -18.1447221 ], [ 124.0166668, -18.1447221 ], [ 124.016389, -18.1447221 ], [ 124.0161112, -18.1449998 ], [ 124.0158334, -18.1449998 ], [ 124.0155556, -18.1449998 ], [ 124.0152779, -18.1449998 ], [ 124.0150001, -18.1449998 ], [ 124.0147223, -18.1449998 ], [ 124.0144445, -18.1449998 ], [ 124.0141668, -18.1447221 ], [ 124.013889, -18.1447221 ], [ 124.0136112, -18.1447221 ], [ 124.0133334, -18.1449998 ], [ 124.0130556, -18.1452776 ], [ 124.0127779, -18.1455554 ], [ 124.0125001, -18.1455554 ], [ 124.0122223, -18.1452776 ], [ 124.0119445, -18.1452776 ], [ 124.0116668, -18.1452776 ], [ 124.011389, -18.1452776 ], [ 124.0111112, -18.1452776 ], [ 124.0108334, -18.1455554 ], [ 124.0105556, -18.1455554 ], [ 124.0102779, -18.1455554 ], [ 124.0100001, -18.1455554 ], [ 124.0097223, -18.1452776 ], [ 124.0097223, -18.1449998 ], [ 124.0094445, -18.1447221 ], [ 124.0091668, -18.1447221 ], [ 124.008889, -18.1444443 ] ] } },
{ "type": "Feature", "properties": { "HydroID": 101914839, "AHGFFType": 1, "Name": "NERRIMA CREEK", "Hierarchy": "Major", "Perennial": "Non Perennial", "AusHydroID": 1430719, "AusHydroEr": 1, "SegmentNo": 408094, "DrainID": 100645546, "From_Node": 101624941, "To_Node": 101624938, "NextDownID": 101914832, "Enabled": 1, "FlowDir": 1, "SrcFCName": "DEMDerivedStreamsVector", "SrcFType": "Watercourse", "SrcType": 1, "SourceID": null, "FeatRel": "2019-08-21T00:00:00Z", "FSource": "GEOSCIENCE AUSTRALIA", "AttrRel": "2019-08-21T00:00:00Z", "AttrSource": "GEOSCIENCE AUSTRALIA", "PlanAcc": 15, "Symbol": 6, "TextNote": null, "GeodesLen": 134.77021805583945, "UpstrGeoLn": 56089272.33255887, "UpstrDArea": 53169234126.854233, "ConCatID": 232627, "StrOutlet": 0, "Shape_Length": 0.0012261714149340336 }, "bbox": [ 124.0558334, -18.1483332, 124.0561112, -18.1472221 ], "geometry": { "type": "LineString", "coordinates": [ [ 124.0561112, -18.1483332 ], [ 124.0561112, -18.1480554 ], [ 124.0558334, -18.1477776 ], [ 124.0558334, -18.1474998 ], [ 124.0558334, -18.1472221 ] ] } },
{ "type": "Feature", "properties": { "HydroID": 101914840, "AHGFFType": 1, "Name": " ", "Hierarchy": "Minor", "Perennial": "Non Perennial", "AusHydroID": 1434859, "AusHydroEr": 1, "SegmentNo": 408089, "DrainID": 100645544, "From_Node": 101624945, "To_Node": 101624936, "NextDownID": 101914829, "Enabled": 1, "FlowDir": 1, "SrcFCName": "DEMDerivedStreamsVector", "SrcFType": "Watercourse", "SrcType": 1, "SourceID": null, "FeatRel": "2019-08-21T00:00:00Z", "FSource": "GEOSCIENCE AUSTRALIA", "AttrRel": "2019-08-21T00:00:00Z", "AttrSource": "GEOSCIENCE AUSTRALIA", "PlanAcc": 15, "Symbol": null, "TextNote": null, "GeodesLen": 1248.3891667218702, "UpstrGeoLn": 1248.3891667218702, "UpstrDArea": 328172.70209115284, "ConCatID": 239786, "StrOutlet": 0, "Shape_Length": 0.011380711857817874 }, "bbox": [ 124.0552779, -18.0838887, 124.0572223, -18.0738887 ], "geometry": { "type": "LineString", "coordinates": [ [ 124.056389, -18.0738887 ], [ 124.056389, -18.0741665 ], [ 124.0566668, -18.0744443 ], [ 124.0566668, -18.0747221 ], [ 124.0569445, -18.0749998 ], [ 124.0569445, -18.0752776 ], [ 124.0572223, -18.0755554 ], [ 124.0572223, -18.0758332 ], [ 124.0569445, -18.076111 ], [ 124.0569445, -18.0763887 ], [ 124.0569445, -18.0766665 ], [ 124.0569445, -18.0769443 ], [ 124.0569445, -18.0772221 ], [ 124.0569445, -18.0774998 ], [ 124.0569445, -18.0777776 ], [ 124.0569445, -18.0780554 ], [ 124.0566668, -18.0783332 ], [ 124.0566668, -18.078611 ], [ 124.0566668, -18.0788887 ], [ 124.0566668, -18.0791665 ], [ 124.056389, -18.0794443 ], [ 124.0561112, -18.0797221 ], [ 124.0561112, -18.0799998 ], [ 124.0561112, -18.0802776 ], [ 124.0561112, -18.0805554 ], [ 124.0561112, -18.0808332 ], [ 124.0561112, -18.081111 ], [ 124.056389, -18.0813887 ], [ 124.056389, -18.0816665 ], [ 124.0561112, -18.0819443 ], [ 124.0558334, -18.0822221 ], [ 124.0555556, -18.0824998 ], [ 124.0555556, -18.0827776 ], [ 124.0555556, -18.0830554 ], [ 124.0555556, -18.0833332 ], [ 124.0552779, -18.083611 ], [ 124.0552779, -18.0838887 ] ] } },
{ "type": "Feature", "properties": { "HydroID": 101914844, "AHGFFType": 1, "Name": "FITZROY RIVER", "Hierarchy": "Major", "Perennial": "Perennial", "AusHydroID": 10369737, "AusHydroEr": 1, "SegmentNo": 408082, "DrainID": 100645538, "From_Node": 101624948, "To_Node": 101624930, "NextDownID": 101914822, "Enabled": 1, "FlowDir": 1, "SrcFCName": "DEMDerivedStreamsVector", "SrcFType": "Watercourse", "SrcType": 1, "SourceID": null, "FeatRel": "2019-08-21T00:00:00Z", "FSource": "GEOSCIENCE AUSTRALIA", "AttrRel": "2019-08-21T00:00:00Z", "AttrSource": "GEOSCIENCE AUSTRALIA", "PlanAcc": 15, "Symbol": 2, "TextNote": null, "GeodesLen": 441.61433916320232, "UpstrGeoLn": 56844615.442408964, "UpstrDArea": 54153229756.098625, "ConCatID": 239786, "StrOutlet": 0, "Shape_Length": 0.0040910891988350916 }, "bbox": [ 124.0544445, -18.1399998, 124.0575001, -18.1374998 ], "geometry": { "type": "LineString", "coordinates": [ [ 124.0575001, -18.1399998 ], [ 124.0572223, -18.1397221 ], [ 124.0569445, -18.1397221 ], [ 124.0566668, -18.1394443 ], [ 124.056389, -18.1394443 ], [ 124.0561112, -18.1391665 ], [ 124.0558334, -18.1388887 ], [ 124.0555556, -18.138611 ], [ 124.0552779, -18.1383332 ], [ 124.0550001, -18.1380554 ], [ 124.0547223, -18.1377776 ], [ 124.0544445, -18.1374998 ] ] } },
{ "type": "Feature", "properties": { "HydroID": 101914855, "AHGFFType": 1, "Name": " ", "Hierarchy": "Minor", "Perennial": "Non Perennial", "AusHydroID": 1434010, "AusHydroEr": 1, "SegmentNo": 408080, "DrainID": 100645536, "From_Node": 101624960, "To_Node": 101624934, "NextDownID": 101914828, "Enabled": 1, "FlowDir": 1, "SrcFCName": "DEMDerivedStreamsVector", "SrcFType": "Watercourse", "SrcType": 1, "SourceID": null, "FeatRel": "2019-08-21T00:00:00Z", "FSource": "GEOSCIENCE AUSTRALIA", "AttrRel": "2019-08-21T00:00:00Z", "AttrSource": "GEOSCIENCE AUSTRALIA", "PlanAcc": 15, "Symbol": null, "TextNote": null, "GeodesLen": 1735.2663468600083, "UpstrGeoLn": 56590608.342376567, "UpstrDArea": 53566654040.621681, "ConCatID": 239786, "StrOutlet": 0, "Shape_Length": 0.016007616981945909 }, "bbox": [ 124.0525001, -18.0977776, 124.058889, -18.0880554 ], "geometry": { "type": "LineString", "coordinates": [ [ 124.058889, -18.0880554 ], [ 124.0586112, -18.0880554 ], [ 124.0583334, -18.0880554 ], [ 124.0580556, -18.0880554 ], [ 124.0577779, -18.0880554 ], [ 124.0575001, -18.0880554 ], [ 124.0572223, -18.0883332 ], [ 124.0569445, -18.088611 ], [ 124.0566668, -18.088611 ], [ 124.056389, -18.0888887 ], [ 124.0561112, -18.0888887 ], [ 124.0558334, -18.0888887 ], [ 124.0555556, -18.0888887 ], [ 124.0552779, -18.0888887 ], [ 124.0550001, -18.0888887 ], [ 124.0547223, -18.0888887 ], [ 124.0544445, -18.0891665 ], [ 124.0541668, -18.0891665 ], [ 124.053889, -18.0891665 ], [ 124.0536112, -18.0891665 ], [ 124.0533334, -18.0894443 ], [ 124.0533334, -18.0897221 ], [ 124.0533334, -18.0899998 ], [ 124.0533334, -18.0902776 ], [ 124.0533334, -18.0905554 ], [ 124.0533334, -18.0908332 ], [ 124.0530556, -18.091111 ], [ 124.0527779, -18.0913887 ], [ 124.0525001, -18.0916665 ], [ 124.0525001, -18.0919443 ], [ 124.0525001, -18.0922221 ], [ 124.0527779, -18.0924998 ], [ 124.0530556, -18.0927776 ], [ 124.0533334, -18.0927776 ], [ 124.0536112, -18.0930554 ], [ 124.053889, -18.0933332 ], [ 124.053889, -18.093611 ], [ 124.053889, -18.0938887 ], [ 124.0541668, -18.0941665 ], [ 124.0541668, -18.0944443 ], [ 124.0541668, -18.0947221 ], [ 124.0541668, -18.0949998 ], [ 124.0541668, -18.0952776 ], [ 124.0544445, -18.0955554 ], [ 124.0544445, -18.0958332 ], [ 124.0544445, -18.096111 ], [ 124.0544445, -18.0963887 ], [ 124.0544445, -18.0966665 ], [ 124.0544445, -18.0969443 ], [ 124.0544445, -18.0972221 ], [ 124.0547223, -18.0974998 ], [ 124.0550001, -18.0977776 ] ] } },
{ "type": "Feature", "properties": { "HydroID": 101914856, "AHGFFType": 1, "Name": " ", "Hierarchy": "Minor", "Perennial": "Non Perennial", "AusHydroID": 1432274, "AusHydroEr": 1, "SegmentNo": 408024, "DrainID": 100645504, "From_Node": 101624959, "To_Node": 101624902, "NextDownID": 101914797, "Enabled": 1, "FlowDir": 1, "SrcFCName": "DEMDerivedStreamsVector", "SrcFType": "Watercourse", "SrcType": 1, "SourceID": null, "FeatRel": "2019-08-21T00:00:00Z", "FSource": "GEOSCIENCE AUSTRALIA", "AttrRel": "2019-08-21T00:00:00Z", "AttrSource": "GEOSCIENCE AUSTRALIA", "PlanAcc": 15, "Symbol": null, "TextNote": null, "GeodesLen": 1734.6216102075771, "UpstrGeoLn": 1734.6216102075771, "UpstrDArea": 396785.1672597453, "ConCatID": 239786, "StrOutlet": 0, "Shape_Length": 0.015951778669692312 }, "bbox": [ 124.0500001, -18.1272221, 124.058889, -18.1152776 ], "geometry": { "type": "LineString", "coordinates": [ [ 124.058889, -18.1152776 ], [ 124.058889, -18.1155554 ], [ 124.0586112, -18.1158332 ], [ 124.0583334, -18.1158332 ], [ 124.0580556, -18.116111 ], [ 124.0580556, -18.1163887 ], [ 124.0577779, -18.1166665 ], [ 124.0575001, -18.1169443 ], [ 124.0575001, -18.1172221 ], [ 124.0572223, -18.1174998 ], [ 124.0569445, -18.1177776 ], [ 124.0569445, -18.1180554 ], [ 124.0569445, -18.1183332 ], [ 124.0566668, -18.118611 ], [ 124.056389, -18.1188887 ], [ 124.0561112, -18.1191665 ], [ 124.0558334, -18.1194443 ], [ 124.0558334, -18.1197221 ], [ 124.0555556, -18.1199998 ], [ 124.0555556, -18.1202776 ], [ 124.0552779, -18.1205554 ], [ 124.0550001, -18.1208332 ], [ 124.0547223, -18.1208332 ], [ 124.0544445, -18.121111 ], [ 124.0541668, -18.1213887 ], [ 124.053889, -18.1216665 ], [ 124.053889, -18.1219443 ], [ 124.0536112, -18.1222221 ], [ 124.0533334, -18.1224998 ], [ 124.0533334, -18.1227776 ], [ 124.0530556, -18.1230554 ], [ 124.0530556, -18.1233332 ], [ 124.0527779, -18.123611 ], [ 124.0527779, -18.1238887 ], [ 124.0525001, -18.1241665 ], [ 124.0522223, -18.1244443 ], [ 124.0519445, -18.1247221 ], [ 124.0519445, -18.1249998 ], [ 124.0516668, -18.1252776 ], [ 124.051389, -18.1255554 ], [ 124.0511112, -18.1258332 ], [ 124.0508334, -18.126111 ], [ 124.0505556, -18.1263887 ], [ 124.0502779, -18.1266665 ], [ 124.0502779, -18.1269443 ], [ 124.0500001, -18.1272221 ] ] } },
{ "type": "Feature", "properties": { "HydroID": 101914866, "AHGFFType": 1, "Name": "NERRIMA CREEK", "Hierarchy": "Major", "Perennial": "Non Perennial", "AusHydroID": 1430654, "AusHydroEr": 1, "SegmentNo": 408099, "DrainID": 100645550, "From_Node": 101624971, "To_Node": 101624941, "NextDownID": 101914839, "Enabled": 1, "FlowDir": 1, "SrcFCName": "DEMDerivedStreamsVector", "SrcFType": "Watercourse", "SrcType": 1, "SourceID": null, "FeatRel": "2019-08-21T00:00:00Z", "FSource": "GEOSCIENCE AUSTRALIA", "AttrRel": "2019-08-21T00:00:00Z", "AttrSource": "GEOSCIENCE AUSTRALIA", "PlanAcc": 15, "Symbol": 6, "TextNote": null, "GeodesLen": 732.0126705289814, "UpstrGeoLn": 56089137.562340811, "UpstrDArea": 53168877163.668404, "ConCatID": 239771, "StrOutlet": 0, "Shape_Length": 0.0067735484443873697 }, "bbox": [ 124.0561112, -18.1524998, 124.0608334, -18.1483332 ], "geometry": { "type": "LineString", "coordinates": [ [ 124.0608334, -18.1524998 ], [ 124.0605556, -18.1524998 ], [ 124.0602779, -18.1524998 ], [ 124.0600001, -18.1524998 ], [ 124.0597223, -18.1522221 ], [ 124.0594445, -18.1519443 ], [ 124.0591668, -18.1516665 ], [ 124.058889, -18.1516665 ], [ 124.0586112, -18.1513887 ], [ 124.0586112, -18.151111 ], [ 124.0583334, -18.1508332 ], [ 124.0580556, -18.1505554 ], [ 124.0577779, -18.1502776 ], [ 124.0575001, -18.1499998 ], [ 124.0572223, -18.1497221 ], [ 124.0572223, -18.1494443 ], [ 124.0569445, -18.1491665 ], [ 124.0566668, -18.1488887 ], [ 124.056389, -18.148611 ], [ 124.0561112, -18.1483332 ] ] } },
{ "type": "Feature", "properties": { "HydroID": 101914868, "AHGFFType": 1, "Name": " ", "Hierarchy": "Minor", "Perennial": "Non Perennial", "AusHydroID": 10369113, "AusHydroEr": 1, "SegmentNo": 408129, "DrainID": 100645569, "From_Node": 101624974, "To_Node": 101624960, "NextDownID": 101914855, "Enabled": 1, "FlowDir": 1, "SrcFCName": "DEMDerivedStreamsVector", "SrcFType": "Watercourse", "SrcType": 1, "SourceID": null, "FeatRel": "2019-08-21T00:00:00Z", "FSource": "GEOSCIENCE AUSTRALIA", "AttrRel": "2019-08-21T00:00:00Z", "AttrSource": "GEOSCIENCE AUSTRALIA", "PlanAcc": 15, "Symbol": null, "TextNote": null, "GeodesLen": 248.36586972234696, "UpstrGeoLn": 56584073.256753579, "UpstrDArea": 53562862438.141281, "ConCatID": 239786, "StrOutlet": 0, "Shape_Length": 0.0023372824149009001 }, "bbox": [ 124.058889, -18.0880554, 124.0611112, -18.0877776 ], "geometry": { "type": "LineString", "coordinates": [ [ 124.0611112, -18.0877776 ], [ 124.0608334, -18.0877776 ], [ 124.0605556, -18.0880554 ], [ 124.0602779, -18.0880554 ], [ 124.0600001, -18.0880554 ], [ 124.0597223, -18.0880554 ], [ 124.0594445, -18.0880554 ], [ 124.0591668, -18.0880554 ], [ 124.058889, -18.0880554 ] ] } },
{ "type": "Feature", "properties": { "HydroID": 101914869, "AHGFFType": 1, "Name": "SNAKE CREEK", "Hierarchy": "Major", "Perennial": "Non Perennial", "AusHydroID": 1432659, "AusHydroEr": 1, "SegmentNo": 408052, "DrainID": 100645523, "From_Node": 101624973, "To_Node": 101624919, "NextDownID": 101914810, "Enabled": 1, "FlowDir": 1, "SrcFCName": "DEMDerivedStreamsVector", "SrcFType": "Watercourse", "SrcType": 1, "SourceID": null, "FeatRel": "2019-08-21T00:00:00Z", "FSource": "GEOSCIENCE AUSTRALIA", "AttrRel": "2019-08-21T00:00:00Z", "AttrSource": "GEOSCIENCE AUSTRALIA", "PlanAcc": 15, "Symbol": 6, "TextNote": null, "GeodesLen": 1183.1022384532964, "UpstrGeoLn": 56605346.52668225, "UpstrDArea": 53578384823.206566, "ConCatID": 239786, "StrOutlet": 0, "Shape_Length": 0.011007617981889938 }, "bbox": [ 124.0525001, -18.1141665, 124.0611112, -18.1097221 ], "geometry": { "type": "LineString", "coordinates": [ [ 124.0611112, -18.1097221 ], [ 124.0608334, -18.1099998 ], [ 124.0605556, -18.1102776 ], [ 124.0602779, -18.1105554 ], [ 124.0600001, -18.1108332 ], [ 124.0597223, -18.111111 ], [ 124.0594445, -18.1113887 ], [ 124.0594445, -18.1116665 ], [ 124.0591668, -18.1119443 ], [ 124.058889, -18.1122221 ], [ 124.0586112, -18.1124998 ], [ 124.0586112, -18.1127776 ], [ 124.0583334, -18.1130554 ], [ 124.0580556, -18.1133332 ], [ 124.0577779, -18.1133332 ], [ 124.0575001, -18.1133332 ], [ 124.0572223, -18.113611 ], [ 124.0569445, -18.113611 ], [ 124.0566668, -18.1138887 ], [ 124.056389, -18.1138887 ], [ 124.0561112, -18.1141665 ], [ 124.0558334, -18.1141665 ], [ 124.0555556, -18.1141665 ], [ 124.0552779, -18.1141665 ], [ 124.0550001, -18.1141665 ], [ 124.0547223, -18.1138887 ], [ 124.0544445, -18.1138887 ], [ 124.0541668, -18.1138887 ], [ 124.053889, -18.1138887 ], [ 124.0536112, -18.1138887 ], [ 124.0533334, -18.113611 ], [ 124.0530556, -18.113611 ], [ 124.0527779, -18.113611 ], [ 124.0525001, -18.113611 ] ] } },
{ "type": "Feature", "properties": { "HydroID": 101914887, "AHGFFType": 1, "Name": " ", "Hierarchy": "Minor", "Perennial": "Non Perennial", "AusHydroID": 10369119, "AusHydroEr": 1, "SegmentNo": 408140, "DrainID": 100645576, "From_Node": 101624994, "To_Node": 101624974, "NextDownID": 101914868, "Enabled": 1, "FlowDir": 1, "SrcFCName": "DEMDerivedStreamsVector", "SrcFType": "Watercourse", "SrcType": 1, "SourceID": null, "FeatRel": "2019-08-21T00:00:00Z", "FSource": "GEOSCIENCE AUSTRALIA", "AttrRel": "2019-08-21T00:00:00Z", "AttrSource": "GEOSCIENCE AUSTRALIA", "PlanAcc": 15, "Symbol": null, "TextNote": null, "GeodesLen": 290.90823829906441, "UpstrGeoLn": 56582568.40314547, "UpstrDArea": 53562336315.627808, "ConCatID": 239786, "StrOutlet": 0, "Shape_Length": 0.0027301181227781957 }, "bbox": [ 124.0611112, -18.0877776, 124.0636112, -18.0872221 ], "geometry": { "type": "LineString", "coordinates": [ [ 124.0636112, -18.0872221 ], [ 124.0633334, -18.0872221 ], [ 124.0630556, -18.0872221 ], [ 124.0627779, -18.0874998 ], [ 124.0625001, -18.0874998 ], [ 124.0622223, -18.0874998 ], [ 124.0619445, -18.0874998 ], [ 124.0616668, -18.0877776 ], [ 124.061389, -18.0877776 ], [ 124.0611112, -18.0877776 ] ] } },
{ "type": "Feature", "properties": { "HydroID": 101914894, "AHGFFType": 1, "Name": " ", "Hierarchy": "Minor", "Perennial": "Non Perennial", "AusHydroID": 1434833, "AusHydroEr": 1, "SegmentNo": 408178, "DrainID": 100645596, "From_Node": 101625002, "To_Node": 101624994, "NextDownID": 101914887, "Enabled": 1, "FlowDir": 1, "SrcFCName": "DEMDerivedStreamsVector", "SrcFType": "Watercourse", "SrcType": 1, "SourceID": null, "FeatRel": "2019-08-21T00:00:00Z", "FSource": "GEOSCIENCE AUSTRALIA", "AttrRel": "2019-08-21T00:00:00Z", "AttrSource": "GEOSCIENCE AUSTRALIA", "PlanAcc": 15, "Symbol": null, "TextNote": null, "GeodesLen": 1739.9549207783655, "UpstrGeoLn": 1739.9549207783655, "UpstrDArea": 788331.25792508351, "ConCatID": 239786, "StrOutlet": 0, "Shape_Length": 0.015932040009340096 }, "bbox": [ 124.0616668, -18.0872221, 124.0661112, -18.0741665 ], "geometry": { "type": "LineString", "coordinates": [ [ 124.0661112, -18.0741665 ], [ 124.0658334, -18.0744443 ], [ 124.0655556, -18.0747221 ], [ 124.0652779, -18.0749998 ], [ 124.0652779, -18.0752776 ], [ 124.0650001, -18.0755554 ], [ 124.0650001, -18.0758332 ], [ 124.0647223, -18.076111 ], [ 124.0644445, -18.0763887 ], [ 124.0641668, -18.0766665 ], [ 124.063889, -18.0769443 ], [ 124.0636112, -18.0772221 ], [ 124.0636112, -18.0774998 ], [ 124.0633334, -18.0777776 ], [ 124.0633334, -18.0780554 ], [ 124.0630556, -18.0783332 ], [ 124.0627779, -18.078611 ], [ 124.0627779, -18.0788887 ], [ 124.0625001, -18.0791665 ], [ 124.0622223, -18.0794443 ], [ 124.0622223, -18.0797221 ], [ 124.0619445, -18.0799998 ], [ 124.0616668, -18.0802776 ], [ 124.0616668, -18.0805554 ], [ 124.0616668, -18.0808332 ], [ 124.0619445, -18.081111 ], [ 124.0619445, -18.0813887 ], [ 124.0619445, -18.0816665 ], [ 124.0616668, -18.0819443 ], [ 124.0616668, -18.0822221 ], [ 124.0616668, -18.0824998 ], [ 124.0616668, -18.0827776 ], [ 124.0616668, -18.0830554 ], [ 124.0619445, -18.0833332 ], [ 124.0619445, -18.083611 ], [ 124.0619445, -18.0838887 ], [ 124.0619445, -18.0841665 ], [ 124.0622223, -18.0844443 ], [ 124.0625001, -18.0847221 ], [ 124.0627779, -18.0849998 ], [ 124.0630556, -18.0852776 ], [ 124.0630556, -18.0855554 ], [ 124.0630556, -18.0858332 ], [ 124.0633334, -18.086111 ], [ 124.0636112, -18.0863887 ], [ 124.0636112, -18.0866665 ], [ 124.0636112, -18.0869443 ], [ 124.0636112, -18.0872221 ] ] } },
{ "type": "Feature", "properties": { "HydroID": 101914900, "AHGFFType": 1, "Name": " ", "Hierarchy": "Major", "Perennial": "Non Perennial", "AusHydroID": 1432736, "AusHydroEr": 1, "SegmentNo": 408050, "DrainID": 100645521, "From_Node": 101625007, "To_Node": 101624919, "NextDownID": 101914810, "Enabled": 1, "FlowDir": 1, "SrcFCName": "DEMDerivedStreamsVector", "SrcFType": "Watercourse", "SrcType": 1, "SourceID": null, "FeatRel": "2019-08-21T00:00:00Z", "FSource": "GEOSCIENCE AUSTRALIA", "AttrRel": "2019-08-21T00:00:00Z", "AttrSource": "GEOSCIENCE AUSTRALIA", "PlanAcc": 15, "Symbol": null, "TextNote": null, "GeodesLen": 2110.290237391323, "UpstrGeoLn": 56546651.889539525, "UpstrDArea": 53519423212.858788, "ConCatID": 239786, "StrOutlet": 0, "Shape_Length": 0.019582632915745482 }, "bbox": [ 124.0525001, -18.116111, 124.0672223, -18.1080554 ], "geometry": { "type": "LineString", "coordinates": [ [ 124.0672223, -18.1080554 ], [ 124.0669445, -18.1080554 ], [ 124.0666668, -18.1080554 ], [ 124.066389, -18.1080554 ], [ 124.0661112, -18.1083332 ], [ 124.0658334, -18.1083332 ], [ 124.0655556, -18.108611 ], [ 124.0652779, -18.108611 ], [ 124.0650001, -18.1088887 ], [ 124.0647223, -18.1091665 ], [ 124.0644445, -18.1091665 ], [ 124.0641668, -18.1094443 ], [ 124.063889, -18.1094443 ], [ 124.0636112, -18.1097221 ], [ 124.0633334, -18.1099998 ], [ 124.0630556, -18.1102776 ], [ 124.0627779, -18.1102776 ], [ 124.0625001, -18.1105554 ], [ 124.0622223, -18.1108332 ], [ 124.0619445, -18.111111 ], [ 124.0616668, -18.1113887 ], [ 124.061389, -18.1113887 ], [ 124.0611112, -18.1116665 ], [ 124.0608334, -18.1119443 ], [ 124.0605556, -18.1122221 ], [ 124.0602779, -18.1124998 ], [ 124.0600001, -18.1127776 ], [ 124.0597223, -18.1130554 ], [ 124.0594445, -18.1133332 ], [ 124.0591668, -18.113611 ], [ 124.058889, -18.1138887 ], [ 124.0586112, -18.1138887 ], [ 124.0583334, -18.1141665 ], [ 124.0580556, -18.1144443 ], [ 124.0577779, -18.1144443 ], [ 124.0575001, -18.1147221 ], [ 124.0572223, -18.1149998 ], [ 124.0569445, -18.1149998 ], [ 124.0566668, -18.1152776 ], [ 124.056389, -18.1152776 ], [ 124.0561112, -18.1155554 ], [ 124.0558334, -18.1155554 ], [ 124.0555556, -18.1158332 ], [ 124.0552779, -18.1158332 ], [ 124.0550001, -18.116111 ], [ 124.0547223, -18.116111 ], [ 124.0544445, -18.116111 ], [ 124.0541668, -18.1158332 ], [ 124.053889, -18.1155554 ], [ 124.0536112, -18.1155554 ], [ 124.0533334, -18.1152776 ], [ 124.0530556, -18.1149998 ], [ 124.0530556, -18.1147221 ], [ 124.0527779, -18.1144443 ], [ 124.0527779, -18.1141665 ], [ 124.0525001, -18.1138887 ], [ 124.0525001, -18.113611 ] ] } },
{ "type": "Feature", "properties": { "HydroID": 101914905, "AHGFFType": 1, "Name": " ", "Hierarchy": "Minor", "Perennial": "Non Perennial", "AusHydroID": 10369317, "AusHydroEr": 1, "SegmentNo": 408291, "DrainID": 100645654, "From_Node": 101625013, "To_Node": 101625054, "NextDownID": 101914946, "Enabled": 1, "FlowDir": 1, "SrcFCName": "DEMDerivedStreamsVector", "SrcFType": "Watercourse", "SrcType": 1, "SourceID": null, "FeatRel": "2019-08-21T00:00:00Z", "FSource": "GEOSCIENCE AUSTRALIA", "AttrRel": "2019-08-21T00:00:00Z", "AttrSource": "GEOSCIENCE AUSTRALIA", "PlanAcc": 15, "Symbol": null, "TextNote": null, "GeodesLen": 3058.9393838122, "UpstrGeoLn": 20018.794971760213, "UpstrDArea": 18675418.588889521, "ConCatID": 239786, "StrOutlet": 0, "Shape_Length": 0.027963624500270977 }, "bbox": [ 124.0708334, -18.0505554, 124.0736112, -18.0424385 ], "geometry": { "type": "LineString", "coordinates": [ [ 124.0708334, -18.0424385 ], [ 124.0708334, -18.0424998 ], [ 124.0711112, -18.0427776 ], [ 124.0711112, -18.0430554 ], [ 124.0711112, -18.0433332 ], [ 124.0711112, -18.043611 ], [ 124.0711112, -18.0438887 ], [ 124.0711112, -18.0441665 ], [ 124.0711112, -18.0444443 ], [ 124.0711112, -18.0447221 ], [ 124.0711112, -18.0449998 ], [ 124.0711112, -18.0452776 ], [ 124.0711112, -18.0455554 ], [ 124.0711112, -18.0458332 ], [ 124.0711112, -18.046111 ], [ 124.0711112, -18.0463887 ], [ 124.0711112, -18.0466665 ], [ 124.0711112, -18.0469443 ], [ 124.0711112, -18.0472221 ], [ 124.0711112, -18.0474998 ], [ 124.0711112, -18.0477776 ], [ 124.0711112, -18.0480554 ], [ 124.0711112, -18.0483332 ], [ 124.071389, -18.048611 ], [ 124.0716668, -18.0488887 ], [ 124.0719445, -18.0491665 ], [ 124.0722223, -18.0491665 ], [ 124.0725001, -18.0494443 ], [ 124.0727779, -18.0494443 ], [ 124.0730556, -18.0497221 ], [ 124.0733334, -18.0499998 ], [ 124.0736112, -18.0502776 ], [ 124.0736112, -18.0505554 ] ] } },
{ "type": "Feature", "properties": { "HydroID": 101914921, "AHGFFType": 1, "Name": " ", "Hierarchy": "Minor", "Perennial": "Non Perennial", "AusHydroID": 10369125, "AusHydroEr": 1, "SegmentNo": 408356, "DrainID": 100645697, "From_Node": 101625031, "To_Node": 101625087, "NextDownID": 101914979, "Enabled": 1, "FlowDir": 1, "SrcFCName": "DEMDerivedStreamsVector", "SrcFType": "Watercourse", "SrcType": 1, "SourceID": null, "FeatRel": "2019-08-21T00:00:00Z", "FSource": "GEOSCIENCE AUSTRALIA", "AttrRel": "2019-08-21T00:00:00Z", "AttrSource": "GEOSCIENCE AUSTRALIA", "PlanAcc": 15, "Symbol": null, "TextNote": null, "GeodesLen": 1319.1453309833137, "UpstrGeoLn": 37771.533583051467, "UpstrDArea": 38660239.657817513, "ConCatID": 239786, "StrOutlet": 0, "Shape_Length": 0.012205868301488409 }, "bbox": [ 124.0700001, -18.0699998, 124.0786112, -18.0624998 ], "geometry": { "type": "LineString", "coordinates": [ [ 124.0700001, -18.0624998 ], [ 124.0702779, -18.0624998 ], [ 124.0705556, -18.0627776 ], [ 124.0708334, -18.0627776 ], [ 124.0711112, -18.0630554 ], [ 124.071389, -18.0633332 ], [ 124.0716668, -18.063611 ], [ 124.0719445, -18.0638887 ], [ 124.0722223, -18.0641665 ], [ 124.0725001, -18.0644443 ], [ 124.0727779, -18.0647221 ], [ 124.0730556, -18.0649998 ], [ 124.0733334, -18.0652776 ], [ 124.0733334, -18.0655554 ], [ 124.0736112, -18.0658332 ], [ 124.073889, -18.066111 ], [ 124.073889, -18.0663887 ], [ 124.073889, -18.0666665 ], [ 124.0741668, -18.0669443 ], [ 124.0744445, -18.0672221 ], [ 124.0747223, -18.0674998 ], [ 124.0750001, -18.0677776 ], [ 124.0752779, -18.0677776 ], [ 124.0755556, -18.0680554 ], [ 124.0758334, -18.0683332 ], [ 124.0761112, -18.0683332 ], [ 124.076389, -18.0683332 ], [ 124.0766668, -18.0683332 ], [ 124.0769445, -18.068611 ], [ 124.0772223, -18.0688887 ], [ 124.0775001, -18.0691665 ], [ 124.0777779, -18.0694443 ], [ 124.0780556, -18.0697221 ], [ 124.0783334, -18.0697221 ], [ 124.0786112, -18.0699998 ] ] } },
{ "type": "Feature", "properties": { "HydroID": 101914922, "AHGFFType": 1, "Name": " ", "Hierarchy": "Minor", "Perennial": "Non Perennial", "AusHydroID": 1434012, "AusHydroEr": 1, "SegmentNo": 408141, "DrainID": 100645577, "From_Node": 101625030, "To_Node": 101624974, "NextDownID": 101914868, "Enabled": 1, "FlowDir": 1, "SrcFCName": "DEMDerivedStreamsVector", "SrcFType": "Watercourse", "SrcType": 1, "SourceID": null, "FeatRel": "2019-08-21T00:00:00Z", "FSource": "GEOSCIENCE AUSTRALIA", "AttrRel": "2019-08-21T00:00:00Z", "AttrSource": "GEOSCIENCE AUSTRALIA", "PlanAcc": 15, "Symbol": null, "TextNote": null, "GeodesLen": 1256.4877383856538, "UpstrGeoLn": 56581012.640794121, "UpstrDArea": 53561290327.016472, "ConCatID": 239786, "StrOutlet": 0, "Shape_Length": 0.011678231811245417 }, "bbox": [ 124.0611112, -18.0913887, 124.0700001, -18.0877776 ], "geometry": { "type": "LineString", "coordinates": [ [ 124.0700001, -18.0894443 ], [ 124.0700001, -18.0897221 ], [ 124.0700001, -18.0899998 ], [ 124.0697223, -18.0902776 ], [ 124.0697223, -18.0905554 ], [ 124.0694445, -18.0908332 ], [ 124.0691668, -18.091111 ], [ 124.068889, -18.0913887 ], [ 124.0686112, -18.0913887 ], [ 124.0683334, -18.0913887 ], [ 124.0680556, -18.0913887 ], [ 124.0677779, -18.0913887 ], [ 124.0675001, -18.0913887 ], [ 124.0672223, -18.0913887 ], [ 124.0669445, -18.091111 ], [ 124.0666668, -18.091111 ], [ 124.066389, -18.0908332 ], [ 124.0661112, -18.0905554 ], [ 124.0658334, -18.0905554 ], [ 124.0655556, -18.0902776 ], [ 124.0652779, -18.0899998 ], [ 124.0650001, -18.0899998 ], [ 124.0647223, -18.0897221 ], [ 124.0644445, -18.0897221 ], [ 124.0641668, -18.0894443 ], [ 124.063889, -18.0894443 ], [ 124.0636112, -18.0891665 ], [ 124.0633334, -18.0891665 ], [ 124.0630556, -18.0888887 ], [ 124.0627779, -18.088611 ], [ 124.0625001, -18.088611 ], [ 124.0622223, -18.0883332 ], [ 124.0619445, -18.0883332 ], [ 124.0616668, -18.0880554 ], [ 124.061389, -18.0880554 ], [ 124.0611112, -18.0877776 ] ] } },
{ "type": "Feature", "properties": { "HydroID": 101914923, "AHGFFType": 1, "Name": " ", "Hierarchy": "Minor", "Perennial": "Non Perennial", "AusHydroID": 1434068, "AusHydroEr": 1, "SegmentNo": 408181, "DrainID": 100645597, "From_Node": 101625030, "To_Node": 101624994, "NextDownID": 101914887, "Enabled": 1, "FlowDir": 1, "SrcFCName": "DEMDerivedStreamsVector", "SrcFType": "Watercourse", "SrcType": 1, "SourceID": null, "FeatRel": "2019-08-21T00:00:00Z", "FSource": "GEOSCIENCE AUSTRALIA", "AttrRel": "2019-08-21T00:00:00Z", "AttrSource": "GEOSCIENCE AUSTRALIA", "PlanAcc": 15, "Symbol": null, "TextNote": null, "GeodesLen": 781.38693066071789, "UpstrGeoLn": 56580537.539986394, "UpstrDArea": 53561427750.576141, "ConCatID": 239786, "StrOutlet": 0, "Shape_Length": 0.0073093634909747428 }, "bbox": [ 124.0636112, -18.0894443, 124.0700001, -18.0872221 ], "geometry": { "type": "LineString", "coordinates": [ [ 124.0700001, -18.0894443 ], [ 124.0697223, -18.0891665 ], [ 124.0694445, -18.0888887 ], [ 124.0691668, -18.0888887 ], [ 124.068889, -18.0888887 ], [ 124.0686112, -18.088611 ], [ 124.0683334, -18.0883332 ], [ 124.0680556, -18.0880554 ], [ 124.0677779, -18.0877776 ], [ 124.0675001, -18.0874998 ], [ 124.0672223, -18.0874998 ], [ 124.0669445, -18.0872221 ], [ 124.0666668, -18.0872221 ], [ 124.066389, -18.0872221 ], [ 124.0661112, -18.0872221 ], [ 124.0658334, -18.0872221 ], [ 124.0655556, -18.0872221 ], [ 124.0652779, -18.0872221 ], [ 124.0650001, -18.0872221 ], [ 124.0647223, -18.0872221 ], [ 124.0644445, -18.0872221 ], [ 124.0641668, -18.0872221 ], [ 124.063889, -18.0872221 ], [ 124.0636112, -18.0872221 ] ] } },
{ "type": "Feature", "properties": { "HydroID": 101914928, "AHGFFType": 1, "Name": " ", "Hierarchy": "Minor", "Perennial": "Non Perennial", "AusHydroID": 10369112, "AusHydroEr": 1, "SegmentNo": 408246, "DrainID": 100645633, "From_Node": 101625033, "To_Node": 101625031, "NextDownID": 101914921, "Enabled": 1, "FlowDir": 1, "SrcFCName": "DEMDerivedStreamsVector", "SrcFType": "Watercourse", "SrcType": 1, "SourceID": null, "FeatRel": "2019-08-21T00:00:00Z", "FSource": "GEOSCIENCE AUSTRALIA", "AttrRel": "2019-08-21T00:00:00Z", "AttrSource": "GEOSCIENCE AUSTRALIA", "PlanAcc": 15, "Symbol": null, "TextNote": null, "GeodesLen": 789.73222244015642, "UpstrGeoLn": 34413.865311597976, "UpstrDArea": 32746228.97750853, "ConCatID": 239786, "StrOutlet": 0, "Shape_Length": 0.0071943043689210546 }, "bbox": [ 124.0700001, -18.0624998, 124.0711112, -18.056111 ], "geometry": { "type": "LineString", "coordinates": [ [ 124.0702779, -18.056111 ], [ 124.0705556, -18.0563887 ], [ 124.0705556, -18.0566665 ], [ 124.0708334, -18.0569443 ], [ 124.0708334, -18.0572221 ], [ 124.0711112, -18.0574998 ], [ 124.0711112, -18.0577776 ], [ 124.0711112, -18.0580554 ], [ 124.0711112, -18.0583332 ], [ 124.0708334, -18.058611 ], [ 124.0705556, -18.0588887 ], [ 124.0702779, -18.0591665 ], [ 124.0702779, -18.0594443 ], [ 124.0702779, -18.0597221 ], [ 124.0700001, -18.0599998 ], [ 124.0700001, -18.0602776 ], [ 124.0700001, -18.0605554 ], [ 124.0700001, -18.0608332 ], [ 124.0700001, -18.061111 ], [ 124.0700001, -18.0613887 ], [ 124.0700001, -18.0616665 ], [ 124.0700001, -18.0619443 ], [ 124.0700001, -18.0622221 ], [ 124.0700001, -18.0624998 ] ] } },
{ "type": "Feature", "properties": { "HydroID": 101914930, "AHGFFType": 1, "Name": "NERRIMA CREEK", "Hierarchy": "Major", "Perennial": "Non Perennial", "AusHydroID": 1430390, "AusHydroEr": 1, "SegmentNo": 408133, "DrainID": 100645572, "From_Node": 101625039, "To_Node": 101624971, "NextDownID": 101914866, "Enabled": 1, "FlowDir": 1, "SrcFCName": "DEMDerivedStreamsVector", "SrcFType": "Watercourse", "SrcType": 1, "SourceID": null, "FeatRel": "2019-08-21T00:00:00Z", "FSource": "GEOSCIENCE AUSTRALIA", "AttrRel": "2019-08-21T00:00:00Z", "AttrSource": "GEOSCIENCE AUSTRALIA", "PlanAcc": 15, "Symbol": 6, "TextNote": null, "GeodesLen": 1768.7355905607619, "UpstrGeoLn": 226556.21213611044, "UpstrDArea": 582048385.04370379, "ConCatID": 239771, "StrOutlet": 0, "Shape_Length": 0.016324876009930721 }, "bbox": [ 124.0608334, -18.1627776, 124.0708334, -18.1524998 ], "geometry": { "type": "LineString", "coordinates": [ [ 124.0708334, -18.1624998 ], [ 124.0705556, -18.1624998 ], [ 124.0702779, -18.1627776 ], [ 124.0700001, -18.1627776 ], [ 124.0697223, -18.1627776 ], [ 124.0694445, -18.1624998 ], [ 124.0691668, -18.1624998 ], [ 124.068889, -18.1624998 ], [ 124.0686112, -18.1624998 ], [ 124.0683334, -18.1622221 ], [ 124.0680556, -18.1619443 ], [ 124.0680556, -18.1616665 ], [ 124.0680556, -18.1613887 ], [ 124.0680556, -18.161111 ], [ 124.0677779, -18.1608332 ], [ 124.0675001, -18.1605554 ], [ 124.0672223, -18.1602776 ], [ 124.0669445, -18.1602776 ], [ 124.0666668, -18.1599998 ], [ 124.066389, -18.1597221 ], [ 124.0661112, -18.1594443 ], [ 124.0661112, -18.1591665 ], [ 124.0658334, -18.1588887 ], [ 124.0655556, -18.158611 ], [ 124.0652779, -18.1583332 ], [ 124.0650001, -18.1580554 ], [ 124.0647223, -18.1577776 ], [ 124.0644445, -18.1574998 ], [ 124.0644445, -18.1572221 ], [ 124.0641668, -18.1569443 ], [ 124.0641668, -18.1566665 ], [ 124.063889, -18.1563887 ], [ 124.063889, -18.156111 ], [ 124.063889, -18.1558332 ], [ 124.0636112, -18.1555554 ], [ 124.0633334, -18.1552776 ], [ 124.0630556, -18.1552776 ], [ 124.0627779, -18.1549998 ], [ 124.0625001, -18.1549998 ], [ 124.0622223, -18.1549998 ], [ 124.0619445, -18.1547221 ], [ 124.0616668, -18.1544443 ], [ 124.0616668, -18.1541665 ], [ 124.061389, -18.1538887 ], [ 124.0611112, -18.153611 ], [ 124.0611112, -18.1533332 ], [ 124.0611112, -18.1530554 ], [ 124.0608334, -18.1527776 ], [ 124.0608334, -18.1524998 ] ] } },
{ "type": "Feature", "properties": { "HydroID": 101914935, "AHGFFType": 1, "Name": " ", "Hierarchy": "Minor", "Perennial": "Non Perennial", "AusHydroID": 1431960, "AusHydroEr": 1, "SegmentNo": 408025, "DrainID": 100645505, "From_Node": 101625043, "To_Node": 101624902, "NextDownID": 101914797, "Enabled": 1, "FlowDir": 1, "SrcFCName": "DEMDerivedStreamsVector", "SrcFType": "Watercourse", "SrcType": 1, "SourceID": null, "FeatRel": "2019-08-21T00:00:00Z", "FSource": "GEOSCIENCE AUSTRALIA", "AttrRel": "2019-08-21T00:00:00Z", "AttrSource": "GEOSCIENCE AUSTRALIA", "PlanAcc": 15, "Symbol": null, "TextNote": null, "GeodesLen": 4621.0461691240844, "UpstrGeoLn": 56535277.667576268, "UpstrDArea": 53515553205.135452, "ConCatID": 239786, "StrOutlet": 0, "Shape_Length": 0.04257417446147202 }, "bbox": [ 124.0500001, -18.1313887, 124.0716668, -18.1091665 ], "geometry": { "type": "LineString", "coordinates": [ [ 124.0716668, -18.1091665 ], [ 124.0716668, -18.1094443 ], [ 124.0716668, -18.1097221 ], [ 124.071389, -18.1099998 ], [ 124.0711112, -18.1102776 ], [ 124.0708334, -18.1105554 ], [ 124.0705556, -18.1108332 ], [ 124.0702779, -18.1108332 ], [ 124.0700001, -18.1108332 ], [ 124.0697223, -18.1108332 ], [ 124.0694445, -18.1108332 ], [ 124.0691668, -18.111111 ], [ 124.068889, -18.111111 ], [ 124.0686112, -18.1113887 ], [ 124.0683334, -18.1113887 ], [ 124.0680556, -18.1113887 ], [ 124.0677779, -18.1116665 ], [ 124.0675001, -18.1116665 ], [ 124.0672223, -18.1116665 ], [ 124.0669445, -18.1119443 ], [ 124.0666668, -18.1119443 ], [ 124.066389, -18.1122221 ], [ 124.0661112, -18.1124998 ], [ 124.0658334, -18.1127776 ], [ 124.0658334, -18.1130554 ], [ 124.0655556, -18.1133332 ], [ 124.0655556, -18.113611 ], [ 124.0652779, -18.1138887 ], [ 124.0652779, -18.1141665 ], [ 124.0652779, -18.1144443 ], [ 124.0650001, -18.1147221 ], [ 124.0650001, -18.1149998 ], [ 124.0647223, -18.1152776 ], [ 124.0644445, -18.1155554 ], [ 124.0644445, -18.1158332 ], [ 124.0641668, -18.116111 ], [ 124.063889, -18.1163887 ], [ 124.063889, -18.1166665 ], [ 124.0636112, -18.1169443 ], [ 124.0636112, -18.1172221 ], [ 124.0633334, -18.1174998 ], [ 124.0630556, -18.1177776 ], [ 124.0630556, -18.1180554 ], [ 124.0627779, -18.1183332 ], [ 124.0627779, -18.118611 ], [ 124.0625001, -18.1188887 ], [ 124.0622223, -18.1191665 ], [ 124.0622223, -18.1194443 ], [ 124.0619445, -18.1197221 ], [ 124.0616668, -18.1199998 ], [ 124.0616668, -18.1202776 ], [ 124.061389, -18.1205554 ], [ 124.061389, -18.1208332 ], [ 124.0611112, -18.121111 ], [ 124.0611112, -18.1213887 ], [ 124.0608334, -18.1216665 ], [ 124.0608334, -18.1219443 ], [ 124.0605556, -18.1222221 ], [ 124.0602779, -18.1224998 ], [ 124.0602779, -18.1227776 ], [ 124.0602779, -18.1230554 ], [ 124.0600001, -18.1233332 ], [ 124.0600001, -18.123611 ], [ 124.0600001, -18.1238887 ], [ 124.0600001, -18.1241665 ], [ 124.0600001, -18.1244443 ], [ 124.0602779, -18.1247221 ], [ 124.0605556, -18.1249998 ], [ 124.0608334, -18.1252776 ], [ 124.0611112, -18.1255554 ], [ 124.0611112, -18.1258332 ], [ 124.0611112, -18.126111 ], [ 124.0611112, -18.1263887 ], [ 124.0608334, -18.1266665 ], [ 124.0605556, -18.1269443 ], [ 124.0602779, -18.1272221 ], [ 124.0600001, -18.1272221 ], [ 124.0597223, -18.1272221 ], [ 124.0594445, -18.1272221 ], [ 124.0591668, -18.1274998 ], [ 124.058889, -18.1274998 ], [ 124.0586112, -18.1277776 ], [ 124.0583334, -18.1280554 ], [ 124.0583334, -18.1283332 ], [ 124.0583334, -18.128611 ], [ 124.0583334, -18.1288887 ], [ 124.0583334, -18.1291665 ], [ 124.0580556, -18.1294443 ], [ 124.0577779, -18.1294443 ], [ 124.0575001, -18.1297221 ], [ 124.0572223, -18.1299998 ], [ 124.0572223, -18.1302776 ], [ 124.0569445, -18.1305554 ], [ 124.0569445, -18.1308332 ], [ 124.0569445, -18.131111 ], [ 124.0566668, -18.1313887 ], [ 124.056389, -18.1313887 ], [ 124.0561112, -18.131111 ], [ 124.0558334, -18.1308332 ], [ 124.0555556, -18.1308332 ], [ 124.0552779, -18.1308332 ], [ 124.0550001, -18.1308332 ], [ 124.0547223, -18.1308332 ], [ 124.0544445, -18.131111 ], [ 124.0541668, -18.131111 ], [ 124.053889, -18.1308332 ], [ 124.0536112, -18.1305554 ], [ 124.0533334, -18.1305554 ], [ 124.0530556, -18.1305554 ], [ 124.0527779, -18.1305554 ], [ 124.0525001, -18.1308332 ], [ 124.0522223, -18.1308332 ], [ 124.0519445, -18.131111 ], [ 124.0516668, -18.1313887 ], [ 124.051389, -18.131111 ], [ 124.0511112, -18.1308332 ], [ 124.0511112, -18.1305554 ], [ 124.0508334, -18.1302776 ], [ 124.0508334, -18.1299998 ], [ 124.0508334, -18.1297221 ], [ 124.0508334, -18.1294443 ], [ 124.0508334, -18.1291665 ], [ 124.0505556, -18.1288887 ], [ 124.0505556, -18.128611 ], [ 124.0505556, -18.1283332 ], [ 124.0505556, -18.1280554 ], [ 124.0505556, -18.1277776 ], [ 124.0502779, -18.1274998 ], [ 124.0500001, -18.1272221 ] ] } },
{ "type": "Feature", "properties": { "HydroID": 101914936, "AHGFFType": 1, "Name": " ", "Hierarchy": "Minor", "Perennial": "Non Perennial", "AusHydroID": 1432737, "AusHydroEr": 1, "SegmentNo": 408215, "DrainID": 100645614, "From_Node": 101625043, "To_Node": 101625007, "NextDownID": 101914900, "Enabled": 1, "FlowDir": 1, "SrcFCName": "DEMDerivedStreamsVector", "SrcFType": "Watercourse", "SrcType": 1, "SourceID": null, "FeatRel": "2019-08-21T00:00:00Z", "FSource": "GEOSCIENCE AUSTRALIA", "AttrRel": "2019-08-21T00:00:00Z", "AttrSource": "GEOSCIENCE AUSTRALIA", "PlanAcc": 15, "Symbol": null, "TextNote": null, "GeodesLen": 522.95739438389251, "UpstrGeoLn": 56531179.578801528, "UpstrDArea": 53513919994.415375, "ConCatID": 239786, "StrOutlet": 0, "Shape_Length": 0.004904681659678542 }, "bbox": [ 124.0672223, -18.1091665, 124.0716668, -18.1080554 ], "geometry": { "type": "LineString", "coordinates": [ [ 124.0716668, -18.1091665 ], [ 124.071389, -18.1091665 ], [ 124.0711112, -18.1091665 ], [ 124.0708334, -18.1091665 ], [ 124.0705556, -18.1088887 ], [ 124.0702779, -18.1088887 ], [ 124.0700001, -18.1088887 ], [ 124.0697223, -18.1088887 ], [ 124.0694445, -18.1088887 ], [ 124.0691668, -18.108611 ], [ 124.068889, -18.108611 ], [ 124.0686112, -18.108611 ], [ 124.0683334, -18.108611 ], [ 124.0680556, -18.108611 ], [ 124.0677779, -18.1083332 ], [ 124.0675001, -18.1083332 ], [ 124.0672223, -18.1080554 ] ] } },
{ "type": "Feature", "properties": { "HydroID": 101914942, "AHGFFType": 3, "Name": " ", "Hierarchy": "Minor", "Perennial": "Non Perennial", "AusHydroID": 1430166, "AusHydroEr": 1, "SegmentNo": 408283, "DrainID": 100645651, "From_Node": 101625050, "To_Node": 101625049, "NextDownID": 101914943, "Enabled": 1, "FlowDir": 1, "SrcFCName": "DEMDerivedStreamsVector", "SrcFType": "Waterbody Connector", "SrcType": 3, "SourceID": null, "FeatRel": "2019-08-21T00:00:00Z", "FSource": "GEOSCIENCE AUSTRALIA", "AttrRel": "2019-08-21T00:00:00Z", "AttrSource": "GEOSCIENCE AUSTRALIA", "PlanAcc": 15, "Symbol": null, "TextNote": null, "GeodesLen": 30.745077568993839, "UpstrGeoLn": 30.745077568993839, "UpstrDArea": 329839.95409604977, "ConCatID": 239771, "StrOutlet": 0, "Shape_Length": 0.00027777799999739727 }, "bbox": [ 124.0730556, -18.1574998, 124.0730556, -18.1572221 ], "geometry": { "type": "LineString", "coordinates": [ [ 124.0730556, -18.1572221 ], [ 124.0730556, -18.1574998 ] ] } },
{ "type": "Feature", "properties": { "HydroID": 101914943, "AHGFFType": 1, "Name": " ", "Hierarchy": "Minor", "Perennial": "Non Perennial", "AusHydroID": 1430166, "AusHydroEr": 1, "SegmentNo": 408264, "DrainID": 100645644, "From_Node": 101625049, "To_Node": 101625039, "NextDownID": 101914930, "Enabled": 1, "FlowDir": 1, "SrcFCName": "DEMDerivedStreamsVector", "SrcFType": "Watercourse", "SrcType": 1, "SourceID": null, "FeatRel": "2019-08-21T00:00:00Z", "FSource": "GEOSCIENCE AUSTRALIA", "AttrRel": "2019-08-21T00:00:00Z", "AttrSource": "GEOSCIENCE AUSTRALIA", "PlanAcc": 15, "Symbol": null, "TextNote": null, "GeodesLen": 688.89959234551816, "UpstrGeoLn": 719.64466991451195, "UpstrDArea": 853959.71805178758, "ConCatID": 239771, "StrOutlet": 0, "Shape_Length": 0.0063133121987196386 }, "bbox": [ 124.0708334, -18.1624998, 124.0733334, -18.1574998 ], "geometry": { "type": "LineString", "coordinates": [ [ 124.0730556, -18.1574998 ], [ 124.0730556, -18.1577776 ], [ 124.0733334, -18.1580554 ], [ 124.0733334, -18.1583332 ], [ 124.0730556, -18.158611 ], [ 124.0730556, -18.1588887 ], [ 124.0730556, -18.1591665 ], [ 124.0727779, -18.1594443 ], [ 124.0727779, -18.1597221 ], [ 124.0725001, -18.1599998 ], [ 124.0722223, -18.1602776 ], [ 124.0719445, -18.1605554 ], [ 124.0719445, -18.1608332 ], [ 124.0716668, -18.161111 ], [ 124.071389, -18.1613887 ], [ 124.071389, -18.1616665 ], [ 124.071389, -18.1619443 ], [ 124.071389, -18.1622221 ], [ 124.0711112, -18.1624998 ], [ 124.0708334, -18.1624998 ] ] } },
{ "type": "Feature", "properties": { "HydroID": 101914946, "AHGFFType": 1, "Name": " ", "Hierarchy": "Minor", "Perennial": "Non Perennial", "AusHydroID": 10369109, "AusHydroEr": 1, "SegmentNo": 408259, "DrainID": 100645642, "From_Node": 101625054, "To_Node": 101625033, "NextDownID": 101914928, "Enabled": 1, "FlowDir": 1, "SrcFCName": "DEMDerivedStreamsVector", "SrcFType": "Watercourse", "SrcType": 1, "SourceID": null, "FeatRel": "2019-08-21T00:00:00Z", "FSource": "GEOSCIENCE AUSTRALIA", "AttrRel": "2019-08-21T00:00:00Z", "AttrSource": "GEOSCIENCE AUSTRALIA", "PlanAcc": 15, "Symbol": null, "TextNote": null, "GeodesLen": 756.5059915077378, "UpstrGeoLn": 30091.723373295703, "UpstrDArea": 25405000.412105113, "ConCatID": 239786, "StrOutlet": 0, "Shape_Length": 0.0069362681507067038 }, "bbox": [ 124.0702779, -18.056111, 124.0736112, -18.0505554 ], "geometry": { "type": "LineString", "coordinates": [ [ 124.0736112, -18.0505554 ], [ 124.0736112, -18.0508332 ], [ 124.0733334, -18.051111 ], [ 124.0730556, -18.0513887 ], [ 124.0730556, -18.0516665 ], [ 124.0727779, -18.0519443 ], [ 124.0727779, -18.0522221 ], [ 124.0727779, -18.0524998 ], [ 124.0725001, -18.0527776 ], [ 124.0725001, -18.0530554 ], [ 124.0722223, -18.0533332 ], [ 124.0722223, -18.053611 ], [ 124.0722223, -18.0538887 ], [ 124.0719445, -18.0541665 ], [ 124.0716668, -18.0544443 ], [ 124.071389, -18.0547221 ], [ 124.0711112, -18.0549998 ], [ 124.0711112, -18.0552776 ], [ 124.0708334, -18.0555554 ], [ 124.0705556, -18.0558332 ], [ 124.0702779, -18.056111 ] ] } },
{ "type": "Feature", "properties": { "HydroID": 101914947, "AHGFFType": 1, "Name": "FITZROY RIVER", "Hierarchy": "Major", "Perennial": "Perennial", "AusHydroID": 10369757, "AusHydroEr": 1, "SegmentNo": 408112, "DrainID": 100645557, "From_Node": 101625055, "To_Node": 101624948, "NextDownID": 101914844, "Enabled": 1, "FlowDir": 1, "SrcFCName": "DEMDerivedStreamsVector", "SrcFType": "Watercourse", "SrcType": 1, "SourceID": null, "FeatRel": "2019-08-21T00:00:00Z", "FSource": "GEOSCIENCE AUSTRALIA", "AttrRel": "2019-08-21T00:00:00Z", "AttrSource": "GEOSCIENCE AUSTRALIA", "PlanAcc": 15, "Symbol": 2, "TextNote": null, "GeodesLen": 1975.2665865215126, "UpstrGeoLn": 56533852.449502163, "UpstrDArea": 53515800407.600632, "ConCatID": 239786, "StrOutlet": 0, "Shape_Length": 0.018507615810297362 }, "bbox": [ 124.0575001, -18.1441665, 124.073889, -18.1399998 ], "geometry": { "type": "LineString", "coordinates": [ [ 124.073889, -18.143611 ], [ 124.0736112, -18.143611 ], [ 124.0733334, -18.1438887 ], [ 124.0730556, -18.1438887 ], [ 124.0727779, -18.1438887 ], [ 124.0725001, -18.1438887 ], [ 124.0722223, -18.1438887 ], [ 124.0719445, -18.1441665 ], [ 124.0716668, -18.1441665 ], [ 124.071389, -18.1441665 ], [ 124.0711112, -18.1441665 ], [ 124.0708334, -18.1441665 ], [ 124.0705556, -18.1441665 ], [ 124.0702779, -18.1441665 ], [ 124.0700001, -18.1441665 ], [ 124.0697223, -18.1441665 ], [ 124.0694445, -18.1441665 ], [ 124.0691668, -18.1441665 ], [ 124.068889, -18.1438887 ], [ 124.0686112, -18.1438887 ], [ 124.0683334, -18.1438887 ], [ 124.0680556, -18.1438887 ], [ 124.0677779, -18.1438887 ], [ 124.0675001, -18.1438887 ], [ 124.0672223, -18.1438887 ], [ 124.0669445, -18.1438887 ], [ 124.0666668, -18.1438887 ], [ 124.066389, -18.143611 ], [ 124.0661112, -18.143611 ], [ 124.0658334, -18.143611 ], [ 124.0655556, -18.143611 ], [ 124.0652779, -18.1433332 ], [ 124.0650001, -18.1433332 ], [ 124.0647223, -18.1433332 ], [ 124.0644445, -18.1433332 ], [ 124.0641668, -18.1433332 ], [ 124.063889, -18.1430554 ], [ 124.0636112, -18.1430554 ], [ 124.0633334, -18.1430554 ], [ 124.0630556, -18.1430554 ], [ 124.0627779, -18.1427776 ], [ 124.0625001, -18.1427776 ], [ 124.0622223, -18.1427776 ], [ 124.0619445, -18.1424998 ], [ 124.0616668, -18.1424998 ], [ 124.061389, -18.1424998 ], [ 124.0611112, -18.1422221 ], [ 124.0608334, -18.1422221 ], [ 124.0605556, -18.1419443 ], [ 124.0602779, -18.1416665 ], [ 124.0600001, -18.1413887 ], [ 124.0597223, -18.1413887 ], [ 124.0594445, -18.141111 ], [ 124.0594445, -18.1408332 ], [ 124.0591668, -18.1405554 ], [ 124.058889, -18.1402776 ], [ 124.0586112, -18.1402776 ], [ 124.0583334, -18.1399998 ], [ 124.0580556, -18.1399998 ], [ 124.0577779, -18.1399998 ], [ 124.0575001, -18.1399998 ] ] } },
{ "type": "Feature", "properties": { "HydroID": 101914956, "AHGFFType": 1, "Name": " ", "Hierarchy": "Minor", "Perennial": "Non Perennial", "AusHydroID": 10369110, "AusHydroEr": 1, "SegmentNo": 408293, "DrainID": 100645655, "From_Node": 101625060, "To_Node": 101625054, "NextDownID": 101914946, "Enabled": 1, "FlowDir": 1, "SrcFCName": "DEMDerivedStreamsVector", "SrcFType": "Watercourse", "SrcType": 1, "SourceID": null, "FeatRel": "2019-08-21T00:00:00Z", "FSource": "GEOSCIENCE AUSTRALIA", "AttrRel": "2019-08-21T00:00:00Z", "AttrSource": "GEOSCIENCE AUSTRALIA", "PlanAcc": 15, "Symbol": null, "TextNote": null, "GeodesLen": 293.16348812784116, "UpstrGeoLn": 9316.4224100277515, "UpstrDArea": 6556882.8566375561, "ConCatID": 239786, "StrOutlet": 0, "Shape_Length": 0.0026824592455036026 }, "bbox": [ 124.0736112, -18.0505554, 124.0747223, -18.0483332 ], "geometry": { "type": "LineString", "coordinates": [ [ 124.0747223, -18.0483332 ], [ 124.0744445, -18.048611 ], [ 124.0744445, -18.0488887 ], [ 124.0741668, -18.0491665 ], [ 124.0741668, -18.0494443 ], [ 124.073889, -18.0497221 ], [ 124.073889, -18.0499998 ], [ 124.073889, -18.0502776 ], [ 124.0736112, -18.0505554 ] ] } },
{ "type": "Feature", "properties": { "HydroID": 101914979, "AHGFFType": 1, "Name": " ", "Hierarchy": "Minor", "Perennial": "Non Perennial", "AusHydroID": 10369253, "AusHydroEr": 1, "SegmentNo": 408253, "DrainID": 100645636, "From_Node": 101625087, "To_Node": 101625030, "NextDownID": 101914923, "Enabled": 1, "FlowDir": 1, "SrcFCName": "DEMDerivedStreamsVector", "SrcFType": "Watercourse", "SrcType": 1, "SourceID": null, "FeatRel": "2019-08-21T00:00:00Z", "FSource": "GEOSCIENCE AUSTRALIA", "AttrRel": "2019-08-21T00:00:00Z", "AttrSource": "GEOSCIENCE AUSTRALIA", "PlanAcc": 15, "Symbol": null, "TextNote": null, "GeodesLen": 2647.0937848344702, "UpstrGeoLn": 43392.051117794974, "UpstrDArea": 42740360.425712056, "ConCatID": 239786, "StrOutlet": 0, "Shape_Length": 0.02421771271780886 }, "bbox": [ 124.0700001, -18.0894443, 124.0786112, -18.0699998 ], "geometry": { "type": "LineString", "coordinates": [ [ 124.0786112, -18.0699998 ], [ 124.0786112, -18.0702776 ], [ 124.0786112, -18.0705554 ], [ 124.0783334, -18.0708332 ], [ 124.0783334, -18.071111 ], [ 124.0783334, -18.0713887 ], [ 124.0783334, -18.0716665 ], [ 124.0783334, -18.0719443 ], [ 124.0783334, -18.0722221 ], [ 124.0780556, -18.0724998 ], [ 124.0777779, -18.0727776 ], [ 124.0775001, -18.0730554 ], [ 124.0772223, -18.0730554 ], [ 124.0769445, -18.0733332 ], [ 124.0769445, -18.073611 ], [ 124.0769445, -18.0738887 ], [ 124.0769445, -18.0741665 ], [ 124.0769445, -18.0744443 ], [ 124.0769445, -18.0747221 ], [ 124.0769445, -18.0749998 ], [ 124.0769445, -18.0752776 ], [ 124.0769445, -18.0755554 ], [ 124.0769445, -18.0758332 ], [ 124.0772223, -18.076111 ], [ 124.0772223, -18.0763887 ], [ 124.0772223, -18.0766665 ], [ 124.0772223, -18.0769443 ], [ 124.0772223, -18.0772221 ], [ 124.0772223, -18.0774998 ], [ 124.0772223, -18.0777776 ], [ 124.0772223, -18.0780554 ], [ 124.0772223, -18.0783332 ], [ 124.0772223, -18.078611 ], [ 124.0772223, -18.0788887 ], [ 124.0772223, -18.0791665 ], [ 124.0769445, -18.0794443 ], [ 124.0769445, -18.0797221 ], [ 124.0769445, -18.0799998 ], [ 124.0766668, -18.0802776 ], [ 124.0766668, -18.0805554 ], [ 124.0766668, -18.0808332 ], [ 124.076389, -18.081111 ], [ 124.076389, -18.0813887 ], [ 124.076389, -18.0816665 ], [ 124.076389, -18.0819443 ], [ 124.076389, -18.0822221 ], [ 124.076389, -18.0824998 ], [ 124.076389, -18.0827776 ], [ 124.076389, -18.0830554 ], [ 124.076389, -18.0833332 ], [ 124.076389, -18.083611 ], [ 124.076389, -18.0838887 ], [ 124.0761112, -18.0841665 ], [ 124.0761112, -18.0844443 ], [ 124.0758334, -18.0847221 ], [ 124.0758334, -18.0849998 ], [ 124.0755556, -18.0852776 ], [ 124.0752779, -18.0855554 ], [ 124.0750001, -18.0855554 ], [ 124.0747223, -18.0858332 ], [ 124.0744445, -18.086111 ], [ 124.0741668, -18.086111 ], [ 124.073889, -18.0863887 ], [ 124.0736112, -18.0866665 ], [ 124.0733334, -18.0869443 ], [ 124.0730556, -18.0872221 ], [ 124.0727779, -18.0874998 ], [ 124.0725001, -18.0877776 ], [ 124.0722223, -18.0877776 ], [ 124.0719445, -18.0880554 ], [ 124.0716668, -18.0883332 ], [ 124.071389, -18.088611 ], [ 124.0711112, -18.0888887 ], [ 124.0708334, -18.0891665 ], [ 124.0705556, -18.0891665 ], [ 124.0702779, -18.0894443 ], [ 124.0700001, -18.0894443 ] ] } },
{ "type": "Feature", "properties": { "HydroID": 101914985, "AHGFFType": 1, "Name": " ", "Hierarchy": "Minor", "Perennial": "Non Perennial", "AusHydroID": 10369255, "AusHydroEr": 1, "SegmentNo": 408309, "DrainID": 100645667, "From_Node": 101625091, "To_Node": 101625060, "NextDownID": 101914956, "Enabled": 1, "FlowDir": 1, "SrcFCName": "DEMDerivedStreamsVector", "SrcFType": "Watercourse", "SrcType": 1, "SourceID": null, "FeatRel": "2019-08-21T00:00:00Z", "FSource": "GEOSCIENCE AUSTRALIA", "AttrRel": "2019-08-21T00:00:00Z", "AttrSource": "GEOSCIENCE AUSTRALIA", "PlanAcc": 15, "Symbol": null, "TextNote": null, "GeodesLen": 1347.7980227351006, "UpstrGeoLn": 7463.3468546309623, "UpstrDArea": 6149088.6337095667, "ConCatID": 239786, "StrOutlet": 0, "Shape_Length": 0.012396504274796192 }, "bbox": [ 124.0747223, -18.0483332, 124.0755556, -18.0423694 ], "geometry": { "type": "LineString", "coordinates": [ [ 124.0752779, -18.0423694 ], [ 124.0752779, -18.0424998 ], [ 124.0750001, -18.0427776 ], [ 124.0750001, -18.0430554 ], [ 124.0747223, -18.0433332 ], [ 124.0747223, -18.043611 ], [ 124.0747223, -18.0438887 ], [ 124.0747223, -18.0441665 ], [ 124.0747223, -18.0444443 ], [ 124.0747223, -18.0447221 ], [ 124.0750001, -18.0449998 ], [ 124.0752779, -18.0452776 ], [ 124.0752779, -18.0455554 ], [ 124.0755556, -18.0458332 ], [ 124.0755556, -18.046111 ], [ 124.0755556, -18.0463887 ], [ 124.0755556, -18.0466665 ], [ 124.0755556, -18.0469443 ], [ 124.0755556, -18.0472221 ], [ 124.0752779, -18.0474998 ], [ 124.0750001, -18.0477776 ], [ 124.0747223, -18.0480554 ], [ 124.0747223, -18.0483332 ] ] } },
{ "type": "Feature", "properties": { "HydroID": 101914988, "AHGFFType": 3, "Name": " ", "Hierarchy": "Minor", "Perennial": "Non Perennial", "AusHydroID": 1433923, "AusHydroEr": 1, "SegmentNo": 408254, "DrainID": 100645637, "From_Node": 101625097, "To_Node": 101625030, "NextDownID": 101914923, "Enabled": 1, "FlowDir": 1, "SrcFCName": "DEMDerivedStreamsVector", "SrcFType": "Waterbody Connector", "SrcType": 3, "SourceID": null, "FeatRel": "2019-08-21T00:00:00Z", "FSource": "GEOSCIENCE AUSTRALIA", "AttrRel": "2019-08-21T00:00:00Z", "AttrSource": "GEOSCIENCE AUSTRALIA", "PlanAcc": 15, "Symbol": null, "TextNote": null, "GeodesLen": 1245.5695085832704, "UpstrGeoLn": 56536364.101937942, "UpstrDArea": 53518101588.32402, "ConCatID": 239786, "StrOutlet": 0, "Shape_Length": 0.011658489443668556 }, "bbox": [ 124.0700001, -18.0927776, 124.0802779, -18.0894443 ], "geometry": { "type": "LineString", "coordinates": [ [ 124.0802779, -18.0927776 ], [ 124.0800001, -18.0927776 ], [ 124.0797223, -18.0927776 ], [ 124.0794445, -18.0924998 ], [ 124.0791668, -18.0924998 ], [ 124.078889, -18.0924998 ], [ 124.0786112, -18.0922221 ], [ 124.0783334, -18.0922221 ], [ 124.0780556, -18.0922221 ], [ 124.0777779, -18.0919443 ], [ 124.0775001, -18.0919443 ], [ 124.0772223, -18.0916665 ], [ 124.0769445, -18.0916665 ], [ 124.0766668, -18.0916665 ], [ 124.076389, -18.0913887 ], [ 124.0761112, -18.0913887 ], [ 124.0758334, -18.091111 ], [ 124.0755556, -18.091111 ], [ 124.0752779, -18.091111 ], [ 124.0750001, -18.091111 ], [ 124.0747223, -18.091111 ], [ 124.0744445, -18.091111 ], [ 124.0741668, -18.0908332 ], [ 124.073889, -18.0908332 ], [ 124.0736112, -18.0908332 ], [ 124.0733334, -18.0908332 ], [ 124.0730556, -18.0905554 ], [ 124.0727779, -18.0905554 ], [ 124.0725001, -18.0905554 ], [ 124.0722223, -18.0905554 ], [ 124.0719445, -18.0905554 ], [ 124.0716668, -18.0902776 ], [ 124.071389, -18.0902776 ], [ 124.0711112, -18.0899998 ], [ 124.0708334, -18.0899998 ], [ 124.0705556, -18.0897221 ], [ 124.0702779, -18.0897221 ], [ 124.0700001, -18.0894443 ] ] } },
{ "type": "Feature", "properties": { "HydroID": 101914989, "AHGFFType": 1, "Name": " ", "Hierarchy": "Major", "Perennial": "Non Perennial", "AusHydroID": 1432972, "AusHydroEr": 1, "SegmentNo": 408214, "DrainID": 100645613, "From_Node": 101625096, "To_Node": 101625007, "NextDownID": 101914900, "Enabled": 1, "FlowDir": 1, "SrcFCName": "DEMDerivedStreamsVector", "SrcFType": "Watercourse", "SrcType": 1, "SourceID": null, "FeatRel": "2019-08-21T00:00:00Z", "FSource": "GEOSCIENCE AUSTRALIA", "AttrRel": "2019-08-21T00:00:00Z", "AttrSource": "GEOSCIENCE AUSTRALIA", "PlanAcc": 15, "Symbol": null, "TextNote": null, "GeodesLen": 1631.4631939236674, "UpstrGeoLn": 56532172.879196793, "UpstrDArea": 53513756647.668541, "ConCatID": 239786, "StrOutlet": 0, "Shape_Length": 0.015241680519708013 }, "bbox": [ 124.0672223, -18.1083332, 124.0802779, -18.1038887 ], "geometry": { "type": "LineString", "coordinates": [ [ 124.0802779, -18.1038887 ], [ 124.0800001, -18.1041665 ], [ 124.0797223, -18.1041665 ], [ 124.0794445, -18.1041665 ], [ 124.0791668, -18.1044443 ], [ 124.078889, -18.1044443 ], [ 124.0786112, -18.1044443 ], [ 124.0783334, -18.1044443 ], [ 124.0780556, -18.1044443 ], [ 124.0777779, -18.1047221 ], [ 124.0775001, -18.1049998 ], [ 124.0772223, -18.1049998 ], [ 124.0769445, -18.1052776 ], [ 124.0766668, -18.1055554 ], [ 124.076389, -18.1055554 ], [ 124.0761112, -18.1058332 ], [ 124.0758334, -18.106111 ], [ 124.0755556, -18.106111 ], [ 124.0752779, -18.1063887 ], [ 124.0750001, -18.1063887 ], [ 124.0747223, -18.1063887 ], [ 124.0744445, -18.1063887 ], [ 124.0741668, -18.1066665 ], [ 124.073889, -18.1066665 ], [ 124.0736112, -18.1066665 ], [ 124.0733334, -18.1069443 ], [ 124.0730556, -18.1072221 ], [ 124.0727779, -18.1074998 ], [ 124.0725001, -18.1077776 ], [ 124.0722223, -18.1080554 ], [ 124.0719445, -18.1080554 ], [ 124.0716668, -18.1083332 ], [ 124.071389, -18.1083332 ], [ 124.0711112, -18.1083332 ], [ 124.0708334, -18.1083332 ], [ 124.0705556, -18.1083332 ], [ 124.0702779, -18.1083332 ], [ 124.0700001, -18.1083332 ], [ 124.0697223, -18.1083332 ], [ 124.0694445, -18.1080554 ], [ 124.0691668, -18.1080554 ], [ 124.068889, -18.1077776 ], [ 124.0686112, -18.1077776 ], [ 124.0683334, -18.1077776 ], [ 124.0680556, -18.1077776 ], [ 124.0677779, -18.1077776 ], [ 124.0675001, -18.1077776 ], [ 124.0672223, -18.1080554 ] ] } },
{ "type": "Feature", "properties": { "HydroID": 101914990, "AHGFFType": 1, "Name": "SNAKE CREEK", "Hierarchy": "Major", "Perennial": "Non Perennial", "AusHydroID": 1432980, "AusHydroEr": 1, "SegmentNo": 408142, "DrainID": 100645578, "From_Node": 101625096, "To_Node": 101624973, "NextDownID": 101914869, "Enabled": 1, "FlowDir": 1, "SrcFCName": "DEMDerivedStreamsVector", "SrcFType": "Watercourse", "SrcType": 1, "SourceID": null, "FeatRel": "2019-08-21T00:00:00Z", "FSource": "GEOSCIENCE AUSTRALIA", "AttrRel": "2019-08-21T00:00:00Z", "AttrSource": "GEOSCIENCE AUSTRALIA", "PlanAcc": 15, "Symbol": 6, "TextNote": null, "GeodesLen": 2330.8311088994783, "UpstrGeoLn": 56532872.247111768, "UpstrDArea": 53514075730.766777, "ConCatID": 239786, "StrOutlet": 0, "Shape_Length": 0.021813030765285651 }, "bbox": [ 124.0611112, -18.1097221, 124.0802779, -18.1038887 ], "geometry": { "type": "LineString", "coordinates": [ [ 124.0802779, -18.1038887 ], [ 124.0800001, -18.1038887 ], [ 124.0797223, -18.1038887 ], [ 124.0794445, -18.1038887 ], [ 124.0791668, -18.1038887 ], [ 124.078889, -18.1038887 ], [ 124.0786112, -18.1038887 ], [ 124.0783334, -18.1038887 ], [ 124.0780556, -18.1038887 ], [ 124.0777779, -18.1038887 ], [ 124.0775001, -18.1038887 ], [ 124.0772223, -18.1041665 ], [ 124.0769445, -18.1044443 ], [ 124.0766668, -18.1044443 ], [ 124.076389, -18.1047221 ], [ 124.0761112, -18.1049998 ], [ 124.0758334, -18.1052776 ], [ 124.0755556, -18.1052776 ], [ 124.0752779, -18.1055554 ], [ 124.0750001, -18.1055554 ], [ 124.0747223, -18.1058332 ], [ 124.0744445, -18.1058332 ], [ 124.0741668, -18.106111 ], [ 124.073889, -18.106111 ], [ 124.0736112, -18.1063887 ], [ 124.0733334, -18.1063887 ], [ 124.0730556, -18.1063887 ], [ 124.0727779, -18.1063887 ], [ 124.0725001, -18.1063887 ], [ 124.0722223, -18.1063887 ], [ 124.0719445, -18.1063887 ], [ 124.0716668, -18.1066665 ], [ 124.071389, -18.1066665 ], [ 124.0711112, -18.1066665 ], [ 124.0708334, -18.1069443 ], [ 124.0705556, -18.1069443 ], [ 124.0702779, -18.1069443 ], [ 124.0700001, -18.1072221 ], [ 124.0697223, -18.1072221 ], [ 124.0694445, -18.1072221 ], [ 124.0691668, -18.1072221 ], [ 124.068889, -18.1072221 ], [ 124.0686112, -18.1072221 ], [ 124.0683334, -18.1069443 ], [ 124.0680556, -18.1069443 ], [ 124.0677779, -18.1069443 ], [ 124.0675001, -18.1069443 ], [ 124.0672223, -18.1069443 ], [ 124.0669445, -18.1069443 ], [ 124.0666668, -18.1069443 ], [ 124.066389, -18.1069443 ], [ 124.0661112, -18.1069443 ], [ 124.0658334, -18.1069443 ], [ 124.0655556, -18.1069443 ], [ 124.0652779, -18.1069443 ], [ 124.0650001, -18.1069443 ], [ 124.0647223, -18.1069443 ], [ 124.0644445, -18.1072221 ], [ 124.0641668, -18.1074998 ], [ 124.063889, -18.1077776 ], [ 124.0636112, -18.1080554 ], [ 124.0633334, -18.1080554 ], [ 124.0630556, -18.1083332 ], [ 124.0627779, -18.1083332 ], [ 124.0625001, -18.108611 ], [ 124.0622223, -18.1088887 ], [ 124.0619445, -18.1088887 ], [ 124.0616668, -18.1091665 ], [ 124.061389, -18.1094443 ], [ 124.0611112, -18.1097221 ] ] } },
{ "type": "Feature", "properties": { "HydroID": 101914992, "AHGFFType": 1, "Name": " ", "Hierarchy": "Minor", "Perennial": "Non Perennial", "AusHydroID": 1433923, "AusHydroEr": 1, "SegmentNo": 408374, "DrainID": 100645706, "From_Node": 101625099, "To_Node": 101625097, "NextDownID": 101914988, "Enabled": 1, "FlowDir": 1, "SrcFCName": "DEMDerivedStreamsVector", "SrcFType": "Watercourse", "SrcType": 1, "SourceID": null, "FeatRel": "2019-08-21T00:00:00Z", "FSource": "GEOSCIENCE AUSTRALIA", "AttrRel": "2019-08-21T00:00:00Z", "AttrSource": "GEOSCIENCE AUSTRALIA", "PlanAcc": 15, "Symbol": null, "TextNote": null, "GeodesLen": 29.402651808745283, "UpstrGeoLn": 56535118.53242936, "UpstrDArea": 53517506764.985886, "ConCatID": 239786, "StrOutlet": 0, "Shape_Length": 0.00027777799994055385 }, "bbox": [ 124.0802779, -18.0927776, 124.0805556, -18.0927776 ], "geometry": { "type": "LineString", "coordinates": [ [ 124.0805556, -18.0927776 ], [ 124.0802779, -18.0927776 ] ] } },
{ "type": "Feature", "properties": { "HydroID": 101914993, "AHGFFType": 1, "Name": "NERRIMA CREEK", "Hierarchy": "Major", "Perennial": "Non Perennial", "AusHydroID": 1429909, "AusHydroEr": 1, "SegmentNo": 408265, "DrainID": 100645645, "From_Node": 101625098, "To_Node": 101625039, "NextDownID": 101914930, "Enabled": 1, "FlowDir": 1, "SrcFCName": "DEMDerivedStreamsVector", "SrcFType": "Watercourse", "SrcType": 1, "SourceID": null, "FeatRel": "2019-08-21T00:00:00Z", "FSource": "GEOSCIENCE AUSTRALIA", "AttrRel": "2019-08-21T00:00:00Z", "AttrSource": "GEOSCIENCE AUSTRALIA", "PlanAcc": 15, "Symbol": 6, "TextNote": null, "GeodesLen": 3201.8262830996355, "UpstrGeoLn": 224067.83187563514, "UpstrDArea": 579788341.27379167, "ConCatID": 239771, "StrOutlet": 0, "Shape_Length": 0.029419914209758861 }, "bbox": [ 124.0708334, -18.1670077, 124.078889, -18.1624998 ], "geometry": { "type": "LineString", "coordinates": [ [ 124.078889, -18.1670077 ], [ 124.078889, -18.1669443 ], [ 124.0786112, -18.1666665 ], [ 124.0783334, -18.1663887 ], [ 124.0780556, -18.1663887 ], [ 124.0777779, -18.1663887 ], [ 124.0775001, -18.166111 ], [ 124.0772223, -18.166111 ], [ 124.0769445, -18.1658332 ], [ 124.0766668, -18.1658332 ], [ 124.076389, -18.1655554 ], [ 124.0761112, -18.1655554 ], [ 124.0758334, -18.1652776 ], [ 124.0755556, -18.1652776 ], [ 124.0752779, -18.1649998 ], [ 124.0750001, -18.1649998 ], [ 124.0747223, -18.1647221 ], [ 124.0744445, -18.1644443 ], [ 124.0741668, -18.1641665 ], [ 124.073889, -18.1638887 ], [ 124.0736112, -18.1638887 ], [ 124.0733334, -18.1638887 ], [ 124.0730556, -18.1638887 ], [ 124.0727779, -18.1638887 ], [ 124.0725001, -18.163611 ], [ 124.0722223, -18.163611 ], [ 124.0719445, -18.1633332 ], [ 124.0716668, -18.1633332 ], [ 124.071389, -18.1630554 ], [ 124.0711112, -18.1627776 ], [ 124.0708334, -18.1624998 ] ] } },
{ "type": "Feature", "properties": { "HydroID": 101915003, "AHGFFType": 1, "Name": "SNAKE CREEK", "Hierarchy": "Major", "Perennial": "Non Perennial", "AusHydroID": 1432981, "AusHydroEr": 1, "SegmentNo": 408372, "DrainID": 100645705, "From_Node": 101625111, "To_Node": 101625096, "NextDownID": 101914990, "Enabled": 1, "FlowDir": 1, "SrcFCName": "DEMDerivedStreamsVector", "SrcFType": "Watercourse", "SrcType": 1, "SourceID": null, "FeatRel": "2019-08-21T00:00:00Z", "FSource": "GEOSCIENCE AUSTRALIA", "AttrRel": "2019-08-21T00:00:00Z", "AttrSource": "GEOSCIENCE AUSTRALIA", "PlanAcc": 15, "Symbol": 6, "TextNote": null, "GeodesLen": 248.34579463740266, "UpstrGeoLn": 56530541.416002877, "UpstrDArea": 53513541517.099861, "ConCatID": 239786, "StrOutlet": 0, "Shape_Length": 0.0023372824149341981 }, "bbox": [ 124.0802779, -18.1038887, 124.0825001, -18.103611 ], "geometry": { "type": "LineString", "coordinates": [ [ 124.0825001, -18.103611 ], [ 124.0822223, -18.103611 ], [ 124.0819445, -18.103611 ], [ 124.0816668, -18.103611 ], [ 124.081389, -18.103611 ], [ 124.0811112, -18.103611 ], [ 124.0808334, -18.1038887 ], [ 124.0805556, -18.1038887 ], [ 124.0802779, -18.1038887 ] ] } },
{ "type": "Feature", "properties": { "HydroID": 101915026, "AHGFFType": 1, "Name": " ", "Hierarchy": "Minor", "Perennial": "Non Perennial", "AusHydroID": 1436487, "AusHydroEr": 1, "SegmentNo": 408314, "DrainID": 100645672, "From_Node": 101625135, "To_Node": 101625060, "NextDownID": 101914956, "Enabled": 1, "FlowDir": 1, "SrcFCName": "DEMDerivedStreamsVector", "SrcFType": "Watercourse", "SrcType": 1, "SourceID": null, "FeatRel": "2019-08-21T00:00:00Z", "FSource": "GEOSCIENCE AUSTRALIA", "AttrRel": "2019-08-21T00:00:00Z", "AttrSource": "GEOSCIENCE AUSTRALIA", "PlanAcc": 15, "Symbol": null, "TextNote": null, "GeodesLen": 1559.9120672689489, "UpstrGeoLn": 1559.9120672689489, "UpstrDArea": 371626.27375797776, "ConCatID": 239786, "StrOutlet": 0, "Shape_Length": 0.014571068226122069 }, "bbox": [ 124.0747223, -18.0483332, 124.0872223, -18.0463887 ], "geometry": { "type": "LineString", "coordinates": [ [ 124.0872223, -18.0472221 ], [ 124.0869445, -18.0472221 ], [ 124.0866668, -18.0469443 ], [ 124.086389, -18.0466665 ], [ 124.0861112, -18.0466665 ], [ 124.0858334, -18.0466665 ], [ 124.0855556, -18.0463887 ], [ 124.0852779, -18.0463887 ], [ 124.0850001, -18.0463887 ], [ 124.0847223, -18.0463887 ], [ 124.0844445, -18.0463887 ], [ 124.0841668, -18.0466665 ], [ 124.083889, -18.0466665 ], [ 124.0836112, -18.0463887 ], [ 124.0833334, -18.0463887 ], [ 124.0830556, -18.0466665 ], [ 124.0827779, -18.0466665 ], [ 124.0825001, -18.0466665 ], [ 124.0822223, -18.0463887 ], [ 124.0819445, -18.0463887 ], [ 124.0816668, -18.0466665 ], [ 124.081389, -18.0466665 ], [ 124.0811112, -18.0469443 ], [ 124.0808334, -18.0472221 ], [ 124.0805556, -18.0472221 ], [ 124.0802779, -18.0472221 ], [ 124.0800001, -18.0472221 ], [ 124.0797223, -18.0474998 ], [ 124.0794445, -18.0474998 ], [ 124.0791668, -18.0474998 ], [ 124.078889, -18.0477776 ], [ 124.0786112, -18.0477776 ], [ 124.0783334, -18.0477776 ], [ 124.0780556, -18.0477776 ], [ 124.0777779, -18.0477776 ], [ 124.0775001, -18.0474998 ], [ 124.0772223, -18.0472221 ], [ 124.0769445, -18.0472221 ], [ 124.0766668, -18.0472221 ], [ 124.076389, -18.0472221 ], [ 124.0761112, -18.0474998 ], [ 124.0758334, -18.0477776 ], [ 124.0755556, -18.0477776 ], [ 124.0752779, -18.0480554 ], [ 124.0750001, -18.0480554 ], [ 124.0747223, -18.0483332 ] ] } },
{ "type": "Feature", "properties": { "HydroID": 101915043, "AHGFFType": 1, "Name": " ", "Hierarchy": "Major", "Perennial": "Non Perennial", "AusHydroID": 1433143, "AusHydroEr": 1, "SegmentNo": 408397, "DrainID": 100645721, "From_Node": 101625152, "To_Node": 101625111, "NextDownID": 101915003, "Enabled": 1, "FlowDir": 1, "SrcFCName": "DEMDerivedStreamsVector", "SrcFType": "Watercourse", "SrcType": 1, "SourceID": null, "FeatRel": "2019-08-21T00:00:00Z", "FSource": "GEOSCIENCE AUSTRALIA", "AttrRel": "2019-08-21T00:00:00Z", "AttrSource": "GEOSCIENCE AUSTRALIA", "PlanAcc": 15, "Symbol": null, "TextNote": null, "GeodesLen": 975.34154243099874, "UpstrGeoLn": 56529387.88734924, "UpstrDArea": 53513265818.497269, "ConCatID": 239786, "StrOutlet": 0, "Shape_Length": 0.009138747662005604 }, "bbox": [ 124.0825001, -18.1041665, 124.0905556, -18.1024998 ], "geometry": { "type": "LineString", "coordinates": [ [ 124.0905556, -18.1024998 ], [ 124.0905556, -18.1027776 ], [ 124.0902779, -18.1030554 ], [ 124.0900001, -18.1033332 ], [ 124.0897223, -18.1033332 ], [ 124.0894445, -18.103611 ], [ 124.0891668, -18.103611 ], [ 124.088889, -18.1038887 ], [ 124.0886112, -18.1038887 ], [ 124.0883334, -18.1041665 ], [ 124.0880556, -18.1041665 ], [ 124.0877779, -18.1041665 ], [ 124.0875001, -18.1041665 ], [ 124.0872223, -18.1041665 ], [ 124.0869445, -18.1041665 ], [ 124.0866668, -18.1041665 ], [ 124.086389, -18.1041665 ], [ 124.0861112, -18.1041665 ], [ 124.0858334, -18.1041665 ], [ 124.0855556, -18.1041665 ], [ 124.0852779, -18.1041665 ], [ 124.0850001, -18.1041665 ], [ 124.0847223, -18.1041665 ], [ 124.0844445, -18.1041665 ], [ 124.0841668, -18.1041665 ], [ 124.083889, -18.1041665 ], [ 124.0836112, -18.1041665 ], [ 124.0833334, -18.1041665 ], [ 124.0830556, -18.1038887 ], [ 124.0827779, -18.1038887 ], [ 124.0825001, -18.103611 ] ] } },
{ "type": "Feature", "properties": { "HydroID": 101915044, "AHGFFType": 1, "Name": "SNAKE CREEK", "Hierarchy": "Major", "Perennial": "Non Perennial", "AusHydroID": 1433142, "AusHydroEr": 1, "SegmentNo": 408396, "DrainID": 100645720, "From_Node": 101625152, "To_Node": 101625111, "NextDownID": 101915003, "Enabled": 1, "FlowDir": 1, "SrcFCName": "DEMDerivedStreamsVector", "SrcFType": "Watercourse", "SrcType": 1, "SourceID": null, "FeatRel": "2019-08-21T00:00:00Z", "FSource": "GEOSCIENCE AUSTRALIA", "AttrRel": "2019-08-21T00:00:00Z", "AttrSource": "GEOSCIENCE AUSTRALIA", "PlanAcc": 15, "Symbol": 6, "TextNote": null, "GeodesLen": 905.18285899517321, "UpstrGeoLn": 56529317.728665806, "UpstrDArea": 53513071480.03286, "ConCatID": 239786, "StrOutlet": 0, "Shape_Length": 0.0085157922455253669 }, "bbox": [ 124.0825001, -18.103611, 124.0905556, -18.1024998 ], "geometry": { "type": "LineString", "coordinates": [ [ 124.0905556, -18.1024998 ], [ 124.0902779, -18.1024998 ], [ 124.0900001, -18.1024998 ], [ 124.0897223, -18.1024998 ], [ 124.0894445, -18.1024998 ], [ 124.0891668, -18.1027776 ], [ 124.088889, -18.1027776 ], [ 124.0886112, -18.1027776 ], [ 124.0883334, -18.1027776 ], [ 124.0880556, -18.1030554 ], [ 124.0877779, -18.1030554 ], [ 124.0875001, -18.1030554 ], [ 124.0872223, -18.1030554 ], [ 124.0869445, -18.1030554 ], [ 124.0866668, -18.1030554 ], [ 124.086389, -18.1033332 ], [ 124.0861112, -18.1033332 ], [ 124.0858334, -18.1033332 ], [ 124.0855556, -18.1033332 ], [ 124.0852779, -18.1033332 ], [ 124.0850001, -18.1033332 ], [ 124.0847223, -18.1033332 ], [ 124.0844445, -18.103611 ], [ 124.0841668, -18.103611 ], [ 124.083889, -18.103611 ], [ 124.0836112, -18.103611 ], [ 124.0833334, -18.103611 ], [ 124.0830556, -18.103611 ], [ 124.0827779, -18.103611 ], [ 124.0825001, -18.103611 ] ] } },
{ "type": "Feature", "properties": { "HydroID": 101915070, "AHGFFType": 1, "Name": " ", "Hierarchy": "Minor", "Perennial": "Non Perennial", "AusHydroID": 1437029, "AusHydroEr": 1, "SegmentNo": 408368, "DrainID": 100645704, "From_Node": 101625175, "To_Node": 101625091, "NextDownID": 101914985, "Enabled": 1, "FlowDir": 1, "SrcFCName": "DEMDerivedStreamsVector", "SrcFType": "Watercourse", "SrcType": 1, "SourceID": null, "FeatRel": "2019-08-21T00:00:00Z", "FSource": "GEOSCIENCE AUSTRALIA", "AttrRel": "2019-08-21T00:00:00Z", "AttrSource": "GEOSCIENCE AUSTRALIA", "PlanAcc": 15, "Symbol": null, "TextNote": null, "GeodesLen": 2872.5437247488867, "UpstrGeoLn": 2872.5437247488867, "UpstrDArea": 2444198.3682754659, "ConCatID": 239786, "StrOutlet": 0, "Shape_Length": 0.026642137916581429 }, "bbox": [ 124.0930556, -18.0494443, 124.0947223, -18.0420844 ], "geometry": { "type": "LineString", "coordinates": [ [ 124.0944445, -18.0494443 ], [ 124.0944445, -18.0491665 ], [ 124.0944445, -18.0488887 ], [ 124.0944445, -18.048611 ], [ 124.0944445, -18.0483332 ], [ 124.0941668, -18.0480554 ], [ 124.0941668, -18.0477776 ], [ 124.0941668, -18.0474998 ], [ 124.0941668, -18.0472221 ], [ 124.093889, -18.0469443 ], [ 124.093889, -18.0466665 ], [ 124.0936112, -18.0463887 ], [ 124.0933334, -18.046111 ], [ 124.0930556, -18.0458332 ], [ 124.0933334, -18.0455554 ], [ 124.0936112, -18.0452776 ], [ 124.093889, -18.0449998 ], [ 124.0941668, -18.0447221 ], [ 124.0944445, -18.0447221 ], [ 124.0947223, -18.0444443 ], [ 124.0947223, -18.0441665 ], [ 124.0944445, -18.0438887 ], [ 124.0941668, -18.043611 ], [ 124.093889, -18.0433332 ], [ 124.0936112, -18.0430554 ], [ 124.0933334, -18.0427776 ], [ 124.0933334, -18.0424998 ], [ 124.0936112, -18.0422221 ], [ 124.0936112, -18.0420844 ] ] } },
{ "type": "Feature", "properties": { "HydroID": 101915078, "AHGFFType": 1, "Name": "SNAKE CREEK", "Hierarchy": "Major", "Perennial": "Non Perennial", "AusHydroID": 1433212, "AusHydroEr": 1, "SegmentNo": 408481, "DrainID": 100645756, "From_Node": 101625184, "To_Node": 101625152, "NextDownID": 101915043, "Enabled": 1, "FlowDir": 1, "SrcFCName": "DEMDerivedStreamsVector", "SrcFType": "Watercourse", "SrcType": 1, "SourceID": null, "FeatRel": "2019-08-21T00:00:00Z", "FSource": "GEOSCIENCE AUSTRALIA", "AttrRel": "2019-08-21T00:00:00Z", "AttrSource": "GEOSCIENCE AUSTRALIA", "PlanAcc": 15, "Symbol": 6, "TextNote": null, "GeodesLen": 663.7361057377052, "UpstrGeoLn": 56528412.54580681, "UpstrDArea": 53512898828.533546, "ConCatID": 239786, "StrOutlet": 0, "Shape_Length": 0.0061982526122597043 }, "bbox": [ 124.0905556, -18.1024998, 124.0958334, -18.1005554 ], "geometry": { "type": "LineString", "coordinates": [ [ 124.0958334, -18.1008332 ], [ 124.0955556, -18.1008332 ], [ 124.0952779, -18.1008332 ], [ 124.0950001, -18.1005554 ], [ 124.0947223, -18.1005554 ], [ 124.0944445, -18.1005554 ], [ 124.0941668, -18.1005554 ], [ 124.093889, -18.1005554 ], [ 124.0936112, -18.1008332 ], [ 124.0933334, -18.1008332 ], [ 124.0930556, -18.101111 ], [ 124.0927779, -18.101111 ], [ 124.0925001, -18.1013887 ], [ 124.0922223, -18.1016665 ], [ 124.0919445, -18.1019443 ], [ 124.0916668, -18.1019443 ], [ 124.091389, -18.1019443 ], [ 124.0911112, -18.1022221 ], [ 124.0908334, -18.1022221 ], [ 124.0905556, -18.1024998 ] ] } },
{ "type": "Feature", "properties": { "HydroID": 101915086, "AHGFFType": 1, "Name": " ", "Hierarchy": "Minor", "Perennial": "Non Perennial", "AusHydroID": 1436851, "AusHydroEr": 1, "SegmentNo": 408686, "DrainID": 100645843, "From_Node": 101625194, "To_Node": 101625256, "NextDownID": 101915149, "Enabled": 1, "FlowDir": 1, "SrcFCName": "DEMDerivedStreamsVector", "SrcFType": "Watercourse", "SrcType": 1, "SourceID": null, "FeatRel": "2019-08-21T00:00:00Z", "FSource": "GEOSCIENCE AUSTRALIA", "AttrRel": "2019-08-21T00:00:00Z", "AttrSource": "GEOSCIENCE AUSTRALIA", "PlanAcc": 15, "Symbol": null, "TextNote": null, "GeodesLen": 1362.5270638481372, "UpstrGeoLn": 1362.5270638481372, "UpstrDArea": 821026.08835614205, "ConCatID": 239786, "StrOutlet": 0, "Shape_Length": 0.012674283689038016 }, "bbox": [ 124.096758, -18.0458332, 124.106389, -18.0420355 ], "geometry": { "type": "LineString", "coordinates": [ [ 124.096758, -18.0420355 ], [ 124.0969445, -18.0422221 ], [ 124.0972223, -18.0424998 ], [ 124.0975001, -18.0424998 ], [ 124.0977779, -18.0427776 ], [ 124.0980556, -18.0430554 ], [ 124.0983334, -18.0433332 ], [ 124.0986112, -18.043611 ], [ 124.098889, -18.0438887 ], [ 124.098889, -18.0441665 ], [ 124.098889, -18.0444443 ], [ 124.0991668, -18.0447221 ], [ 124.0994445, -18.0449998 ], [ 124.0997223, -18.0452776 ], [ 124.1, -18.0455554 ], [ 124.1002779, -18.0455554 ], [ 124.1005556, -18.0455554 ], [ 124.1008334, -18.0455554 ], [ 124.1011112, -18.0455554 ], [ 124.101389, -18.0455554 ], [ 124.1016668, -18.0455554 ], [ 124.1019445, -18.0458332 ], [ 124.1022223, -18.0458332 ], [ 124.1025001, -18.0458332 ], [ 124.1027779, -18.0458332 ], [ 124.1030556, -18.0458332 ], [ 124.1033334, -18.0458332 ], [ 124.1036112, -18.0458332 ], [ 124.103889, -18.0455554 ], [ 124.1041668, -18.0455554 ], [ 124.1044445, -18.0452776 ], [ 124.1047223, -18.0449998 ], [ 124.1050001, -18.0449998 ], [ 124.1052779, -18.0447221 ], [ 124.1055556, -18.0447221 ], [ 124.1058334, -18.0447221 ], [ 124.1061112, -18.0447221 ], [ 124.106389, -18.0447221 ] ] } },
{ "type": "Feature", "properties": { "HydroID": 101915087, "AHGFFType": 1, "Name": " ", "Hierarchy": "Minor", "Perennial": "Non Perennial", "AusHydroID": 1434325, "AusHydroEr": 1, "SegmentNo": 408661, "DrainID": 100645827, "From_Node": 101625193, "To_Node": 101625240, "NextDownID": -1, "Enabled": 1, "FlowDir": 1, "SrcFCName": "DEMDerivedStreamsVector", "SrcFType": "Watercourse", "SrcType": 1, "SourceID": null, "FeatRel": "2019-08-21T00:00:00Z", "FSource": "GEOSCIENCE AUSTRALIA", "AttrRel": "2019-08-21T00:00:00Z", "AttrSource": "GEOSCIENCE AUSTRALIA", "PlanAcc": 15, "Symbol": null, "TextNote": null, "GeodesLen": 1283.9495985750782, "UpstrGeoLn": 1283.9495985750782, "UpstrDArea": 536083.0556605563, "ConCatID": 232676, "StrOutlet": 2, "Shape_Length": 0.0118886099805344 }, "bbox": [ 124.0966668, -18.088611, 124.103889, -18.0830554 ], "geometry": { "type": "LineString", "coordinates": [ [ 124.0966668, -18.083611 ], [ 124.0969445, -18.083611 ], [ 124.0972223, -18.083611 ], [ 124.0975001, -18.0833332 ], [ 124.0977779, -18.0830554 ], [ 124.0980556, -18.0830554 ], [ 124.0983334, -18.0830554 ], [ 124.0986112, -18.0830554 ], [ 124.098889, -18.0830554 ], [ 124.0991668, -18.0833332 ], [ 124.0994445, -18.0833332 ], [ 124.0997223, -18.0833332 ], [ 124.1, -18.0833332 ], [ 124.1002779, -18.083611 ], [ 124.1005556, -18.0838887 ], [ 124.1008334, -18.0838887 ], [ 124.1011112, -18.0841665 ], [ 124.101389, -18.0844443 ], [ 124.1016668, -18.0844443 ], [ 124.1019445, -18.0847221 ], [ 124.1019445, -18.0849998 ], [ 124.1022223, -18.0852776 ], [ 124.1025001, -18.0855554 ], [ 124.1025001, -18.0858332 ], [ 124.1025001, -18.086111 ], [ 124.1025001, -18.0863887 ], [ 124.1025001, -18.0866665 ], [ 124.1022223, -18.0869443 ], [ 124.1022223, -18.0872221 ], [ 124.1025001, -18.0874998 ], [ 124.1025001, -18.0877776 ], [ 124.1025001, -18.0880554 ], [ 124.1025001, -18.0883332 ], [ 124.1027779, -18.088611 ], [ 124.1030556, -18.088611 ], [ 124.1033334, -18.088611 ], [ 124.1036112, -18.088611 ], [ 124.103889, -18.0883332 ] ] } },
{ "type": "Feature", "properties": { "HydroID": 101915088, "AHGFFType": 3, "Name": "FITZROY RIVER", "Hierarchy": "Major", "Perennial": "Perennial", "AusHydroID": 10369758, "AusHydroEr": 1, "SegmentNo": 408296, "DrainID": 100645656, "From_Node": 101625192, "To_Node": 101625055, "NextDownID": 101914947, "Enabled": 1, "FlowDir": 1, "SrcFCName": "DEMDerivedStreamsVector", "SrcFType": "Waterbody Connector", "SrcType": 3, "SourceID": null, "FeatRel": "2019-08-21T00:00:00Z", "FSource": "GEOSCIENCE AUSTRALIA", "AttrRel": "2019-08-21T00:00:00Z", "AttrSource": "GEOSCIENCE AUSTRALIA", "PlanAcc": 15, "Symbol": 2, "TextNote": null, "GeodesLen": 3523.4673861061806, "UpstrGeoLn": 56531877.182915643, "UpstrDArea": 53514695146.86834, "ConCatID": 239786, "StrOutlet": 0, "Shape_Length": 0.032565997369611521 }, "bbox": [ 124.073889, -18.143611, 124.0966668, -18.1219443 ], "geometry": { "type": "LineString", "coordinates": [ [ 124.0966668, -18.1219443 ], [ 124.096389, -18.1222221 ], [ 124.0961112, -18.1224998 ], [ 124.0961112, -18.1227776 ], [ 124.0958334, -18.1230554 ], [ 124.0955556, -18.1233332 ], [ 124.0952779, -18.123611 ], [ 124.0952779, -18.1238887 ], [ 124.0950001, -18.1241665 ], [ 124.0947223, -18.1244443 ], [ 124.0944445, -18.1247221 ], [ 124.0944445, -18.1249998 ], [ 124.0941668, -18.1252776 ], [ 124.093889, -18.1255554 ], [ 124.0936112, -18.1258332 ], [ 124.0933334, -18.126111 ], [ 124.0930556, -18.1263887 ], [ 124.0930556, -18.1266665 ], [ 124.0927779, -18.1269443 ], [ 124.0925001, -18.1272221 ], [ 124.0922223, -18.1274998 ], [ 124.0919445, -18.1277776 ], [ 124.0916668, -18.1280554 ], [ 124.091389, -18.1280554 ], [ 124.0911112, -18.1283332 ], [ 124.0908334, -18.128611 ], [ 124.0905556, -18.1288887 ], [ 124.0902779, -18.1291665 ], [ 124.0900001, -18.1294443 ], [ 124.0897223, -18.1294443 ], [ 124.0894445, -18.1297221 ], [ 124.0891668, -18.1299998 ], [ 124.088889, -18.1302776 ], [ 124.0886112, -18.1305554 ], [ 124.0883334, -18.1308332 ], [ 124.0880556, -18.1308332 ], [ 124.0877779, -18.131111 ], [ 124.0875001, -18.1313887 ], [ 124.0872223, -18.1316665 ], [ 124.0869445, -18.1319443 ], [ 124.0866668, -18.1322221 ], [ 124.086389, -18.1324998 ], [ 124.0861112, -18.1324998 ], [ 124.0858334, -18.1327776 ], [ 124.0855556, -18.1330554 ], [ 124.0852779, -18.1333332 ], [ 124.0850001, -18.133611 ], [ 124.0847223, -18.1338887 ], [ 124.0844445, -18.1341665 ], [ 124.0841668, -18.1344443 ], [ 124.083889, -18.1347221 ], [ 124.0836112, -18.1349998 ], [ 124.0833334, -18.1349998 ], [ 124.0830556, -18.1352776 ], [ 124.0827779, -18.1355554 ], [ 124.0825001, -18.1355554 ], [ 124.0822223, -18.1358332 ], [ 124.0819445, -18.136111 ], [ 124.0816668, -18.1363887 ], [ 124.081389, -18.1366665 ], [ 124.0811112, -18.1366665 ], [ 124.0808334, -18.1369443 ], [ 124.0805556, -18.1372221 ], [ 124.0802779, -18.1374998 ], [ 124.0800001, -18.1374998 ], [ 124.0797223, -18.1377776 ], [ 124.0794445, -18.1380554 ], [ 124.0791668, -18.1383332 ], [ 124.078889, -18.1383332 ], [ 124.0786112, -18.138611 ], [ 124.0783334, -18.1388887 ], [ 124.0780556, -18.1391665 ], [ 124.0777779, -18.1394443 ], [ 124.0775001, -18.1397221 ], [ 124.0772223, -18.1399998 ], [ 124.0769445, -18.1402776 ], [ 124.0766668, -18.1405554 ], [ 124.076389, -18.1408332 ], [ 124.0761112, -18.141111 ], [ 124.0758334, -18.1413887 ], [ 124.0755556, -18.1416665 ], [ 124.0755556, -18.1419443 ], [ 124.0752779, -18.1422221 ], [ 124.0750001, -18.1424998 ], [ 124.0747223, -18.1427776 ], [ 124.0744445, -18.1430554 ], [ 124.0741668, -18.1433332 ], [ 124.073889, -18.143611 ] ] } },
{ "type": "Feature", "properties": { "HydroID": 101915096, "AHGFFType": 1, "Name": " ", "Hierarchy": "Major", "Perennial": "Non Perennial", "AusHydroID": 1433225, "AusHydroEr": 1, "SegmentNo": 408547, "DrainID": 100645778, "From_Node": 101625202, "To_Node": 101625184, "NextDownID": 101915078, "Enabled": 1, "FlowDir": 1, "SrcFCName": "DEMDerivedStreamsVector", "SrcFType": "Watercourse", "SrcType": 1, "SourceID": null, "FeatRel": "2019-08-21T00:00:00Z", "FSource": "GEOSCIENCE AUSTRALIA", "AttrRel": "2019-08-21T00:00:00Z", "AttrSource": "GEOSCIENCE AUSTRALIA", "PlanAcc": 15, "Symbol": null, "TextNote": null, "GeodesLen": 261.48879751757403, "UpstrGeoLn": 56526454.452630609, "UpstrDArea": 53511934316.743805, "ConCatID": 239786, "StrOutlet": 0, "Shape_Length": 0.0024523401227572535 }, "bbox": [ 124.0958334, -18.1008332, 124.0980556, -18.1002776 ], "geometry": { "type": "LineString", "coordinates": [ [ 124.0980556, -18.1002776 ], [ 124.0977779, -18.1002776 ], [ 124.0975001, -18.1002776 ], [ 124.0972223, -18.1002776 ], [ 124.0969445, -18.1005554 ], [ 124.0966668, -18.1005554 ], [ 124.096389, -18.1005554 ], [ 124.0961112, -18.1008332 ], [ 124.0958334, -18.1008332 ] ] } },
{ "type": "Feature", "properties": { "HydroID": 101915098, "AHGFFType": 1, "Name": " ", "Hierarchy": "Minor", "Perennial": "Non Perennial", "AusHydroID": 1435925, "AusHydroEr": 1, "SegmentNo": 408358, "DrainID": 100645699, "From_Node": 101625205, "To_Node": 101625087, "NextDownID": 101914979, "Enabled": 1, "FlowDir": 1, "SrcFCName": "DEMDerivedStreamsVector", "SrcFType": "Watercourse", "SrcType": 1, "SourceID": null, "FeatRel": "2019-08-21T00:00:00Z", "FSource": "GEOSCIENCE AUSTRALIA", "AttrRel": "2019-08-21T00:00:00Z", "AttrSource": "GEOSCIENCE AUSTRALIA", "PlanAcc": 15, "Symbol": null, "TextNote": null, "GeodesLen": 2973.4237499090386, "UpstrGeoLn": 2973.4237499090386, "UpstrDArea": 1160914.1630802031, "ConCatID": 239786, "StrOutlet": 0, "Shape_Length": 0.027562609700599316 }, "bbox": [ 124.0786112, -18.0699998, 124.0983334, -18.0555554 ], "geometry": { "type": "LineString", "coordinates": [ [ 124.0983334, -18.0555554 ], [ 124.0980556, -18.0558332 ], [ 124.0977779, -18.0558332 ], [ 124.0975001, -18.056111 ], [ 124.0972223, -18.0563887 ], [ 124.0969445, -18.0563887 ], [ 124.0966668, -18.0566665 ], [ 124.0966668, -18.0569443 ], [ 124.096389, -18.0572221 ], [ 124.096389, -18.0574998 ], [ 124.096389, -18.0577776 ], [ 124.0961112, -18.0580554 ], [ 124.0958334, -18.0583332 ], [ 124.0955556, -18.058611 ], [ 124.0952779, -18.058611 ], [ 124.0950001, -18.058611 ], [ 124.0947223, -18.058611 ], [ 124.0944445, -18.058611 ], [ 124.0941668, -18.058611 ], [ 124.093889, -18.0588887 ], [ 124.093889, -18.0591665 ], [ 124.0936112, -18.0594443 ], [ 124.0933334, -18.0597221 ], [ 124.0930556, -18.0597221 ], [ 124.0927779, -18.0599998 ], [ 124.0925001, -18.0602776 ], [ 124.0922223, -18.0605554 ], [ 124.0922223, -18.0608332 ], [ 124.0919445, -18.061111 ], [ 124.0916668, -18.061111 ], [ 124.091389, -18.0613887 ], [ 124.0911112, -18.0613887 ], [ 124.0908334, -18.0613887 ], [ 124.0905556, -18.0613887 ], [ 124.0902779, -18.061111 ], [ 124.0900001, -18.061111 ], [ 124.0897223, -18.0613887 ], [ 124.0894445, -18.0616665 ], [ 124.0891668, -18.0616665 ], [ 124.088889, -18.0616665 ], [ 124.0886112, -18.0616665 ], [ 124.0883334, -18.0616665 ], [ 124.0880556, -18.0616665 ], [ 124.0877779, -18.0619443 ], [ 124.0875001, -18.0619443 ], [ 124.0872223, -18.0622221 ], [ 124.0869445, -18.0622221 ], [ 124.0866668, -18.0624998 ], [ 124.086389, -18.0627776 ], [ 124.0861112, -18.0627776 ], [ 124.0858334, -18.0630554 ], [ 124.0855556, -18.0630554 ], [ 124.0852779, -18.0633332 ], [ 124.0850001, -18.063611 ], [ 124.0847223, -18.0638887 ], [ 124.0844445, -18.0641665 ], [ 124.0841668, -18.0644443 ], [ 124.083889, -18.0647221 ], [ 124.0836112, -18.0647221 ], [ 124.0833334, -18.0649998 ], [ 124.0830556, -18.0649998 ], [ 124.0827779, -18.0652776 ], [ 124.0825001, -18.0655554 ], [ 124.0825001, -18.0658332 ], [ 124.0822223, -18.066111 ], [ 124.0822223, -18.0663887 ], [ 124.0822223, -18.0666665 ], [ 124.0819445, -18.0669443 ], [ 124.0819445, -18.0672221 ], [ 124.0816668, -18.0674998 ], [ 124.081389, -18.0677776 ], [ 124.0811112, -18.0680554 ], [ 124.0808334, -18.0680554 ], [ 124.0805556, -18.0680554 ], [ 124.0802779, -18.0683332 ], [ 124.0800001, -18.0683332 ], [ 124.0797223, -18.068611 ], [ 124.0794445, -18.0688887 ], [ 124.0791668, -18.0691665 ], [ 124.078889, -18.0694443 ], [ 124.0786112, -18.0697221 ], [ 124.0786112, -18.0699998 ] ] } },
{ "type": "Feature", "properties": { "HydroID": 101915104, "AHGFFType": 1, "Name": " ", "Hierarchy": "Minor", "Perennial": "Non Perennial", "AusHydroID": 1431656, "AusHydroEr": 1, "SegmentNo": 408136, "DrainID": 100645574, "From_Node": 101625211, "To_Node": 101624971, "NextDownID": 101914866, "Enabled": 1, "FlowDir": 1, "SrcFCName": "DEMDerivedStreamsVector", "SrcFType": "Watercourse", "SrcType": 1, "SourceID": null, "FeatRel": "2019-08-21T00:00:00Z", "FSource": "GEOSCIENCE AUSTRALIA", "AttrRel": "2019-08-21T00:00:00Z", "AttrSource": "GEOSCIENCE AUSTRALIA", "PlanAcc": 15, "Symbol": null, "TextNote": null, "GeodesLen": 5509.1604040752254, "UpstrGeoLn": 55861849.337534167, "UpstrDArea": 52586190790.007195, "ConCatID": 239771, "StrOutlet": 0, "Shape_Length": 0.051196846908506351 }, "bbox": [ 124.0608334, -18.1524998, 124.0997223, -18.1291665 ], "geometry": { "type": "LineString", "coordinates": [ [ 124.0997223, -18.1291665 ], [ 124.0997223, -18.1294443 ], [ 124.0994445, -18.1297221 ], [ 124.0994445, -18.1299998 ], [ 124.0994445, -18.1302776 ], [ 124.0991668, -18.1305554 ], [ 124.098889, -18.1308332 ], [ 124.0986112, -18.131111 ], [ 124.0983334, -18.1313887 ], [ 124.0980556, -18.1316665 ], [ 124.0977779, -18.1319443 ], [ 124.0975001, -18.1319443 ], [ 124.0972223, -18.1322221 ], [ 124.0969445, -18.1324998 ], [ 124.0966668, -18.1327776 ], [ 124.0966668, -18.1330554 ], [ 124.096389, -18.1333332 ], [ 124.096389, -18.133611 ], [ 124.096389, -18.1338887 ], [ 124.0961112, -18.1341665 ], [ 124.0958334, -18.1344443 ], [ 124.0955556, -18.1344443 ], [ 124.0952779, -18.1347221 ], [ 124.0950001, -18.1349998 ], [ 124.0947223, -18.1352776 ], [ 124.0944445, -18.1352776 ], [ 124.0941668, -18.1355554 ], [ 124.093889, -18.1358332 ], [ 124.0936112, -18.136111 ], [ 124.0933334, -18.1363887 ], [ 124.0930556, -18.1363887 ], [ 124.0927779, -18.1366665 ], [ 124.0925001, -18.1369443 ], [ 124.0922223, -18.1369443 ], [ 124.0919445, -18.1369443 ], [ 124.0916668, -18.1372221 ], [ 124.091389, -18.1372221 ], [ 124.0911112, -18.1372221 ], [ 124.0908334, -18.1372221 ], [ 124.0905556, -18.1372221 ], [ 124.0902779, -18.1369443 ], [ 124.0900001, -18.1369443 ], [ 124.0897223, -18.1369443 ], [ 124.0894445, -18.1372221 ], [ 124.0891668, -18.1372221 ], [ 124.088889, -18.1374998 ], [ 124.0886112, -18.1374998 ], [ 124.0883334, -18.1377776 ], [ 124.0880556, -18.1380554 ], [ 124.0877779, -18.1380554 ], [ 124.0875001, -18.1383332 ], [ 124.0872223, -18.1383332 ], [ 124.0869445, -18.138611 ], [ 124.0866668, -18.1388887 ], [ 124.086389, -18.1388887 ], [ 124.0861112, -18.1391665 ], [ 124.0858334, -18.1394443 ], [ 124.0855556, -18.1397221 ], [ 124.0855556, -18.1399998 ], [ 124.0852779, -18.1402776 ], [ 124.0850001, -18.1402776 ], [ 124.0847223, -18.1405554 ], [ 124.0844445, -18.1405554 ], [ 124.0841668, -18.1408332 ], [ 124.083889, -18.141111 ], [ 124.0836112, -18.141111 ], [ 124.0833334, -18.1413887 ], [ 124.0830556, -18.1416665 ], [ 124.0827779, -18.1419443 ], [ 124.0827779, -18.1422221 ], [ 124.0825001, -18.1424998 ], [ 124.0822223, -18.1424998 ], [ 124.0819445, -18.1424998 ], [ 124.0816668, -18.1427776 ], [ 124.081389, -18.1427776 ], [ 124.0811112, -18.1427776 ], [ 124.0808334, -18.1430554 ], [ 124.0805556, -18.1430554 ], [ 124.0802779, -18.1433332 ], [ 124.0800001, -18.1433332 ], [ 124.0797223, -18.1433332 ], [ 124.0794445, -18.143611 ], [ 124.0791668, -18.143611 ], [ 124.078889, -18.143611 ], [ 124.0786112, -18.143611 ], [ 124.0783334, -18.143611 ], [ 124.0780556, -18.1433332 ], [ 124.0777779, -18.1430554 ], [ 124.0775001, -18.1430554 ], [ 124.0772223, -18.1433332 ], [ 124.0769445, -18.1433332 ], [ 124.0766668, -18.143611 ], [ 124.076389, -18.1438887 ], [ 124.0761112, -18.1438887 ], [ 124.0758334, -18.1441665 ], [ 124.0755556, -18.1444443 ], [ 124.0752779, -18.1444443 ], [ 124.0750001, -18.1447221 ], [ 124.0750001, -18.1449998 ], [ 124.0747223, -18.1452776 ], [ 124.0747223, -18.1455554 ], [ 124.0747223, -18.1458332 ], [ 124.0747223, -18.146111 ], [ 124.0744445, -18.1463887 ], [ 124.0741668, -18.1466665 ], [ 124.073889, -18.1469443 ], [ 124.0736112, -18.1472221 ], [ 124.0733334, -18.1474998 ], [ 124.0730556, -18.1477776 ], [ 124.0727779, -18.1480554 ], [ 124.0725001, -18.1480554 ], [ 124.0722223, -18.1483332 ], [ 124.0719445, -18.148611 ], [ 124.0716668, -18.148611 ], [ 124.071389, -18.1488887 ], [ 124.0711112, -18.1488887 ], [ 124.0708334, -18.1488887 ], [ 124.0705556, -18.1491665 ], [ 124.0702779, -18.1491665 ], [ 124.0700001, -18.1491665 ], [ 124.0697223, -18.1491665 ], [ 124.0694445, -18.1494443 ], [ 124.0691668, -18.1494443 ], [ 124.068889, -18.1497221 ], [ 124.0686112, -18.1497221 ], [ 124.0683334, -18.1499998 ], [ 124.0680556, -18.1499998 ], [ 124.0677779, -18.1499998 ], [ 124.0675001, -18.1499998 ], [ 124.0672223, -18.1499998 ], [ 124.0669445, -18.1502776 ], [ 124.0666668, -18.1502776 ], [ 124.066389, -18.1502776 ], [ 124.0661112, -18.1502776 ], [ 124.0658334, -18.1502776 ], [ 124.0655556, -18.1505554 ], [ 124.0652779, -18.1505554 ], [ 124.0650001, -18.1505554 ], [ 124.0647223, -18.1505554 ], [ 124.0644445, -18.1505554 ], [ 124.0641668, -18.1505554 ], [ 124.063889, -18.1508332 ], [ 124.0636112, -18.1508332 ], [ 124.0633334, -18.151111 ], [ 124.0630556, -18.151111 ], [ 124.0627779, -18.1513887 ], [ 124.0625001, -18.1516665 ], [ 124.0622223, -18.1519443 ], [ 124.0619445, -18.1522221 ], [ 124.0616668, -18.1522221 ], [ 124.061389, -18.1522221 ], [ 124.0611112, -18.1524998 ], [ 124.0608334, -18.1524998 ] ] } },
{ "type": "Feature", "properties": { "HydroID": 101915111, "AHGFFType": 1, "Name": " ", "Hierarchy": "Minor", "Perennial": "Non Perennial", "AusHydroID": 1433513, "AusHydroEr": 1, "SegmentNo": 408542, "DrainID": 100645775, "From_Node": 101625217, "To_Node": 101625184, "NextDownID": 101915078, "Enabled": 1, "FlowDir": 1, "SrcFCName": "DEMDerivedStreamsVector", "SrcFType": "Watercourse", "SrcType": 1, "SourceID": null, "FeatRel": "2019-08-21T00:00:00Z", "FSource": "GEOSCIENCE AUSTRALIA", "AttrRel": "2019-08-21T00:00:00Z", "AttrSource": "GEOSCIENCE AUSTRALIA", "PlanAcc": 15, "Symbol": null, "TextNote": null, "GeodesLen": 872.71300779816613, "UpstrGeoLn": 56525995.191740811, "UpstrDArea": 53511870144.791397, "ConCatID": 239786, "StrOutlet": 0, "Shape_Length": 0.0080473781506756655 }, "bbox": [ 124.0958334, -18.1008332, 124.1005556, -18.0955554 ], "geometry": { "type": "LineString", "coordinates": [ [ 124.1005556, -18.0955554 ], [ 124.1002779, -18.0958332 ], [ 124.1, -18.096111 ], [ 124.0997223, -18.0963887 ], [ 124.0994445, -18.0963887 ], [ 124.0991668, -18.0966665 ], [ 124.098889, -18.0966665 ], [ 124.0986112, -18.0969443 ], [ 124.0983334, -18.0969443 ], [ 124.0980556, -18.0972221 ], [ 124.0977779, -18.0972221 ], [ 124.0975001, -18.0974998 ], [ 124.0972223, -18.0974998 ], [ 124.0969445, -18.0977776 ], [ 124.0966668, -18.0980554 ], [ 124.096389, -18.0983332 ], [ 124.0961112, -18.098611 ], [ 124.0958334, -18.0988887 ], [ 124.0958334, -18.0991665 ], [ 124.0958334, -18.0994443 ], [ 124.0958334, -18.0997221 ], [ 124.0958334, -18.1 ], [ 124.0958334, -18.1002776 ], [ 124.0958334, -18.1005554 ], [ 124.0958334, -18.1008332 ] ] } },
{ "type": "Feature", "properties": { "HydroID": 101915112, "AHGFFType": 1, "Name": " ", "Hierarchy": "Minor", "Perennial": "Non Perennial", "AusHydroID": 1433674, "AusHydroEr": 1, "SegmentNo": 408378, "DrainID": 100645709, "From_Node": 101625217, "To_Node": 101625099, "NextDownID": 101914992, "Enabled": 1, "FlowDir": 1, "SrcFCName": "DEMDerivedStreamsVector", "SrcFType": "Watercourse", "SrcType": 1, "SourceID": null, "FeatRel": "2019-08-21T00:00:00Z", "FSource": "GEOSCIENCE AUSTRALIA", "AttrRel": "2019-08-21T00:00:00Z", "AttrSource": "GEOSCIENCE AUSTRALIA", "PlanAcc": 15, "Symbol": null, "TextNote": null, "GeodesLen": 2432.3026586447686, "UpstrGeoLn": 56527554.781391658, "UpstrDArea": 53512136824.927788, "ConCatID": 239786, "StrOutlet": 0, "Shape_Length": 0.022761424473100738 }, "bbox": [ 124.0805556, -18.0955554, 124.1005556, -18.0927776 ], "geometry": { "type": "LineString", "coordinates": [ [ 124.1005556, -18.0955554 ], [ 124.1002779, -18.0952776 ], [ 124.1, -18.0952776 ], [ 124.0997223, -18.0949998 ], [ 124.0994445, -18.0949998 ], [ 124.0991668, -18.0947221 ], [ 124.098889, -18.0947221 ], [ 124.0986112, -18.0944443 ], [ 124.0983334, -18.0944443 ], [ 124.0980556, -18.0941665 ], [ 124.0977779, -18.0941665 ], [ 124.0975001, -18.0941665 ], [ 124.0972223, -18.0938887 ], [ 124.0969445, -18.0938887 ], [ 124.0966668, -18.093611 ], [ 124.096389, -18.093611 ], [ 124.0961112, -18.093611 ], [ 124.0958334, -18.0933332 ], [ 124.0955556, -18.0933332 ], [ 124.0952779, -18.0933332 ], [ 124.0950001, -18.0933332 ], [ 124.0947223, -18.0933332 ], [ 124.0944445, -18.0933332 ], [ 124.0941668, -18.0933332 ], [ 124.093889, -18.0933332 ], [ 124.0936112, -18.093611 ], [ 124.0933334, -18.093611 ], [ 124.0930556, -18.0933332 ], [ 124.0927779, -18.0933332 ], [ 124.0925001, -18.093611 ], [ 124.0922223, -18.093611 ], [ 124.0919445, -18.0938887 ], [ 124.0916668, -18.0938887 ], [ 124.091389, -18.0941665 ], [ 124.0911112, -18.0944443 ], [ 124.0908334, -18.0944443 ], [ 124.0905556, -18.0947221 ], [ 124.0902779, -18.0947221 ], [ 124.0900001, -18.0949998 ], [ 124.0897223, -18.0949998 ], [ 124.0894445, -18.0949998 ], [ 124.0891668, -18.0949998 ], [ 124.088889, -18.0949998 ], [ 124.0886112, -18.0949998 ], [ 124.0883334, -18.0949998 ], [ 124.0880556, -18.0949998 ], [ 124.0877779, -18.0949998 ], [ 124.0875001, -18.0947221 ], [ 124.0872223, -18.0947221 ], [ 124.0869445, -18.0947221 ], [ 124.0866668, -18.0947221 ], [ 124.086389, -18.0944443 ], [ 124.0861112, -18.0944443 ], [ 124.0858334, -18.0944443 ], [ 124.0855556, -18.0941665 ], [ 124.0852779, -18.0941665 ], [ 124.0850001, -18.0938887 ], [ 124.0847223, -18.0938887 ], [ 124.0844445, -18.0938887 ], [ 124.0841668, -18.0938887 ], [ 124.083889, -18.093611 ], [ 124.0836112, -18.093611 ], [ 124.0833334, -18.093611 ], [ 124.0830556, -18.093611 ], [ 124.0827779, -18.093611 ], [ 124.0825001, -18.093611 ], [ 124.0822223, -18.093611 ], [ 124.0819445, -18.093611 ], [ 124.0816668, -18.093611 ], [ 124.081389, -18.0933332 ], [ 124.0811112, -18.0933332 ], [ 124.0808334, -18.0930554 ], [ 124.0805556, -18.0927776 ] ] } },
{ "type": "Feature", "properties": { "HydroID": 101915114, "AHGFFType": 1, "Name": " ", "Hierarchy": "Minor", "Perennial": "Non Perennial", "AusHydroID": 1436499, "AusHydroEr": 1, "SegmentNo": 408767, "DrainID": 100645889, "From_Node": 101625222, "To_Node": 101625297, "NextDownID": 101915188, "Enabled": 1, "FlowDir": 1, "SrcFCName": "DEMDerivedStreamsVector", "SrcFType": "Watercourse", "SrcType": 1, "SourceID": null, "FeatRel": "2019-08-21T00:00:00Z", "FSource": "GEOSCIENCE AUSTRALIA", "AttrRel": "2019-08-21T00:00:00Z", "AttrSource": "GEOSCIENCE AUSTRALIA", "PlanAcc": 15, "Symbol": null, "TextNote": null, "GeodesLen": 1601.4988307618657, "UpstrGeoLn": 1601.4988307618657, "UpstrDArea": 597669.06505476963, "ConCatID": 239786, "StrOutlet": 0, "Shape_Length": 0.014868585472284913 }, "bbox": [ 124.1008334, -18.0530554, 124.1119445, -18.0466665 ], "geometry": { "type": "LineString", "coordinates": [ [ 124.1008334, -18.0530554 ], [ 124.1011112, -18.0530554 ], [ 124.101389, -18.0530554 ], [ 124.1016668, -18.0530554 ], [ 124.1019445, -18.0527776 ], [ 124.1022223, -18.0527776 ], [ 124.1025001, -18.0524998 ], [ 124.1027779, -18.0522221 ], [ 124.1030556, -18.0522221 ], [ 124.1033334, -18.0519443 ], [ 124.1036112, -18.0519443 ], [ 124.103889, -18.0519443 ], [ 124.1041668, -18.0519443 ], [ 124.1044445, -18.0519443 ], [ 124.1047223, -18.0522221 ], [ 124.1050001, -18.0524998 ], [ 124.1052779, -18.0524998 ], [ 124.1055556, -18.0524998 ], [ 124.1058334, -18.0522221 ], [ 124.1061112, -18.0519443 ], [ 124.106389, -18.0516665 ], [ 124.1066668, -18.0513887 ], [ 124.1069445, -18.0513887 ], [ 124.1072223, -18.0513887 ], [ 124.1075001, -18.051111 ], [ 124.1077779, -18.0508332 ], [ 124.1080556, -18.0505554 ], [ 124.1083334, -18.0505554 ], [ 124.1086112, -18.0505554 ], [ 124.108889, -18.0502776 ], [ 124.108889, -18.0499998 ], [ 124.1091668, -18.0497221 ], [ 124.1094445, -18.0494443 ], [ 124.1097223, -18.0494443 ], [ 124.1100001, -18.0491665 ], [ 124.1100001, -18.0488887 ], [ 124.1100001, -18.048611 ], [ 124.1102779, -18.0483332 ], [ 124.1105556, -18.0480554 ], [ 124.1108334, -18.0480554 ], [ 124.1111112, -18.0477776 ], [ 124.111389, -18.0474998 ], [ 124.111389, -18.0472221 ], [ 124.1116668, -18.0469443 ], [ 124.1119445, -18.0466665 ] ] } },
{ "type": "Feature", "properties": { "HydroID": 101915118, "AHGFFType": 1, "Name": " ", "Hierarchy": "Minor", "Perennial": "Non Perennial", "AusHydroID": 1433320, "AusHydroEr": 1, "SegmentNo": 408564, "DrainID": 100645786, "From_Node": 101625224, "To_Node": 101625202, "NextDownID": 101915096, "Enabled": 1, "FlowDir": 1, "SrcFCName": "DEMDerivedStreamsVector", "SrcFType": "Watercourse", "SrcType": 1, "SourceID": null, "FeatRel": "2019-08-21T00:00:00Z", "FSource": "GEOSCIENCE AUSTRALIA", "AttrRel": "2019-08-21T00:00:00Z", "AttrSource": "GEOSCIENCE AUSTRALIA", "PlanAcc": 15, "Symbol": null, "TextNote": null, "GeodesLen": 661.34656413731227, "UpstrGeoLn": 56525777.573500514, "UpstrDArea": 53511817707.851257, "ConCatID": 239786, "StrOutlet": 0, "Shape_Length": 0.0060831934903863016 }, "bbox": [ 124.0980556, -18.1013887, 124.1011112, -18.0983332 ], "geometry": { "type": "LineString", "coordinates": [ [ 124.1011112, -18.0983332 ], [ 124.1011112, -18.098611 ], [ 124.1011112, -18.0988887 ], [ 124.1011112, -18.0991665 ], [ 124.1011112, -18.0994443 ], [ 124.1011112, -18.0997221 ], [ 124.1011112, -18.1 ], [ 124.1011112, -18.1002776 ], [ 124.1011112, -18.1005554 ], [ 124.1008334, -18.1008332 ], [ 124.1005556, -18.101111 ], [ 124.1002779, -18.101111 ], [ 124.1, -18.1013887 ], [ 124.0997223, -18.1013887 ], [ 124.0994445, -18.101111 ], [ 124.0991668, -18.101111 ], [ 124.098889, -18.1008332 ], [ 124.0986112, -18.1005554 ], [ 124.0983334, -18.1002776 ], [ 124.0980556, -18.1002776 ] ] } },
{ "type": "Feature", "properties": { "HydroID": 101915119, "AHGFFType": 1, "Name": " ", "Hierarchy": "Major", "Perennial": "Non Perennial", "AusHydroID": 1433319, "AusHydroEr": 1, "SegmentNo": 408563, "DrainID": 100645785, "From_Node": 101625224, "To_Node": 101625202, "NextDownID": 101915096, "Enabled": 1, "FlowDir": 1, "SrcFCName": "DEMDerivedStreamsVector", "SrcFType": "Watercourse", "SrcType": 1, "SourceID": null, "FeatRel": "2019-08-21T00:00:00Z", "FSource": "GEOSCIENCE AUSTRALIA", "AttrRel": "2019-08-21T00:00:00Z", "AttrSource": "GEOSCIENCE AUSTRALIA", "PlanAcc": 15, "Symbol": null, "TextNote": null, "GeodesLen": 415.39033257907232, "UpstrGeoLn": 56525531.617268957, "UpstrDArea": 53511723699.108429, "ConCatID": 239786, "StrOutlet": 0, "Shape_Length": 0.0038609714903526725 }, "bbox": [ 124.0980556, -18.1002776, 124.1011112, -18.0983332 ], "geometry": { "type": "LineString", "coordinates": [ [ 124.1011112, -18.0983332 ], [ 124.1008334, -18.098611 ], [ 124.1005556, -18.098611 ], [ 124.1002779, -18.098611 ], [ 124.1, -18.0988887 ], [ 124.0997223, -18.0988887 ], [ 124.0994445, -18.0991665 ], [ 124.0991668, -18.0991665 ], [ 124.098889, -18.0994443 ], [ 124.0986112, -18.0997221 ], [ 124.0983334, -18.1 ], [ 124.0980556, -18.1002776 ] ] } },
{ "type": "Feature", "properties": { "HydroID": 101915122, "AHGFFType": 1, "Name": " ", "Hierarchy": "Minor", "Perennial": "Non Perennial", "AusHydroID": 1437725, "AusHydroEr": 1, "SegmentNo": 408690, "DrainID": 100645846, "From_Node": 101625229, "To_Node": 101625256, "NextDownID": 101915149, "Enabled": 1, "FlowDir": 1, "SrcFCName": "DEMDerivedStreamsVector", "SrcFType": "Watercourse", "SrcType": 1, "SourceID": null, "FeatRel": "2019-08-21T00:00:00Z", "FSource": "GEOSCIENCE AUSTRALIA", "AttrRel": "2019-08-21T00:00:00Z", "AttrSource": "GEOSCIENCE AUSTRALIA", "PlanAcc": 15, "Symbol": null, "TextNote": null, "GeodesLen": 3010.2268058265631, "UpstrGeoLn": 3010.2268058265631, "UpstrDArea": 2315841.9116268894, "ConCatID": 239786, "StrOutlet": 0, "Shape_Length": 0.027753246330905427 }, "bbox": [ 124.1057843, -18.0447221, 124.106389, -18.0418952 ], "geometry": { "type": "LineString", "coordinates": [ [ 124.1057843, -18.0418952 ], [ 124.1058334, -18.0419443 ], [ 124.1061112, -18.0422221 ], [ 124.1061112, -18.0424998 ], [ 124.106389, -18.0427776 ], [ 124.106389, -18.0430554 ], [ 124.106389, -18.0433332 ], [ 124.106389, -18.043611 ], [ 124.106389, -18.0438887 ], [ 124.106389, -18.0441665 ], [ 124.106389, -18.0444443 ], [ 124.106389, -18.0447221 ] ] } },
{ "type": "Feature", "properties": { "HydroID": 101915129, "AHGFFType": 1, "Name": " ", "Hierarchy": "Minor", "Perennial": "Non Perennial", "AusHydroID": 1435467, "AusHydroEr": 1, "SegmentNo": 408691, "DrainID": 100645847, "From_Node": 101625234, "To_Node": 101625251, "NextDownID": 101915145, "Enabled": 1, "FlowDir": 1, "SrcFCName": "DEMDerivedStreamsVector", "SrcFType": "Watercourse", "SrcType": 1, "SourceID": null, "FeatRel": "2019-08-21T00:00:00Z", "FSource": "GEOSCIENCE AUSTRALIA", "AttrRel": "2019-08-21T00:00:00Z", "AttrSource": "GEOSCIENCE AUSTRALIA", "PlanAcc": 15, "Symbol": null, "TextNote": null, "GeodesLen": 3808.7341994822386, "UpstrGeoLn": 3808.7341994822386, "UpstrDArea": 3029495.9120095759, "ConCatID": 239786, "StrOutlet": 0, "Shape_Length": 0.034919634604227319 }, "bbox": [ 124.1030556, -18.0905554, 124.1116668, -18.0633332 ], "geometry": { "type": "LineString", "coordinates": [ [ 124.1030556, -18.0633332 ], [ 124.1033334, -18.063611 ], [ 124.1036112, -18.0638887 ], [ 124.103889, -18.0641665 ], [ 124.103889, -18.0644443 ], [ 124.103889, -18.0647221 ], [ 124.103889, -18.0649998 ], [ 124.103889, -18.0652776 ], [ 124.103889, -18.0655554 ], [ 124.1041668, -18.0658332 ], [ 124.1044445, -18.066111 ], [ 124.1047223, -18.0663887 ], [ 124.1047223, -18.0666665 ], [ 124.1047223, -18.0669443 ], [ 124.1047223, -18.0672221 ], [ 124.1047223, -18.0674998 ], [ 124.1050001, -18.0677776 ], [ 124.1050001, -18.0680554 ], [ 124.1052779, -18.0683332 ], [ 124.1055556, -18.068611 ], [ 124.1058334, -18.068611 ], [ 124.1061112, -18.0688887 ], [ 124.106389, -18.0691665 ], [ 124.1066668, -18.0694443 ], [ 124.1069445, -18.0694443 ], [ 124.1072223, -18.0697221 ], [ 124.1075001, -18.0699998 ], [ 124.1075001, -18.0702776 ], [ 124.1075001, -18.0705554 ], [ 124.1075001, -18.0708332 ], [ 124.1077779, -18.071111 ], [ 124.1080556, -18.0713887 ], [ 124.1083334, -18.0713887 ], [ 124.1086112, -18.0716665 ], [ 124.108889, -18.0719443 ], [ 124.1091668, -18.0722221 ], [ 124.1094445, -18.0724998 ], [ 124.1097223, -18.0727776 ], [ 124.1097223, -18.0730554 ], [ 124.1100001, -18.0733332 ], [ 124.1100001, -18.073611 ], [ 124.1102779, -18.0738887 ], [ 124.1102779, -18.0741665 ], [ 124.1102779, -18.0744443 ], [ 124.1102779, -18.0747221 ], [ 124.1102779, -18.0749998 ], [ 124.1102779, -18.0752776 ], [ 124.1102779, -18.0755554 ], [ 124.1102779, -18.0758332 ], [ 124.1102779, -18.076111 ], [ 124.1102779, -18.0763887 ], [ 124.1102779, -18.0766665 ], [ 124.1102779, -18.0769443 ], [ 124.1102779, -18.0772221 ], [ 124.1100001, -18.0774998 ], [ 124.1097223, -18.0777776 ], [ 124.1094445, -18.0780554 ], [ 124.1094445, -18.0783332 ], [ 124.1094445, -18.078611 ], [ 124.1094445, -18.0788887 ], [ 124.1094445, -18.0791665 ], [ 124.1097223, -18.0794443 ], [ 124.1100001, -18.0797221 ], [ 124.1100001, -18.0799998 ], [ 124.1102779, -18.0802776 ], [ 124.1105556, -18.0805554 ], [ 124.1108334, -18.0808332 ], [ 124.1111112, -18.081111 ], [ 124.111389, -18.0813887 ], [ 124.111389, -18.0816665 ], [ 124.1116668, -18.0819443 ], [ 124.1116668, -18.0822221 ], [ 124.1116668, -18.0824998 ], [ 124.1116668, -18.0827776 ], [ 124.1116668, -18.0830554 ], [ 124.1116668, -18.0833332 ], [ 124.1116668, -18.083611 ], [ 124.1116668, -18.0838887 ], [ 124.1116668, -18.0841665 ], [ 124.1116668, -18.0844443 ], [ 124.1116668, -18.0847221 ], [ 124.1116668, -18.0849998 ], [ 124.1116668, -18.0852776 ], [ 124.1116668, -18.0855554 ], [ 124.111389, -18.0858332 ], [ 124.1111112, -18.086111 ], [ 124.1108334, -18.086111 ], [ 124.1105556, -18.0863887 ], [ 124.1102779, -18.0866665 ], [ 124.1100001, -18.0869443 ], [ 124.1097223, -18.0872221 ], [ 124.1094445, -18.0874998 ], [ 124.1091668, -18.0874998 ], [ 124.108889, -18.0874998 ], [ 124.1086112, -18.0874998 ], [ 124.1083334, -18.0877776 ], [ 124.1080556, -18.0880554 ], [ 124.1077779, -18.0883332 ], [ 124.1075001, -18.088611 ], [ 124.1072223, -18.0888887 ], [ 124.1072223, -18.0891665 ], [ 124.1069445, -18.0894443 ], [ 124.1066668, -18.0897221 ], [ 124.1066668, -18.0899998 ], [ 124.106389, -18.0902776 ], [ 124.1061112, -18.0905554 ] ] } },
{ "type": "Feature", "properties": { "HydroID": 101915132, "AHGFFType": 1, "Name": " ", "Hierarchy": "Minor", "Perennial": "Non Perennial", "AusHydroID": 1435892, "AusHydroEr": 1, "SegmentNo": 408933, "DrainID": 100645984, "From_Node": 101625237, "To_Node": 101625398, "NextDownID": 101915294, "Enabled": 1, "FlowDir": 1, "SrcFCName": "DEMDerivedStreamsVector", "SrcFType": "Watercourse", "SrcType": 1, "SourceID": null, "FeatRel": "2019-08-21T00:00:00Z", "FSource": "GEOSCIENCE AUSTRALIA", "AttrRel": "2019-08-21T00:00:00Z", "AttrSource": "GEOSCIENCE AUSTRALIA", "PlanAcc": 15, "Symbol": null, "TextNote": null, "GeodesLen": 3879.5700343018193, "UpstrGeoLn": 3879.5700343018193, "UpstrDArea": 1191619.8420513386, "ConCatID": 239786, "StrOutlet": 0, "Shape_Length": 0.035887766558357258 }, "bbox": [ 124.1033334, -18.0777776, 124.1272223, -18.0572221 ], "geometry": { "type": "LineString", "coordinates": [ [ 124.1033334, -18.0572221 ], [ 124.1036112, -18.0572221 ], [ 124.103889, -18.0572221 ], [ 124.1041668, -18.0572221 ], [ 124.1044445, -18.0574998 ], [ 124.1047223, -18.0574998 ], [ 124.1050001, -18.0577776 ], [ 124.1052779, -18.0580554 ], [ 124.1055556, -18.0580554 ], [ 124.1058334, -18.0583332 ], [ 124.1058334, -18.058611 ], [ 124.1061112, -18.0588887 ], [ 124.106389, -18.0591665 ], [ 124.1066668, -18.0594443 ], [ 124.1069445, -18.0597221 ], [ 124.1072223, -18.0594443 ], [ 124.1075001, -18.0594443 ], [ 124.1077779, -18.0597221 ], [ 124.1080556, -18.0599998 ], [ 124.1083334, -18.0602776 ], [ 124.1086112, -18.0605554 ], [ 124.108889, -18.0605554 ], [ 124.1091668, -18.0605554 ], [ 124.1094445, -18.0605554 ], [ 124.1097223, -18.0605554 ], [ 124.1100001, -18.0608332 ], [ 124.1100001, -18.061111 ], [ 124.1102779, -18.0613887 ], [ 124.1105556, -18.0616665 ], [ 124.1108334, -18.0619443 ], [ 124.1108334, -18.0622221 ], [ 124.1108334, -18.0624998 ], [ 124.1108334, -18.0627776 ], [ 124.1108334, -18.0630554 ], [ 124.1111112, -18.0633332 ], [ 124.111389, -18.0633332 ], [ 124.1116668, -18.063611 ], [ 124.1116668, -18.0638887 ], [ 124.1119445, -18.0641665 ], [ 124.1119445, -18.0644443 ], [ 124.1119445, -18.0647221 ], [ 124.1122223, -18.0649998 ], [ 124.1125001, -18.0652776 ], [ 124.1127779, -18.0655554 ], [ 124.1130556, -18.0658332 ], [ 124.1130556, -18.066111 ], [ 124.1130556, -18.0663887 ], [ 124.1133334, -18.0666665 ], [ 124.1136112, -18.0669443 ], [ 124.113889, -18.0672221 ], [ 124.1141668, -18.0674998 ], [ 124.1144445, -18.0677776 ], [ 124.1147223, -18.0680554 ], [ 124.1150001, -18.0683332 ], [ 124.1152779, -18.068611 ], [ 124.1152779, -18.0688887 ], [ 124.1152779, -18.0691665 ], [ 124.1155556, -18.0694443 ], [ 124.1158334, -18.0694443 ], [ 124.1161112, -18.0697221 ], [ 124.116389, -18.0697221 ], [ 124.1166668, -18.0699998 ], [ 124.1169445, -18.0702776 ], [ 124.1172223, -18.0702776 ], [ 124.1175001, -18.0705554 ], [ 124.1177779, -18.0708332 ], [ 124.1177779, -18.071111 ], [ 124.1180556, -18.0713887 ], [ 124.1183334, -18.0716665 ], [ 124.1186112, -18.0719443 ], [ 124.118889, -18.0719443 ], [ 124.1191668, -18.0722221 ], [ 124.1194445, -18.0722221 ], [ 124.1197223, -18.0724998 ], [ 124.1197223, -18.0727776 ], [ 124.1197223, -18.0730554 ], [ 124.1200001, -18.0733332 ], [ 124.1200001, -18.073611 ], [ 124.1202779, -18.0738887 ], [ 124.1205556, -18.0738887 ], [ 124.1208334, -18.0738887 ], [ 124.1211112, -18.0738887 ], [ 124.121389, -18.0738887 ], [ 124.1216668, -18.0738887 ], [ 124.1219445, -18.0738887 ], [ 124.1222223, -18.0738887 ], [ 124.1225001, -18.0738887 ], [ 124.1227779, -18.0738887 ], [ 124.1230556, -18.0738887 ], [ 124.1233334, -18.0738887 ], [ 124.1236112, -18.0741665 ], [ 124.123889, -18.0744443 ], [ 124.1241668, -18.0747221 ], [ 124.1241668, -18.0749998 ], [ 124.1244445, -18.0752776 ], [ 124.1247223, -18.0755554 ], [ 124.1250001, -18.0755554 ], [ 124.1252779, -18.0758332 ], [ 124.1255556, -18.0758332 ], [ 124.1258334, -18.076111 ], [ 124.1261112, -18.076111 ], [ 124.126389, -18.0763887 ], [ 124.1266668, -18.0766665 ], [ 124.1269445, -18.0769443 ], [ 124.1269445, -18.0772221 ], [ 124.1269445, -18.0774998 ], [ 124.1272223, -18.0777776 ] ] } },
{ "type": "Feature", "properties": { "HydroID": 101915134, "AHGFFType": 1, "Name": " ", "Hierarchy": "Major", "Perennial": "Non Perennial", "AusHydroID": 1433401, "AusHydroEr": 1, "SegmentNo": 408615, "DrainID": 100645813, "From_Node": 101625242, "To_Node": 101625224, "NextDownID": 101915118, "Enabled": 1, "FlowDir": 1, "SrcFCName": "DEMDerivedStreamsVector", "SrcFType": "Watercourse", "SrcType": 1, "SourceID": null, "FeatRel": "2019-08-21T00:00:00Z", "FSource": "GEOSCIENCE AUSTRALIA", "AttrRel": "2019-08-21T00:00:00Z", "AttrSource": "GEOSCIENCE AUSTRALIA", "PlanAcc": 15, "Symbol": null, "TextNote": null, "GeodesLen": 415.39226603614145, "UpstrGeoLn": 56525116.226936378, "UpstrDArea": 53511654999.029022, "ConCatID": 239786, "StrOutlet": 0, "Shape_Length": 0.003860970490249561 }, "bbox": [ 124.1011112, -18.0983332, 124.1041668, -18.0963887 ], "geometry": { "type": "LineString", "coordinates": [ [ 124.1041668, -18.0963887 ], [ 124.103889, -18.0966665 ], [ 124.1036112, -18.0969443 ], [ 124.1033334, -18.0972221 ], [ 124.1030556, -18.0974998 ], [ 124.1027779, -18.0974998 ], [ 124.1025001, -18.0977776 ], [ 124.1022223, -18.0980554 ], [ 124.1019445, -18.0980554 ], [ 124.1016668, -18.0983332 ], [ 124.101389, -18.0983332 ], [ 124.1011112, -18.0983332 ] ] } },
{ "type": "Feature", "properties": { "HydroID": 101915135, "AHGFFType": 1, "Name": " ", "Hierarchy": "Minor", "Perennial": "Non Perennial", "AusHydroID": 1433519, "AusHydroEr": 1, "SegmentNo": 408605, "DrainID": 100645807, "From_Node": 101625242, "To_Node": 101625217, "NextDownID": 101915111, "Enabled": 1, "FlowDir": 1, "SrcFCName": "DEMDerivedStreamsVector", "SrcFType": "Watercourse", "SrcType": 1, "SourceID": null, "FeatRel": "2019-08-21T00:00:00Z", "FSource": "GEOSCIENCE AUSTRALIA", "AttrRel": "2019-08-21T00:00:00Z", "AttrSource": "GEOSCIENCE AUSTRALIA", "PlanAcc": 15, "Symbol": null, "TextNote": null, "GeodesLen": 421.64406266666742, "UpstrGeoLn": 56525122.478733011, "UpstrDArea": 53511352178.908455, "ConCatID": 239786, "StrOutlet": 0, "Shape_Length": 0.0039562902446639119 }, "bbox": [ 124.1005556, -18.0963887, 124.1041668, -18.0955554 ], "geometry": { "type": "LineString", "coordinates": [ [ 124.1041668, -18.0963887 ], [ 124.103889, -18.0963887 ], [ 124.1036112, -18.096111 ], [ 124.1033334, -18.096111 ], [ 124.1030556, -18.096111 ], [ 124.1027779, -18.096111 ], [ 124.1025001, -18.0958332 ], [ 124.1022223, -18.0958332 ], [ 124.1019445, -18.0955554 ], [ 124.1016668, -18.0955554 ], [ 124.101389, -18.0955554 ], [ 124.1011112, -18.0955554 ], [ 124.1008334, -18.0955554 ], [ 124.1005556, -18.0955554 ] ] } },
{ "type": "Feature", "properties": { "HydroID": 101915145, "AHGFFType": 1, "Name": " ", "Hierarchy": "Minor", "Perennial": "Non Perennial", "AusHydroID": 1433806, "AusHydroEr": 1, "SegmentNo": 408377, "DrainID": 100645708, "From_Node": 101625251, "To_Node": 101625099, "NextDownID": 101914992, "Enabled": 1, "FlowDir": 1, "SrcFCName": "DEMDerivedStreamsVector", "SrcFType": "Watercourse", "SrcType": 1, "SourceID": null, "FeatRel": "2019-08-21T00:00:00Z", "FSource": "GEOSCIENCE AUSTRALIA", "AttrRel": "2019-08-21T00:00:00Z", "AttrSource": "GEOSCIENCE AUSTRALIA", "PlanAcc": 15, "Symbol": null, "TextNote": null, "GeodesLen": 2915.2798682146645, "UpstrGeoLn": 56526289.694243766, "UpstrDArea": 53513843927.149223, "ConCatID": 239786, "StrOutlet": 0, "Shape_Length": 0.027396504274878317 }, "bbox": [ 124.0805556, -18.0927776, 124.1061112, -18.0905554 ], "geometry": { "type": "LineString", "coordinates": [ [ 124.1061112, -18.0905554 ], [ 124.1058334, -18.0908332 ], [ 124.1055556, -18.0908332 ], [ 124.1052779, -18.091111 ], [ 124.1050001, -18.091111 ], [ 124.1047223, -18.0913887 ], [ 124.1044445, -18.0913887 ], [ 124.1041668, -18.0913887 ], [ 124.103889, -18.0913887 ], [ 124.1036112, -18.0913887 ], [ 124.1033334, -18.0916665 ], [ 124.1030556, -18.0916665 ], [ 124.1027779, -18.0916665 ], [ 124.1025001, -18.0916665 ], [ 124.1022223, -18.0916665 ], [ 124.1019445, -18.0916665 ], [ 124.1016668, -18.0916665 ], [ 124.101389, -18.0916665 ], [ 124.1011112, -18.0916665 ], [ 124.1008334, -18.0916665 ], [ 124.1005556, -18.0916665 ], [ 124.1002779, -18.0916665 ], [ 124.1, -18.0913887 ], [ 124.0997223, -18.0913887 ], [ 124.0994445, -18.0913887 ], [ 124.0991668, -18.0913887 ], [ 124.098889, -18.0913887 ], [ 124.0986112, -18.0913887 ], [ 124.0983334, -18.0913887 ], [ 124.0980556, -18.0913887 ], [ 124.0977779, -18.0913887 ], [ 124.0975001, -18.0913887 ], [ 124.0972223, -18.0913887 ], [ 124.0969445, -18.0913887 ], [ 124.0966668, -18.0913887 ], [ 124.096389, -18.0913887 ], [ 124.0961112, -18.0913887 ], [ 124.0958334, -18.0913887 ], [ 124.0955556, -18.0913887 ], [ 124.0952779, -18.091111 ], [ 124.0950001, -18.091111 ], [ 124.0947223, -18.091111 ], [ 124.0944445, -18.091111 ], [ 124.0941668, -18.091111 ], [ 124.093889, -18.091111 ], [ 124.0936112, -18.091111 ], [ 124.0933334, -18.091111 ], [ 124.0930556, -18.091111 ], [ 124.0927779, -18.091111 ], [ 124.0925001, -18.091111 ], [ 124.0922223, -18.091111 ], [ 124.0919445, -18.091111 ], [ 124.0916668, -18.091111 ], [ 124.091389, -18.091111 ], [ 124.0911112, -18.091111 ], [ 124.0908334, -18.091111 ], [ 124.0905556, -18.0913887 ], [ 124.0902779, -18.0913887 ], [ 124.0900001, -18.0913887 ], [ 124.0897223, -18.0913887 ], [ 124.0894445, -18.0916665 ], [ 124.0891668, -18.0916665 ], [ 124.088889, -18.0916665 ], [ 124.0886112, -18.0916665 ], [ 124.0883334, -18.0916665 ], [ 124.0880556, -18.0916665 ], [ 124.0877779, -18.0913887 ], [ 124.0875001, -18.0913887 ], [ 124.0872223, -18.0913887 ], [ 124.0869445, -18.0913887 ], [ 124.0866668, -18.0913887 ], [ 124.086389, -18.0913887 ], [ 124.0861112, -18.0913887 ], [ 124.0858334, -18.091111 ], [ 124.0855556, -18.091111 ], [ 124.0852779, -18.091111 ], [ 124.0850001, -18.091111 ], [ 124.0847223, -18.091111 ], [ 124.0844445, -18.091111 ], [ 124.0841668, -18.091111 ], [ 124.083889, -18.091111 ], [ 124.0836112, -18.0913887 ], [ 124.0833334, -18.0913887 ], [ 124.0830556, -18.0913887 ], [ 124.0827779, -18.0913887 ], [ 124.0825001, -18.0916665 ], [ 124.0822223, -18.0919443 ], [ 124.0819445, -18.0922221 ], [ 124.0816668, -18.0922221 ], [ 124.081389, -18.0924998 ], [ 124.0811112, -18.0924998 ], [ 124.0808334, -18.0927776 ], [ 124.0805556, -18.0927776 ] ] } },
{ "type": "Feature", "properties": { "HydroID": 101915149, "AHGFFType": 1, "Name": " ", "Hierarchy": "Minor", "Perennial": "Non Perennial", "AusHydroID": 1436601, "AusHydroEr": 1, "SegmentNo": 408766, "DrainID": 100645888, "From_Node": 101625256, "To_Node": 101625297, "NextDownID": 101915188, "Enabled": 1, "FlowDir": 1, "SrcFCName": "DEMDerivedStreamsVector", "SrcFType": "Watercourse", "SrcType": 1, "SourceID": null, "FeatRel": "2019-08-21T00:00:00Z", "FSource": "GEOSCIENCE AUSTRALIA", "AttrRel": "2019-08-21T00:00:00Z", "AttrSource": "GEOSCIENCE AUSTRALIA", "PlanAcc": 15, "Symbol": null, "TextNote": null, "GeodesLen": 680.16228499010208, "UpstrGeoLn": 5052.9161546648029, "UpstrDArea": 3802376.3390838508, "ConCatID": 239786, "StrOutlet": 0, "Shape_Length": 0.0063609694902814103 }, "bbox": [ 124.106389, -18.0466665, 124.1119445, -18.0447221 ], "geometry": { "type": "LineString", "coordinates": [ [ 124.106389, -18.0447221 ], [ 124.1066668, -18.0449998 ], [ 124.1069445, -18.0449998 ], [ 124.1072223, -18.0449998 ], [ 124.1075001, -18.0452776 ], [ 124.1077779, -18.0455554 ], [ 124.1080556, -18.0455554 ], [ 124.1083334, -18.0455554 ], [ 124.1086112, -18.0455554 ], [ 124.108889, -18.0455554 ], [ 124.1091668, -18.0455554 ], [ 124.1094445, -18.0455554 ], [ 124.1097223, -18.0455554 ], [ 124.1100001, -18.0455554 ], [ 124.1102779, -18.0455554 ], [ 124.1105556, -18.0455554 ], [ 124.1108334, -18.0458332 ], [ 124.1111112, -18.046111 ], [ 124.111389, -18.0463887 ], [ 124.1116668, -18.0466665 ], [ 124.1119445, -18.0466665 ] ] } },
{ "type": "Feature", "properties": { "HydroID": 101915152, "AHGFFType": 1, "Name": " ", "Hierarchy": "Minor", "Perennial": "Non Perennial", "AusHydroID": 1431721, "AusHydroEr": 1, "SegmentNo": 408590, "DrainID": 100645799, "From_Node": 101625258, "To_Node": 101625211, "NextDownID": 101915104, "Enabled": 1, "FlowDir": 1, "SrcFCName": "DEMDerivedStreamsVector", "SrcFType": "Watercourse", "SrcType": 1, "SourceID": null, "FeatRel": "2019-08-21T00:00:00Z", "FSource": "GEOSCIENCE AUSTRALIA", "AttrRel": "2019-08-21T00:00:00Z", "AttrSource": "GEOSCIENCE AUSTRALIA", "PlanAcc": 15, "Symbol": null, "TextNote": null, "GeodesLen": 853.18092338611302, "UpstrGeoLn": 55848386.56481427, "UpstrDArea": 52575665406.512337, "ConCatID": 239771, "StrOutlet": 0, "Shape_Length": 0.0079799781988957041 }, "bbox": [ 124.0997223, -18.1294443, 124.1066668, -18.1272221 ], "geometry": { "type": "LineString", "coordinates": [ [ 124.1066668, -18.1272221 ], [ 124.106389, -18.1272221 ], [ 124.1061112, -18.1272221 ], [ 124.1058334, -18.1272221 ], [ 124.1055556, -18.1274998 ], [ 124.1052779, -18.1277776 ], [ 124.1050001, -18.1280554 ], [ 124.1047223, -18.1283332 ], [ 124.1044445, -18.128611 ], [ 124.1041668, -18.128611 ], [ 124.103889, -18.1288887 ], [ 124.1036112, -18.1288887 ], [ 124.1033334, -18.1291665 ], [ 124.1030556, -18.1291665 ], [ 124.1027779, -18.1291665 ], [ 124.1025001, -18.1294443 ], [ 124.1022223, -18.1294443 ], [ 124.1019445, -18.1294443 ], [ 124.1016668, -18.1294443 ], [ 124.101389, -18.1294443 ], [ 124.1011112, -18.1294443 ], [ 124.1008334, -18.1294443 ], [ 124.1005556, -18.1294443 ], [ 124.1002779, -18.1291665 ], [ 124.1, -18.1291665 ], [ 124.0997223, -18.1291665 ] ] } },
{ "type": "Feature", "properties": { "HydroID": 101915186, "AHGFFType": 1, "Name": " ", "Hierarchy": "Minor", "Perennial": "Non Perennial", "AusHydroID": 1432048, "AusHydroEr": 1, "SegmentNo": 408584, "DrainID": 100645796, "From_Node": 101625293, "To_Node": 101625211, "NextDownID": 101915104, "Enabled": 1, "FlowDir": 1, "SrcFCName": "DEMDerivedStreamsVector", "SrcFType": "Watercourse", "SrcType": 1, "SourceID": null, "FeatRel": "2019-08-21T00:00:00Z", "FSource": "GEOSCIENCE AUSTRALIA", "AttrRel": "2019-08-21T00:00:00Z", "AttrSource": "GEOSCIENCE AUSTRALIA", "PlanAcc": 15, "Symbol": null, "TextNote": null, "GeodesLen": 2065.7492819057993, "UpstrGeoLn": 7953.6123158238734, "UpstrDArea": 4353885.1316671558, "ConCatID": 239771, "StrOutlet": 0, "Shape_Length": 0.019122396670382437 }, "bbox": [ 124.0991668, -18.1291665, 124.1116668, -18.1183332 ], "geometry": { "type": "LineString", "coordinates": [ [ 124.1116668, -18.118611 ], [ 124.111389, -18.118611 ], [ 124.1111112, -18.1183332 ], [ 124.1108334, -18.1183332 ], [ 124.1105556, -18.1183332 ], [ 124.1102779, -18.1183332 ], [ 124.1100001, -18.1183332 ], [ 124.1097223, -18.118611 ], [ 124.1094445, -18.118611 ], [ 124.1091668, -18.118611 ], [ 124.108889, -18.118611 ], [ 124.1086112, -18.1188887 ], [ 124.1083334, -18.1188887 ], [ 124.1080556, -18.1188887 ], [ 124.1077779, -18.1191665 ], [ 124.1075001, -18.1194443 ], [ 124.1072223, -18.1194443 ], [ 124.1069445, -18.1197221 ], [ 124.1066668, -18.1199998 ], [ 124.106389, -18.1199998 ], [ 124.1061112, -18.1202776 ], [ 124.1058334, -18.1202776 ], [ 124.1055556, -18.1202776 ], [ 124.1052779, -18.1205554 ], [ 124.1050001, -18.1205554 ], [ 124.1047223, -18.1208332 ], [ 124.1044445, -18.121111 ], [ 124.1041668, -18.1213887 ], [ 124.103889, -18.1216665 ], [ 124.1036112, -18.1219443 ], [ 124.1036112, -18.1222221 ], [ 124.1033334, -18.1224998 ], [ 124.1030556, -18.1227776 ], [ 124.1027779, -18.1230554 ], [ 124.1025001, -18.1233332 ], [ 124.1022223, -18.123611 ], [ 124.1022223, -18.1238887 ], [ 124.1019445, -18.1241665 ], [ 124.1019445, -18.1244443 ], [ 124.1016668, -18.1247221 ], [ 124.1016668, -18.1249998 ], [ 124.1016668, -18.1252776 ], [ 124.101389, -18.1255554 ], [ 124.1011112, -18.1258332 ], [ 124.1008334, -18.126111 ], [ 124.1005556, -18.1263887 ], [ 124.1002779, -18.1266665 ], [ 124.1, -18.1266665 ], [ 124.0997223, -18.1269443 ], [ 124.0994445, -18.1272221 ], [ 124.0991668, -18.1274998 ], [ 124.0991668, -18.1277776 ], [ 124.0991668, -18.1280554 ], [ 124.0991668, -18.1283332 ], [ 124.0994445, -18.128611 ], [ 124.0997223, -18.1288887 ], [ 124.0997223, -18.1291665 ] ] } },
{ "type": "Feature", "properties": { "HydroID": 101915188, "AHGFFType": 1, "Name": " ", "Hierarchy": "Minor", "Perennial": "Non Perennial", "AusHydroID": 1436500, "AusHydroEr": 1, "SegmentNo": 408805, "DrainID": 100645914, "From_Node": 101625297, "To_Node": 101625325, "NextDownID": 101915218, "Enabled": 1, "FlowDir": 1, "SrcFCName": "DEMDerivedStreamsVector", "SrcFType": "Watercourse", "SrcType": 1, "SourceID": null, "FeatRel": "2019-08-21T00:00:00Z", "FSource": "GEOSCIENCE AUSTRALIA", "AttrRel": "2019-08-21T00:00:00Z", "AttrSource": "GEOSCIENCE AUSTRALIA", "PlanAcc": 15, "Symbol": null, "TextNote": null, "GeodesLen": 585.65019724162391, "UpstrGeoLn": 7240.0651826682924, "UpstrDArea": 4636044.2056564204, "ConCatID": 239786, "StrOutlet": 0, "Shape_Length": 0.0054323194429320553 }, "bbox": [ 124.1119445, -18.0497221, 124.1161112, -18.0466665 ], "geometry": { "type": "LineString", "coordinates": [ [ 124.1119445, -18.0466665 ], [ 124.1122223, -18.0469443 ], [ 124.1125001, -18.0469443 ], [ 124.1127779, -18.0469443 ], [ 124.1130556, -18.0469443 ], [ 124.1133334, -18.0472221 ], [ 124.1136112, -18.0474998 ], [ 124.113889, -18.0477776 ], [ 124.1141668, -18.0480554 ], [ 124.1144445, -18.0480554 ], [ 124.1147223, -18.0483332 ], [ 124.1150001, -18.048611 ], [ 124.1152779, -18.0488887 ], [ 124.1155556, -18.0491665 ], [ 124.1158334, -18.0494443 ], [ 124.1161112, -18.0497221 ] ] } },
{ "type": "Feature", "properties": { "HydroID": 101915189, "AHGFFType": 1, "Name": " ", "Hierarchy": "Major", "Perennial": "Non Perennial", "AusHydroID": 1433706, "AusHydroEr": 1, "SegmentNo": 408781, "DrainID": 100645899, "From_Node": 101625296, "To_Node": 101625305, "NextDownID": 101915200, "Enabled": 1, "FlowDir": 1, "SrcFCName": "DEMDerivedStreamsVector", "SrcFType": "Watercourse", "SrcType": 1, "SourceID": null, "FeatRel": "2019-08-21T00:00:00Z", "FSource": "GEOSCIENCE AUSTRALIA", "AttrRel": "2019-08-21T00:00:00Z", "AttrSource": "GEOSCIENCE AUSTRALIA", "PlanAcc": 15, "Symbol": null, "TextNote": null, "GeodesLen": 230.31195580678596, "UpstrGeoLn": 56518985.657813683, "UpstrDArea": 53508502010.343338, "ConCatID": 239786, "StrOutlet": 0, "Shape_Length": 0.0021269035384315904 }, "bbox": [ 124.1119445, -18.0941665, 124.1133334, -18.0927776 ], "geometry": { "type": "LineString", "coordinates": [ [ 124.1119445, -18.0927776 ], [ 124.1122223, -18.0930554 ], [ 124.1122223, -18.0933332 ], [ 124.1125001, -18.093611 ], [ 124.1127779, -18.0938887 ], [ 124.1130556, -18.0941665 ], [ 124.1133334, -18.0941665 ] ] } },
{ "type": "Feature", "properties": { "HydroID": 101915190, "AHGFFType": 1, "Name": " ", "Hierarchy": "Minor", "Perennial": "Non Perennial", "AusHydroID": 10369128, "AusHydroEr": 1, "SegmentNo": 408692, "DrainID": 100645848, "From_Node": 101625296, "To_Node": 101625251, "NextDownID": 101915145, "Enabled": 1, "FlowDir": 1, "SrcFCName": "DEMDerivedStreamsVector", "SrcFType": "Watercourse", "SrcType": 1, "SourceID": null, "FeatRel": "2019-08-21T00:00:00Z", "FSource": "GEOSCIENCE AUSTRALIA", "AttrRel": "2019-08-21T00:00:00Z", "AttrSource": "GEOSCIENCE AUSTRALIA", "PlanAcc": 15, "Symbol": null, "TextNote": null, "GeodesLen": 810.33431820314638, "UpstrGeoLn": 56519565.680176079, "UpstrDArea": 53508746990.490524, "ConCatID": 239786, "StrOutlet": 0, "Shape_Length": 0.00753948132076869 }, "bbox": [ 124.1061112, -18.0930554, 124.1119445, -18.0902776 ], "geometry": { "type": "LineString", "coordinates": [ [ 124.1119445, -18.0927776 ], [ 124.1116668, -18.0927776 ], [ 124.111389, -18.0927776 ], [ 124.1111112, -18.0930554 ], [ 124.1108334, -18.0930554 ], [ 124.1105556, -18.0930554 ], [ 124.1102779, -18.0930554 ], [ 124.1100001, -18.0930554 ], [ 124.1097223, -18.0927776 ], [ 124.1094445, -18.0924998 ], [ 124.1091668, -18.0922221 ], [ 124.1091668, -18.0919443 ], [ 124.108889, -18.0916665 ], [ 124.108889, -18.0913887 ], [ 124.1086112, -18.091111 ], [ 124.1083334, -18.0908332 ], [ 124.1080556, -18.0905554 ], [ 124.1077779, -18.0905554 ], [ 124.1075001, -18.0902776 ], [ 124.1072223, -18.0902776 ], [ 124.1069445, -18.0902776 ], [ 124.1066668, -18.0905554 ], [ 124.106389, -18.0905554 ], [ 124.1061112, -18.0905554 ] ] } },
{ "type": "Feature", "properties": { "HydroID": 101915200, "AHGFFType": 1, "Name": " ", "Hierarchy": "Major", "Perennial": "Non Perennial", "AusHydroID": 1433595, "AusHydroEr": 1, "SegmentNo": 408666, "DrainID": 100645831, "From_Node": 101625305, "To_Node": 101625242, "NextDownID": 101915134, "Enabled": 1, "FlowDir": 1, "SrcFCName": "DEMDerivedStreamsVector", "SrcFType": "Watercourse", "SrcType": 1, "SourceID": null, "FeatRel": "2019-08-21T00:00:00Z", "FSource": "GEOSCIENCE AUSTRALIA", "AttrRel": "2019-08-21T00:00:00Z", "AttrSource": "GEOSCIENCE AUSTRALIA", "PlanAcc": 15, "Symbol": null, "TextNote": null, "GeodesLen": 1075.3827320388689, "UpstrGeoLn": 56524700.834670343, "UpstrDArea": 53511258166.449753, "ConCatID": 239786, "StrOutlet": 0, "Shape_Length": 0.010087141198234263 }, "bbox": [ 124.1041668, -18.0963887, 124.1133334, -18.0941665 ], "geometry": { "type": "LineString", "coordinates": [ [ 124.1133334, -18.0941665 ], [ 124.1130556, -18.0944443 ], [ 124.1127779, -18.0944443 ], [ 124.1125001, -18.0944443 ], [ 124.1122223, -18.0947221 ], [ 124.1119445, -18.0947221 ], [ 124.1116668, -18.0947221 ], [ 124.111389, -18.0947221 ], [ 124.1111112, -18.0947221 ], [ 124.1108334, -18.0947221 ], [ 124.1105556, -18.0947221 ], [ 124.1102779, -18.0947221 ], [ 124.1100001, -18.0949998 ], [ 124.1097223, -18.0949998 ], [ 124.1094445, -18.0949998 ], [ 124.1091668, -18.0949998 ], [ 124.108889, -18.0952776 ], [ 124.1086112, -18.0952776 ], [ 124.1083334, -18.0955554 ], [ 124.1080556, -18.0955554 ], [ 124.1077779, -18.0955554 ], [ 124.1075001, -18.0958332 ], [ 124.1072223, -18.0958332 ], [ 124.1069445, -18.0958332 ], [ 124.1066668, -18.096111 ], [ 124.106389, -18.096111 ], [ 124.1061112, -18.096111 ], [ 124.1058334, -18.096111 ], [ 124.1055556, -18.096111 ], [ 124.1052779, -18.0963887 ], [ 124.1050001, -18.0963887 ], [ 124.1047223, -18.0963887 ], [ 124.1044445, -18.0963887 ], [ 124.1041668, -18.0963887 ] ] } },
{ "type": "Feature", "properties": { "HydroID": 101915216, "AHGFFType": 1, "Name": " ", "Hierarchy": "Minor", "Perennial": "Non Perennial", "AusHydroID": 1436331, "AusHydroEr": 1, "SegmentNo": 408806, "DrainID": 100645915, "From_Node": 101625320, "To_Node": 101625325, "NextDownID": 101915218, "Enabled": 1, "FlowDir": 1, "SrcFCName": "DEMDerivedStreamsVector", "SrcFType": "Watercourse", "SrcType": 1, "SourceID": null, "FeatRel": "2019-08-21T00:00:00Z", "FSource": "GEOSCIENCE AUSTRALIA", "AttrRel": "2019-08-21T00:00:00Z", "AttrSource": "GEOSCIENCE AUSTRALIA", "PlanAcc": 15, "Symbol": null, "TextNote": null, "GeodesLen": 1461.8001638487997, "UpstrGeoLn": 1461.8001638487997, "UpstrDArea": 1330030.8872549371, "ConCatID": 239786, "StrOutlet": 0, "Shape_Length": 0.013412294813261288 }, "bbox": [ 124.1141668, -18.0599998, 124.1169445, -18.0497221 ], "geometry": { "type": "LineString", "coordinates": [ [ 124.1158334, -18.0599998 ], [ 124.1161112, -18.0597221 ], [ 124.116389, -18.0594443 ], [ 124.1166668, -18.0591665 ], [ 124.1169445, -18.0588887 ], [ 124.1169445, -18.058611 ], [ 124.1169445, -18.0583332 ], [ 124.1169445, -18.0580554 ], [ 124.1166668, -18.0577776 ], [ 124.1166668, -18.0574998 ], [ 124.1169445, -18.0572221 ], [ 124.1169445, -18.0569443 ], [ 124.1166668, -18.0566665 ], [ 124.116389, -18.0563887 ], [ 124.116389, -18.056111 ], [ 124.116389, -18.0558332 ], [ 124.1161112, -18.0555554 ], [ 124.1161112, -18.0552776 ], [ 124.1158334, -18.0549998 ], [ 124.1158334, -18.0547221 ], [ 124.1158334, -18.0544443 ], [ 124.1155556, -18.0541665 ], [ 124.1155556, -18.0538887 ], [ 124.1152779, -18.053611 ], [ 124.1152779, -18.0533332 ], [ 124.1152779, -18.0530554 ], [ 124.1150001, -18.0527776 ], [ 124.1147223, -18.0524998 ], [ 124.1147223, -18.0522221 ], [ 124.1144445, -18.0519443 ], [ 124.1141668, -18.0516665 ], [ 124.1141668, -18.0513887 ], [ 124.1141668, -18.051111 ], [ 124.1144445, -18.0508332 ], [ 124.1147223, -18.0508332 ], [ 124.1150001, -18.0508332 ], [ 124.1152779, -18.0505554 ], [ 124.1152779, -18.0502776 ], [ 124.1155556, -18.0499998 ], [ 124.1158334, -18.0499998 ], [ 124.1161112, -18.0497221 ] ] } },
{ "type": "Feature", "properties": { "HydroID": 101915218, "AHGFFType": 1, "Name": " ", "Hierarchy": "Minor", "Perennial": "Non Perennial", "AusHydroID": 1436332, "AusHydroEr": 1, "SegmentNo": 408883, "DrainID": 100645959, "From_Node": 101625325, "To_Node": 101625369, "NextDownID": 101915261, "Enabled": 1, "FlowDir": 1, "SrcFCName": "DEMDerivedStreamsVector", "SrcFType": "Watercourse", "SrcType": 1, "SourceID": null, "FeatRel": "2019-08-21T00:00:00Z", "FSource": "GEOSCIENCE AUSTRALIA", "AttrRel": "2019-08-21T00:00:00Z", "AttrSource": "GEOSCIENCE AUSTRALIA", "PlanAcc": 15, "Symbol": null, "TextNote": null, "GeodesLen": 874.21090420479243, "UpstrGeoLn": 9576.0762507218842, "UpstrDArea": 6268978.4274394521, "ConCatID": 239786, "StrOutlet": 0, "Shape_Length": 0.008190355368285402 }, "bbox": [ 124.1161112, -18.0516665, 124.1233334, -18.0497221 ], "geometry": { "type": "LineString", "coordinates": [ [ 124.1161112, -18.0497221 ], [ 124.116389, -18.0497221 ], [ 124.1166668, -18.0497221 ], [ 124.1169445, -18.0499998 ], [ 124.1172223, -18.0502776 ], [ 124.1175001, -18.0505554 ], [ 124.1175001, -18.0508332 ], [ 124.1177779, -18.051111 ], [ 124.1180556, -18.0513887 ], [ 124.1183334, -18.0513887 ], [ 124.1186112, -18.0516665 ], [ 124.118889, -18.0516665 ], [ 124.1191668, -18.0516665 ], [ 124.1194445, -18.0516665 ], [ 124.1197223, -18.0516665 ], [ 124.1200001, -18.0516665 ], [ 124.1202779, -18.0516665 ], [ 124.1205556, -18.0516665 ], [ 124.1208334, -18.0516665 ], [ 124.1211112, -18.0516665 ], [ 124.121389, -18.0516665 ], [ 124.1216668, -18.0516665 ], [ 124.1219445, -18.0516665 ], [ 124.1222223, -18.0516665 ], [ 124.1225001, -18.0516665 ], [ 124.1227779, -18.0516665 ], [ 124.1230556, -18.0516665 ], [ 124.1233334, -18.0516665 ] ] } },
{ "type": "Feature", "properties": { "HydroID": 101915219, "AHGFFType": 1, "Name": " ", "Hierarchy": "Minor", "Perennial": "Non Perennial", "AusHydroID": 1431888, "AusHydroEr": 1, "SegmentNo": 408701, "DrainID": 100645850, "From_Node": 101625324, "To_Node": 101625258, "NextDownID": 101915152, "Enabled": 1, "FlowDir": 1, "SrcFCName": "DEMDerivedStreamsVector", "SrcFType": "Watercourse", "SrcType": 1, "SourceID": null, "FeatRel": "2019-08-21T00:00:00Z", "FSource": "GEOSCIENCE AUSTRALIA", "AttrRel": "2019-08-21T00:00:00Z", "AttrSource": "GEOSCIENCE AUSTRALIA", "PlanAcc": 15, "Symbol": null, "TextNote": null, "GeodesLen": 1262.315042621351, "UpstrGeoLn": 1262.315042621351, "UpstrDArea": 524219.08624520007, "ConCatID": 239771, "StrOutlet": 0, "Shape_Length": 0.011745630934576571 }, "bbox": [ 124.1066668, -18.1272221, 124.1161112, -18.1233332 ], "geometry": { "type": "LineString", "coordinates": [ [ 124.1161112, -18.1244443 ], [ 124.1158334, -18.1244443 ], [ 124.1155556, -18.1247221 ], [ 124.1152779, -18.1247221 ], [ 124.1150001, -18.1247221 ], [ 124.1147223, -18.1247221 ], [ 124.1144445, -18.1247221 ], [ 124.1141668, -18.1247221 ], [ 124.113889, -18.1247221 ], [ 124.1136112, -18.1244443 ], [ 124.1133334, -18.1241665 ], [ 124.1130556, -18.1238887 ], [ 124.1127779, -18.123611 ], [ 124.1125001, -18.1233332 ], [ 124.1122223, -18.1233332 ], [ 124.1119445, -18.1233332 ], [ 124.1116668, -18.123611 ], [ 124.111389, -18.1238887 ], [ 124.1111112, -18.1238887 ], [ 124.1108334, -18.1241665 ], [ 124.1105556, -18.1241665 ], [ 124.1102779, -18.1244443 ], [ 124.1100001, -18.1247221 ], [ 124.1097223, -18.1249998 ], [ 124.1094445, -18.1252776 ], [ 124.1091668, -18.1255554 ], [ 124.108889, -18.1258332 ], [ 124.1086112, -18.1258332 ], [ 124.1083334, -18.126111 ], [ 124.1080556, -18.1263887 ], [ 124.1077779, -18.1263887 ], [ 124.1075001, -18.1266665 ], [ 124.1072223, -18.1266665 ], [ 124.1069445, -18.1269443 ], [ 124.1066668, -18.1272221 ] ] } },
{ "type": "Feature", "properties": { "HydroID": 101915261, "AHGFFType": 1, "Name": " ", "Hierarchy": "Minor", "Perennial": "Non Perennial", "AusHydroID": 10369181, "AusHydroEr": 1, "SegmentNo": 408947, "DrainID": 100645992, "From_Node": 101625369, "To_Node": 101625398, "NextDownID": 101915294, "Enabled": 1, "FlowDir": 1, "SrcFCName": "DEMDerivedStreamsVector", "SrcFType": "Watercourse", "SrcType": 1, "SourceID": null, "FeatRel": "2019-08-21T00:00:00Z", "FSource": "GEOSCIENCE AUSTRALIA", "AttrRel": "2019-08-21T00:00:00Z", "AttrSource": "GEOSCIENCE AUSTRALIA", "PlanAcc": 15, "Symbol": null, "TextNote": null, "GeodesLen": 4678.990006987744, "UpstrGeoLn": 15940.369432072841, "UpstrDArea": 10254644.052072736, "ConCatID": 239786, "StrOutlet": 0, "Shape_Length": 0.043109991143726531 }, "bbox": [ 124.1233334, -18.0777776, 124.1291668, -18.0516665 ], "geometry": { "type": "LineString", "coordinates": [ [ 124.1233334, -18.0516665 ], [ 124.1236112, -18.0516665 ], [ 124.123889, -18.0519443 ], [ 124.1241668, -18.0522221 ], [ 124.1244445, -18.0524998 ], [ 124.1247223, -18.0524998 ], [ 124.1250001, -18.0524998 ], [ 124.1252779, -18.0524998 ], [ 124.1255556, -18.0524998 ], [ 124.1258334, -18.0524998 ], [ 124.1261112, -18.0524998 ], [ 124.126389, -18.0524998 ], [ 124.1266668, -18.0527776 ], [ 124.1269445, -18.0527776 ], [ 124.1272223, -18.0530554 ], [ 124.1275001, -18.0530554 ], [ 124.1277779, -18.0530554 ], [ 124.1280556, -18.0533332 ], [ 124.1280556, -18.053611 ], [ 124.1280556, -18.0538887 ], [ 124.1280556, -18.0541665 ], [ 124.1280556, -18.0544443 ], [ 124.1277779, -18.0547221 ], [ 124.1275001, -18.0549998 ], [ 124.1272223, -18.0549998 ], [ 124.1269445, -18.0549998 ], [ 124.1266668, -18.0547221 ], [ 124.126389, -18.0547221 ], [ 124.1261112, -18.0547221 ], [ 124.1258334, -18.0549998 ], [ 124.1255556, -18.0549998 ], [ 124.1252779, -18.0552776 ], [ 124.1250001, -18.0555554 ], [ 124.1250001, -18.0558332 ], [ 124.1250001, -18.056111 ], [ 124.1252779, -18.0563887 ], [ 124.1255556, -18.0566665 ], [ 124.1255556, -18.0569443 ], [ 124.1252779, -18.0572221 ], [ 124.1250001, -18.0572221 ], [ 124.1247223, -18.0572221 ], [ 124.1244445, -18.0572221 ], [ 124.1241668, -18.0574998 ], [ 124.1241668, -18.0577776 ], [ 124.1241668, -18.0580554 ], [ 124.1244445, -18.0583332 ], [ 124.1247223, -18.058611 ], [ 124.1250001, -18.0588887 ], [ 124.1252779, -18.0591665 ], [ 124.1255556, -18.0594443 ], [ 124.1258334, -18.0597221 ], [ 124.1261112, -18.0599998 ], [ 124.1261112, -18.0602776 ], [ 124.1261112, -18.0605554 ], [ 124.1261112, -18.0608332 ], [ 124.1261112, -18.061111 ], [ 124.1261112, -18.0613887 ], [ 124.1261112, -18.0616665 ], [ 124.1261112, -18.0619443 ], [ 124.1261112, -18.0622221 ], [ 124.126389, -18.0624998 ], [ 124.1266668, -18.0624998 ], [ 124.1269445, -18.0627776 ], [ 124.1272223, -18.0627776 ], [ 124.1275001, -18.0630554 ], [ 124.1277779, -18.0633332 ], [ 124.1280556, -18.063611 ], [ 124.1280556, -18.0638887 ], [ 124.1280556, -18.0641665 ], [ 124.1280556, -18.0644443 ], [ 124.1280556, -18.0647221 ], [ 124.1280556, -18.0649998 ], [ 124.1280556, -18.0652776 ], [ 124.1280556, -18.0655554 ], [ 124.1280556, -18.0658332 ], [ 124.1280556, -18.066111 ], [ 124.1277779, -18.0663887 ], [ 124.1275001, -18.0666665 ], [ 124.1272223, -18.0669443 ], [ 124.1272223, -18.0672221 ], [ 124.1272223, -18.0674998 ], [ 124.1275001, -18.0677776 ], [ 124.1275001, -18.0680554 ], [ 124.1275001, -18.0683332 ], [ 124.1275001, -18.068611 ], [ 124.1272223, -18.0688887 ], [ 124.1269445, -18.0691665 ], [ 124.1266668, -18.0691665 ], [ 124.126389, -18.0691665 ], [ 124.1261112, -18.0688887 ], [ 124.1258334, -18.0688887 ], [ 124.1255556, -18.0691665 ], [ 124.1255556, -18.0694443 ], [ 124.1255556, -18.0697221 ], [ 124.1255556, -18.0699998 ], [ 124.1255556, -18.0702776 ], [ 124.1252779, -18.0705554 ], [ 124.1250001, -18.0708332 ], [ 124.1250001, -18.071111 ], [ 124.1252779, -18.0713887 ], [ 124.1252779, -18.0716665 ], [ 124.1255556, -18.0719443 ], [ 124.1255556, -18.0722221 ], [ 124.1258334, -18.0724998 ], [ 124.1261112, -18.0727776 ], [ 124.126389, -18.0724998 ], [ 124.1266668, -18.0724998 ], [ 124.1269445, -18.0722221 ], [ 124.1272223, -18.0722221 ], [ 124.1275001, -18.0722221 ], [ 124.1277779, -18.0724998 ], [ 124.1277779, -18.0727776 ], [ 124.1280556, -18.0730554 ], [ 124.1283334, -18.0733332 ], [ 124.1283334, -18.073611 ], [ 124.1283334, -18.0738887 ], [ 124.1283334, -18.0741665 ], [ 124.1286112, -18.0744443 ], [ 124.128889, -18.0747221 ], [ 124.1291668, -18.0749998 ], [ 124.1291668, -18.0752776 ], [ 124.128889, -18.0755554 ], [ 124.1286112, -18.0758332 ], [ 124.1283334, -18.076111 ], [ 124.1283334, -18.0763887 ], [ 124.1286112, -18.0766665 ], [ 124.1286112, -18.0769443 ], [ 124.1286112, -18.0772221 ], [ 124.1283334, -18.0774998 ], [ 124.1280556, -18.0777776 ], [ 124.1277779, -18.0777776 ], [ 124.1275001, -18.0777776 ], [ 124.1272223, -18.0777776 ] ] } },
{ "type": "Feature", "properties": { "HydroID": 101915262, "AHGFFType": 1, "Name": " ", "Hierarchy": "Minor", "Perennial": "Non Perennial", "AusHydroID": 10369116, "AusHydroEr": 1, "SegmentNo": 408773, "DrainID": 100645893, "From_Node": 101625371, "To_Node": 101625293, "NextDownID": 101915186, "Enabled": 1, "FlowDir": 1, "SrcFCName": "DEMDerivedStreamsVector", "SrcFType": "Watercourse", "SrcType": 1, "SourceID": null, "FeatRel": "2019-08-21T00:00:00Z", "FSource": "GEOSCIENCE AUSTRALIA", "AttrRel": "2019-08-21T00:00:00Z", "AttrSource": "GEOSCIENCE AUSTRALIA", "PlanAcc": 15, "Symbol": null, "TextNote": null, "GeodesLen": 1527.1857523562217, "UpstrGeoLn": 4264.2195561479148, "UpstrDArea": 2071675.6640078225, "ConCatID": 239771, "StrOutlet": 0, "Shape_Length": 0.014273548565568632 }, "bbox": [ 124.1116668, -18.1188887, 124.1236112, -18.1152776 ], "geometry": { "type": "LineString", "coordinates": [ [ 124.1236112, -18.1152776 ], [ 124.1233334, -18.1155554 ], [ 124.1230556, -18.1155554 ], [ 124.1227779, -18.1158332 ], [ 124.1225001, -18.116111 ], [ 124.1225001, -18.1163887 ], [ 124.1225001, -18.1166665 ], [ 124.1225001, -18.1169443 ], [ 124.1222223, -18.1172221 ], [ 124.1219445, -18.1174998 ], [ 124.1216668, -18.1177776 ], [ 124.121389, -18.1180554 ], [ 124.1211112, -18.1180554 ], [ 124.1208334, -18.1183332 ], [ 124.1205556, -18.1183332 ], [ 124.1202779, -18.1183332 ], [ 124.1200001, -18.1183332 ], [ 124.1197223, -18.1183332 ], [ 124.1194445, -18.1183332 ], [ 124.1191668, -18.1183332 ], [ 124.118889, -18.1183332 ], [ 124.1186112, -18.1183332 ], [ 124.1183334, -18.1183332 ], [ 124.1180556, -18.1183332 ], [ 124.1177779, -18.1183332 ], [ 124.1175001, -18.1183332 ], [ 124.1172223, -18.118611 ], [ 124.1169445, -18.1188887 ], [ 124.1166668, -18.1188887 ], [ 124.116389, -18.1188887 ], [ 124.1161112, -18.1188887 ], [ 124.1158334, -18.1188887 ], [ 124.1155556, -18.118611 ], [ 124.1152779, -18.118611 ], [ 124.1150001, -18.118611 ], [ 124.1147223, -18.118611 ], [ 124.1144445, -18.118611 ], [ 124.1141668, -18.1183332 ], [ 124.113889, -18.1183332 ], [ 124.1136112, -18.1183332 ], [ 124.1133334, -18.1183332 ], [ 124.1130556, -18.1183332 ], [ 124.1127779, -18.1183332 ], [ 124.1125001, -18.118611 ], [ 124.1122223, -18.118611 ], [ 124.1119445, -18.118611 ], [ 124.1116668, -18.118611 ] ] } },
{ "type": "Feature", "properties": { "HydroID": 101915263, "AHGFFType": 1, "Name": " ", "Hierarchy": "Minor", "Perennial": "Non Perennial", "AusHydroID": 1432402, "AusHydroEr": 1, "SegmentNo": 408772, "DrainID": 100645892, "From_Node": 101625371, "To_Node": 101625293, "NextDownID": 101915186, "Enabled": 1, "FlowDir": 1, "SrcFCName": "DEMDerivedStreamsVector", "SrcFType": "Watercourse", "SrcType": 1, "SourceID": null, "FeatRel": "2019-08-21T00:00:00Z", "FSource": "GEOSCIENCE AUSTRALIA", "AttrRel": "2019-08-21T00:00:00Z", "AttrSource": "GEOSCIENCE AUSTRALIA", "PlanAcc": 15, "Symbol": null, "TextNote": null, "GeodesLen": 1623.6434777701597, "UpstrGeoLn": 4360.6772815618524, "UpstrDArea": 2164786.9616672252, "ConCatID": 239771, "StrOutlet": 0, "Shape_Length": 0.015126623104695326 }, "bbox": [ 124.1116668, -18.118611, 124.1236112, -18.1141665 ], "geometry": { "type": "LineString", "coordinates": [ [ 124.1236112, -18.1152776 ], [ 124.1236112, -18.1149998 ], [ 124.1233334, -18.1147221 ], [ 124.1230556, -18.1144443 ], [ 124.1227779, -18.1141665 ], [ 124.1225001, -18.1141665 ], [ 124.1222223, -18.1141665 ], [ 124.1219445, -18.1141665 ], [ 124.1216668, -18.1144443 ], [ 124.121389, -18.1144443 ], [ 124.1211112, -18.1144443 ], [ 124.1208334, -18.1147221 ], [ 124.1205556, -18.1149998 ], [ 124.1202779, -18.1152776 ], [ 124.1202779, -18.1155554 ], [ 124.1200001, -18.1158332 ], [ 124.1200001, -18.116111 ], [ 124.1197223, -18.1163887 ], [ 124.1194445, -18.1163887 ], [ 124.1191668, -18.1166665 ], [ 124.118889, -18.1166665 ], [ 124.1186112, -18.1166665 ], [ 124.1183334, -18.1166665 ], [ 124.1180556, -18.1166665 ], [ 124.1177779, -18.1163887 ], [ 124.1175001, -18.1163887 ], [ 124.1172223, -18.1163887 ], [ 124.1169445, -18.1163887 ], [ 124.1166668, -18.1163887 ], [ 124.116389, -18.1163887 ], [ 124.1161112, -18.1163887 ], [ 124.1158334, -18.1163887 ], [ 124.1155556, -18.1163887 ], [ 124.1152779, -18.1166665 ], [ 124.1150001, -18.1166665 ], [ 124.1147223, -18.1166665 ], [ 124.1144445, -18.1169443 ], [ 124.1141668, -18.1169443 ], [ 124.113889, -18.1169443 ], [ 124.1136112, -18.1169443 ], [ 124.1133334, -18.1169443 ], [ 124.1130556, -18.1172221 ], [ 124.1127779, -18.1172221 ], [ 124.1125001, -18.1174998 ], [ 124.1122223, -18.1177776 ], [ 124.1122223, -18.1180554 ], [ 124.1119445, -18.1183332 ], [ 124.1116668, -18.118611 ] ] } },
{ "type": "Feature", "properties": { "HydroID": 101915266, "AHGFFType": 1, "Name": "FITZROY RIVER", "Hierarchy": "Major", "Perennial": "Perennial", "AusHydroID": 10369758, "AusHydroEr": 1, "SegmentNo": 408554, "DrainID": 100645784, "From_Node": 101625373, "To_Node": 101625192, "NextDownID": 101915088, "Enabled": 1, "FlowDir": 1, "SrcFCName": "DEMDerivedStreamsVector", "SrcFType": "Watercourse", "SrcType": 1, "SourceID": null, "FeatRel": "2019-08-21T00:00:00Z", "FSource": "GEOSCIENCE AUSTRALIA", "AttrRel": "2019-08-21T00:00:00Z", "AttrSource": "GEOSCIENCE AUSTRALIA", "PlanAcc": 15, "Symbol": 2, "TextNote": null, "GeodesLen": 3990.8890485921111, "UpstrGeoLn": 56528353.715529539, "UpstrDArea": 53512082305.737129, "ConCatID": 239786, "StrOutlet": 0, "Shape_Length": 0.037102373333706203 }, "bbox": [ 124.0966668, -18.1219443, 124.123889, -18.1066665 ], "geometry": { "type": "LineString", "coordinates": [ [ 124.123889, -18.1066665 ], [ 124.1236112, -18.1066665 ], [ 124.1233334, -18.1069443 ], [ 124.1230556, -18.1069443 ], [ 124.1227779, -18.1072221 ], [ 124.1225001, -18.1074998 ], [ 124.1222223, -18.1077776 ], [ 124.1219445, -18.1077776 ], [ 124.1216668, -18.1077776 ], [ 124.121389, -18.1080554 ], [ 124.1211112, -18.1080554 ], [ 124.1208334, -18.1083332 ], [ 124.1205556, -18.108611 ], [ 124.1202779, -18.1088887 ], [ 124.1200001, -18.1088887 ], [ 124.1197223, -18.1091665 ], [ 124.1194445, -18.1094443 ], [ 124.1191668, -18.1094443 ], [ 124.118889, -18.1097221 ], [ 124.1186112, -18.1099998 ], [ 124.1183334, -18.1099998 ], [ 124.1180556, -18.1102776 ], [ 124.1177779, -18.1105554 ], [ 124.1175001, -18.1105554 ], [ 124.1172223, -18.1108332 ], [ 124.1169445, -18.1108332 ], [ 124.1166668, -18.111111 ], [ 124.116389, -18.111111 ], [ 124.1161112, -18.1113887 ], [ 124.1158334, -18.1113887 ], [ 124.1155556, -18.1113887 ], [ 124.1152779, -18.1116665 ], [ 124.1150001, -18.1116665 ], [ 124.1147223, -18.1116665 ], [ 124.1144445, -18.1116665 ], [ 124.1141668, -18.1119443 ], [ 124.113889, -18.1119443 ], [ 124.1136112, -18.1119443 ], [ 124.1133334, -18.1119443 ], [ 124.1130556, -18.1119443 ], [ 124.1127779, -18.1119443 ], [ 124.1125001, -18.1119443 ], [ 124.1122223, -18.1119443 ], [ 124.1119445, -18.1119443 ], [ 124.1116668, -18.1116665 ], [ 124.111389, -18.1116665 ], [ 124.1111112, -18.1116665 ], [ 124.1108334, -18.1116665 ], [ 124.1105556, -18.1116665 ], [ 124.1102779, -18.1116665 ], [ 124.1100001, -18.1116665 ], [ 124.1097223, -18.1116665 ], [ 124.1094445, -18.1116665 ], [ 124.1091668, -18.1116665 ], [ 124.108889, -18.1116665 ], [ 124.1086112, -18.1116665 ], [ 124.1083334, -18.1116665 ], [ 124.1080556, -18.1116665 ], [ 124.1077779, -18.1113887 ], [ 124.1075001, -18.1113887 ], [ 124.1072223, -18.1113887 ], [ 124.1069445, -18.1113887 ], [ 124.1066668, -18.1113887 ], [ 124.106389, -18.1113887 ], [ 124.1061112, -18.1113887 ], [ 124.1058334, -18.1113887 ], [ 124.1055556, -18.1113887 ], [ 124.1052779, -18.1113887 ], [ 124.1050001, -18.1113887 ], [ 124.1047223, -18.1113887 ], [ 124.1044445, -18.1113887 ], [ 124.1041668, -18.1113887 ], [ 124.103889, -18.1113887 ], [ 124.1036112, -18.1116665 ], [ 124.1033334, -18.1116665 ], [ 124.1030556, -18.1116665 ], [ 124.1027779, -18.1116665 ], [ 124.1025001, -18.1116665 ], [ 124.1022223, -18.1116665 ], [ 124.1019445, -18.1119443 ], [ 124.1016668, -18.1119443 ], [ 124.101389, -18.1122221 ], [ 124.1011112, -18.1124998 ], [ 124.1008334, -18.1124998 ], [ 124.1005556, -18.1127776 ], [ 124.1005556, -18.1130554 ], [ 124.1002779, -18.1133332 ], [ 124.1, -18.113611 ], [ 124.1, -18.1138887 ], [ 124.1, -18.1141665 ], [ 124.1, -18.1144443 ], [ 124.1, -18.1147221 ], [ 124.1, -18.1149998 ], [ 124.1, -18.1152776 ], [ 124.0997223, -18.1155554 ], [ 124.0997223, -18.1158332 ], [ 124.0994445, -18.116111 ], [ 124.0994445, -18.1163887 ], [ 124.0994445, -18.1166665 ], [ 124.0991668, -18.1169443 ], [ 124.0991668, -18.1172221 ], [ 124.098889, -18.1174998 ], [ 124.098889, -18.1177776 ], [ 124.0986112, -18.1180554 ], [ 124.0986112, -18.1183332 ], [ 124.0983334, -18.118611 ], [ 124.0983334, -18.1188887 ], [ 124.0980556, -18.1191665 ], [ 124.0980556, -18.1194443 ], [ 124.0980556, -18.1197221 ], [ 124.0980556, -18.1199998 ], [ 124.0977779, -18.1202776 ], [ 124.0977779, -18.1205554 ], [ 124.0975001, -18.1208332 ], [ 124.0972223, -18.121111 ], [ 124.0972223, -18.1213887 ], [ 124.0969445, -18.1216665 ], [ 124.0966668, -18.1219443 ] ] } },
{ "type": "Feature", "properties": { "HydroID": 101915267, "AHGFFType": 1, "Name": " ", "Hierarchy": "Minor", "Perennial": "Non Perennial", "AusHydroID": 1432905, "AusHydroEr": 1, "SegmentNo": 408271, "DrainID": 100645648, "From_Node": 101625373, "To_Node": 101625043, "NextDownID": 101914935, "Enabled": 1, "FlowDir": 1, "SrcFCName": "DEMDerivedStreamsVector", "SrcFType": "Watercourse", "SrcType": 1, "SourceID": null, "FeatRel": "2019-08-21T00:00:00Z", "FSource": "GEOSCIENCE AUSTRALIA", "AttrRel": "2019-08-21T00:00:00Z", "AttrSource": "GEOSCIENCE AUSTRALIA", "PlanAcc": 15, "Symbol": null, "TextNote": null, "GeodesLen": 6293.7949261945932, "UpstrGeoLn": 56530656.621407144, "UpstrDArea": 53513841355.115776, "ConCatID": 239786, "StrOutlet": 0, "Shape_Length": 0.058943320144226506 }, "bbox": [ 124.0716668, -18.1091665, 124.123889, -18.1049998 ], "geometry": { "type": "LineString", "coordinates": [ [ 124.123889, -18.1066665 ], [ 124.1236112, -18.1063887 ], [ 124.1233334, -18.1063887 ], [ 124.1230556, -18.106111 ], [ 124.1227779, -18.1058332 ], [ 124.1225001, -18.1058332 ], [ 124.1222223, -18.1055554 ], [ 124.1219445, -18.1052776 ], [ 124.1216668, -18.1052776 ], [ 124.121389, -18.1049998 ], [ 124.1211112, -18.1049998 ], [ 124.1208334, -18.1049998 ], [ 124.1205556, -18.1052776 ], [ 124.1202779, -18.1052776 ], [ 124.1200001, -18.1055554 ], [ 124.1197223, -18.1058332 ], [ 124.1194445, -18.1058332 ], [ 124.1191668, -18.1058332 ], [ 124.118889, -18.106111 ], [ 124.1186112, -18.106111 ], [ 124.1183334, -18.106111 ], [ 124.1180556, -18.106111 ], [ 124.1177779, -18.106111 ], [ 124.1175001, -18.106111 ], [ 124.1172223, -18.106111 ], [ 124.1169445, -18.106111 ], [ 124.1166668, -18.1063887 ], [ 124.116389, -18.1063887 ], [ 124.1161112, -18.1063887 ], [ 124.1158334, -18.1063887 ], [ 124.1155556, -18.1063887 ], [ 124.1152779, -18.1063887 ], [ 124.1150001, -18.106111 ], [ 124.1147223, -18.106111 ], [ 124.1144445, -18.1058332 ], [ 124.1141668, -18.1058332 ], [ 124.113889, -18.1058332 ], [ 124.1136112, -18.1058332 ], [ 124.1133334, -18.1058332 ], [ 124.1130556, -18.1058332 ], [ 124.1127779, -18.1058332 ], [ 124.1125001, -18.1058332 ], [ 124.1122223, -18.106111 ], [ 124.1119445, -18.1063887 ], [ 124.1116668, -18.1063887 ], [ 124.111389, -18.1066665 ], [ 124.1111112, -18.1066665 ], [ 124.1108334, -18.1066665 ], [ 124.1105556, -18.1066665 ], [ 124.1102779, -18.1069443 ], [ 124.1100001, -18.1069443 ], [ 124.1097223, -18.1066665 ], [ 124.1094445, -18.1066665 ], [ 124.1091668, -18.1066665 ], [ 124.108889, -18.1069443 ], [ 124.1086112, -18.1069443 ], [ 124.1083334, -18.1069443 ], [ 124.1080556, -18.1069443 ], [ 124.1077779, -18.1069443 ], [ 124.1075001, -18.1069443 ], [ 124.1072223, -18.1072221 ], [ 124.1069445, -18.1072221 ], [ 124.1066668, -18.1072221 ], [ 124.106389, -18.1072221 ], [ 124.1061112, -18.1072221 ], [ 124.1058334, -18.1072221 ], [ 124.1055556, -18.1069443 ], [ 124.1052779, -18.1069443 ], [ 124.1050001, -18.1066665 ], [ 124.1047223, -18.1066665 ], [ 124.1044445, -18.1066665 ], [ 124.1041668, -18.1066665 ], [ 124.103889, -18.1066665 ], [ 124.1036112, -18.1066665 ], [ 124.1033334, -18.1066665 ], [ 124.1030556, -18.1066665 ], [ 124.1027779, -18.1066665 ], [ 124.1025001, -18.1066665 ], [ 124.1022223, -18.1066665 ], [ 124.1019445, -18.1069443 ], [ 124.1016668, -18.1069443 ], [ 124.101389, -18.1072221 ], [ 124.101389, -18.1074998 ], [ 124.1011112, -18.1077776 ], [ 124.1008334, -18.1080554 ], [ 124.1005556, -18.1080554 ], [ 124.1002779, -18.1077776 ], [ 124.1, -18.1074998 ], [ 124.0997223, -18.1072221 ], [ 124.0994445, -18.1072221 ], [ 124.0991668, -18.1069443 ], [ 124.098889, -18.1069443 ], [ 124.0986112, -18.1069443 ], [ 124.0983334, -18.1069443 ], [ 124.0980556, -18.1069443 ], [ 124.0977779, -18.1069443 ], [ 124.0975001, -18.1066665 ], [ 124.0972223, -18.1066665 ], [ 124.0969445, -18.1066665 ], [ 124.0966668, -18.1069443 ], [ 124.096389, -18.1069443 ], [ 124.0961112, -18.1069443 ], [ 124.0958334, -18.1072221 ], [ 124.0955556, -18.1072221 ], [ 124.0952779, -18.1072221 ], [ 124.0950001, -18.1072221 ], [ 124.0947223, -18.1072221 ], [ 124.0944445, -18.1072221 ], [ 124.0941668, -18.1072221 ], [ 124.093889, -18.1072221 ], [ 124.0936112, -18.1074998 ], [ 124.0933334, -18.1074998 ], [ 124.0930556, -18.1077776 ], [ 124.0927779, -18.1080554 ], [ 124.0925001, -18.1080554 ], [ 124.0922223, -18.1080554 ], [ 124.0919445, -18.1083332 ], [ 124.0916668, -18.1083332 ], [ 124.091389, -18.1083332 ], [ 124.0911112, -18.1083332 ], [ 124.0908334, -18.1083332 ], [ 124.0905556, -18.1083332 ], [ 124.0902779, -18.1080554 ], [ 124.0900001, -18.1080554 ], [ 124.0897223, -18.1080554 ], [ 124.0894445, -18.1077776 ], [ 124.0891668, -18.1077776 ], [ 124.088889, -18.1077776 ], [ 124.0886112, -18.1077776 ], [ 124.0883334, -18.1074998 ], [ 124.0880556, -18.1074998 ], [ 124.0877779, -18.1074998 ], [ 124.0875001, -18.1072221 ], [ 124.0872223, -18.1072221 ], [ 124.0869445, -18.1072221 ], [ 124.0866668, -18.1072221 ], [ 124.086389, -18.1074998 ], [ 124.0861112, -18.1074998 ], [ 124.0858334, -18.1077776 ], [ 124.0855556, -18.1077776 ], [ 124.0852779, -18.1080554 ], [ 124.0850001, -18.1080554 ], [ 124.0847223, -18.1083332 ], [ 124.0844445, -18.1083332 ], [ 124.0841668, -18.108611 ], [ 124.083889, -18.108611 ], [ 124.0836112, -18.1083332 ], [ 124.0833334, -18.1083332 ], [ 124.0830556, -18.1083332 ], [ 124.0827779, -18.1083332 ], [ 124.0825001, -18.1083332 ], [ 124.0822223, -18.1083332 ], [ 124.0819445, -18.1083332 ], [ 124.0816668, -18.1083332 ], [ 124.081389, -18.1083332 ], [ 124.0811112, -18.1083332 ], [ 124.0808334, -18.1083332 ], [ 124.0805556, -18.1083332 ], [ 124.0802779, -18.1083332 ], [ 124.0800001, -18.1083332 ], [ 124.0797223, -18.1080554 ], [ 124.0794445, -18.1080554 ], [ 124.0791668, -18.1077776 ], [ 124.078889, -18.1077776 ], [ 124.0786112, -18.1074998 ], [ 124.0783334, -18.1074998 ], [ 124.0780556, -18.1074998 ], [ 124.0777779, -18.1074998 ], [ 124.0775001, -18.1074998 ], [ 124.0772223, -18.1074998 ], [ 124.0769445, -18.1074998 ], [ 124.0766668, -18.1074998 ], [ 124.076389, -18.1074998 ], [ 124.0761112, -18.1074998 ], [ 124.0758334, -18.1074998 ], [ 124.0755556, -18.1074998 ], [ 124.0752779, -18.1077776 ], [ 124.0750001, -18.1080554 ], [ 124.0747223, -18.1080554 ], [ 124.0744445, -18.1083332 ], [ 124.0741668, -18.1083332 ], [ 124.073889, -18.108611 ], [ 124.0736112, -18.108611 ], [ 124.0733334, -18.1088887 ], [ 124.0730556, -18.1088887 ], [ 124.0727779, -18.1088887 ], [ 124.0725001, -18.1088887 ], [ 124.0722223, -18.1088887 ], [ 124.0719445, -18.1091665 ], [ 124.0716668, -18.1091665 ] ] } },
{ "type": "Feature", "properties": { "HydroID": 101915274, "AHGFFType": 1, "Name": "JARRAN CREEK", "Hierarchy": "Major", "Perennial": "Non Perennial", "AusHydroID": 1432994, "AusHydroEr": 1, "SegmentNo": 408910, "DrainID": 100645973, "From_Node": 101625378, "To_Node": 101625384, "NextDownID": 101915280, "Enabled": 1, "FlowDir": 1, "SrcFCName": "DEMDerivedStreamsVector", "SrcFType": "Watercourse", "SrcType": 1, "SourceID": null, "FeatRel": "2019-08-21T00:00:00Z", "FSource": "GEOSCIENCE AUSTRALIA", "AttrRel": "2019-08-21T00:00:00Z", "AttrSource": "GEOSCIENCE AUSTRALIA", "PlanAcc": 15, "Symbol": 6, "TextNote": null, "GeodesLen": 269.5492620383128, "UpstrGeoLn": 56519080.407958232, "UpstrDArea": 53508821066.328644, "ConCatID": 239786, "StrOutlet": 0, "Shape_Length": 0.0024523411227466776 }, "bbox": [ 124.1247223, -18.106111, 124.1252779, -18.1038887 ], "geometry": { "type": "LineString", "coordinates": [ [ 124.1247223, -18.1038887 ], [ 124.1250001, -18.1041665 ], [ 124.1250001, -18.1044443 ], [ 124.1250001, -18.1047221 ], [ 124.1252779, -18.1049998 ], [ 124.1252779, -18.1052776 ], [ 124.1252779, -18.1055554 ], [ 124.1252779, -18.1058332 ], [ 124.1252779, -18.106111 ] ] } },
{ "type": "Feature", "properties": { "HydroID": 101915275, "AHGFFType": 1, "Name": " ", "Hierarchy": "Minor", "Perennial": "Non Perennial", "AusHydroID": 1433596, "AusHydroEr": 1, "SegmentNo": 408785, "DrainID": 100645903, "From_Node": 101625378, "To_Node": 101625305, "NextDownID": 101915200, "Enabled": 1, "FlowDir": 1, "SrcFCName": "DEMDerivedStreamsVector", "SrcFType": "Watercourse", "SrcType": 1, "SourceID": null, "FeatRel": "2019-08-21T00:00:00Z", "FSource": "GEOSCIENCE AUSTRALIA", "AttrRel": "2019-08-21T00:00:00Z", "AttrSource": "GEOSCIENCE AUSTRALIA", "PlanAcc": 15, "Symbol": null, "TextNote": null, "GeodesLen": 2357.7798031873085, "UpstrGeoLn": 56521168.638499379, "UpstrDArea": 53509678012.699997, "ConCatID": 239786, "StrOutlet": 0, "Shape_Length": 0.021813033472203567 }, "bbox": [ 124.1133334, -18.1038887, 124.1247223, -18.0941665 ], "geometry": { "type": "LineString", "coordinates": [ [ 124.1247223, -18.1038887 ], [ 124.1244445, -18.1038887 ], [ 124.1241668, -18.1038887 ], [ 124.123889, -18.1038887 ], [ 124.1236112, -18.1038887 ], [ 124.1233334, -18.1038887 ], [ 124.1230556, -18.1038887 ], [ 124.1227779, -18.103611 ], [ 124.1227779, -18.1033332 ], [ 124.1227779, -18.1030554 ], [ 124.1227779, -18.1027776 ], [ 124.1227779, -18.1024998 ], [ 124.1230556, -18.1022221 ], [ 124.1230556, -18.1019443 ], [ 124.1230556, -18.1016665 ], [ 124.1230556, -18.1013887 ], [ 124.1230556, -18.101111 ], [ 124.1230556, -18.1008332 ], [ 124.1230556, -18.1005554 ], [ 124.1227779, -18.1002776 ], [ 124.1227779, -18.1 ], [ 124.1227779, -18.0997221 ], [ 124.1227779, -18.0994443 ], [ 124.1227779, -18.0991665 ], [ 124.1225001, -18.0988887 ], [ 124.1222223, -18.0988887 ], [ 124.1219445, -18.098611 ], [ 124.1216668, -18.098611 ], [ 124.121389, -18.098611 ], [ 124.1211112, -18.098611 ], [ 124.1208334, -18.0983332 ], [ 124.1205556, -18.0983332 ], [ 124.1202779, -18.098611 ], [ 124.1200001, -18.098611 ], [ 124.1197223, -18.0988887 ], [ 124.1194445, -18.0988887 ], [ 124.1191668, -18.098611 ], [ 124.118889, -18.0983332 ], [ 124.118889, -18.0980554 ], [ 124.1186112, -18.0977776 ], [ 124.1183334, -18.0977776 ], [ 124.1180556, -18.0977776 ], [ 124.1177779, -18.0977776 ], [ 124.1175001, -18.0974998 ], [ 124.1175001, -18.0972221 ], [ 124.1177779, -18.0969443 ], [ 124.1180556, -18.0966665 ], [ 124.1183334, -18.0963887 ], [ 124.1183334, -18.096111 ], [ 124.1180556, -18.0958332 ], [ 124.1177779, -18.0955554 ], [ 124.1175001, -18.0952776 ], [ 124.1175001, -18.0949998 ], [ 124.1175001, -18.0947221 ], [ 124.1175001, -18.0944443 ], [ 124.1172223, -18.0941665 ], [ 124.1169445, -18.0941665 ], [ 124.1166668, -18.0941665 ], [ 124.116389, -18.0944443 ], [ 124.1161112, -18.0944443 ], [ 124.1158334, -18.0944443 ], [ 124.1155556, -18.0944443 ], [ 124.1152779, -18.0947221 ], [ 124.1150001, -18.0947221 ], [ 124.1147223, -18.0947221 ], [ 124.1144445, -18.0947221 ], [ 124.1141668, -18.0944443 ], [ 124.113889, -18.0944443 ], [ 124.1136112, -18.0944443 ], [ 124.1133334, -18.0941665 ] ] } },
{ "type": "Feature", "properties": { "HydroID": 101915280, "AHGFFType": 1, "Name": "FITZROY RIVER", "Hierarchy": "Major", "Perennial": "Perennial", "AusHydroID": 1432854, "AusHydroEr": 1, "SegmentNo": 408895, "DrainID": 100645966, "From_Node": 101625384, "To_Node": 101625373, "NextDownID": 101915266, "Enabled": 1, "FlowDir": 1, "SrcFCName": "DEMDerivedStreamsVector", "SrcFType": "Watercourse", "SrcType": 1, "SourceID": null, "FeatRel": "2019-08-21T00:00:00Z", "FSource": "GEOSCIENCE AUSTRALIA", "AttrRel": "2019-08-21T00:00:00Z", "AttrSource": "GEOSCIENCE AUSTRALIA", "PlanAcc": 15, "Symbol": 2, "TextNote": null, "GeodesLen": 173.28058891951667, "UpstrGeoLn": 56524362.826480955, "UpstrDArea": 53510233880.026894, "ConCatID": 239786, "StrOutlet": 0, "Shape_Length": 0.0016190078298296074 }, "bbox": [ 124.123889, -18.1066665, 124.1252779, -18.106111 ], "geometry": { "type": "LineString", "coordinates": [ [ 124.1252779, -18.106111 ], [ 124.1250001, -18.1063887 ], [ 124.1247223, -18.1063887 ], [ 124.1244445, -18.1063887 ], [ 124.1241668, -18.1063887 ], [ 124.123889, -18.1066665 ] ] } },
{ "type": "Feature", "properties": { "HydroID": 101915281, "AHGFFType": 1, "Name": " ", "Hierarchy": "Minor", "Perennial": "Non Perennial", "AusHydroID": 1436839, "AusHydroEr": 1, "SegmentNo": 408886, "DrainID": 100645962, "From_Node": 101625386, "To_Node": 101625369, "NextDownID": 101915261, "Enabled": 1, "FlowDir": 1, "SrcFCName": "DEMDerivedStreamsVector", "SrcFType": "Watercourse", "SrcType": 1, "SourceID": null, "FeatRel": "2019-08-21T00:00:00Z", "FSource": "GEOSCIENCE AUSTRALIA", "AttrRel": "2019-08-21T00:00:00Z", "AttrSource": "GEOSCIENCE AUSTRALIA", "PlanAcc": 15, "Symbol": null, "TextNote": null, "GeodesLen": 1685.3031743632137, "UpstrGeoLn": 1685.3031743632137, "UpstrDArea": 2122228.2551772734, "ConCatID": 239786, "StrOutlet": 0, "Shape_Length": 0.015519460226850343 }, "bbox": [ 124.1219445, -18.0516665, 124.1272223, -18.0415806 ], "geometry": { "type": "LineString", "coordinates": [ [ 124.1260253, -18.0415806 ], [ 124.1261112, -18.0416665 ], [ 124.126389, -18.0419443 ], [ 124.1266668, -18.0422221 ], [ 124.1269445, -18.0424998 ], [ 124.1269445, -18.0427776 ], [ 124.1272223, -18.0430554 ], [ 124.1272223, -18.0433332 ], [ 124.1272223, -18.043611 ], [ 124.1272223, -18.0438887 ], [ 124.1269445, -18.0441665 ], [ 124.1266668, -18.0444443 ], [ 124.126389, -18.0447221 ], [ 124.1261112, -18.0447221 ], [ 124.1258334, -18.0449998 ], [ 124.1258334, -18.0452776 ], [ 124.1258334, -18.0455554 ], [ 124.1258334, -18.0458332 ], [ 124.1258334, -18.046111 ], [ 124.1258334, -18.0463887 ], [ 124.1258334, -18.0466665 ], [ 124.1255556, -18.0469443 ], [ 124.1252779, -18.0469443 ], [ 124.1250001, -18.0469443 ], [ 124.1247223, -18.0469443 ], [ 124.1244445, -18.0469443 ], [ 124.1241668, -18.0469443 ], [ 124.123889, -18.0469443 ], [ 124.1236112, -18.0469443 ], [ 124.1233334, -18.0472221 ], [ 124.1230556, -18.0472221 ], [ 124.1227779, -18.0472221 ], [ 124.1225001, -18.0474998 ], [ 124.1222223, -18.0477776 ], [ 124.1219445, -18.0480554 ], [ 124.1219445, -18.0483332 ], [ 124.1219445, -18.048611 ], [ 124.1219445, -18.0488887 ], [ 124.1222223, -18.0491665 ], [ 124.1225001, -18.0494443 ], [ 124.1227779, -18.0497221 ], [ 124.1230556, -18.0499998 ], [ 124.1233334, -18.0502776 ], [ 124.1233334, -18.0505554 ], [ 124.1233334, -18.0508332 ], [ 124.1233334, -18.051111 ], [ 124.1233334, -18.0513887 ], [ 124.1233334, -18.0516665 ] ] } },
{ "type": "Feature", "properties": { "HydroID": 101915294, "AHGFFType": 1, "Name": " ", "Hierarchy": "Minor", "Perennial": "Non Perennial", "AusHydroID": 10369129, "AusHydroEr": 1, "SegmentNo": 408978, "DrainID": 100646004, "From_Node": 101625398, "To_Node": 101625415, "NextDownID": 101915311, "Enabled": 1, "FlowDir": 1, "SrcFCName": "DEMDerivedStreamsVector", "SrcFType": "Watercourse", "SrcType": 1, "SourceID": null, "FeatRel": "2019-08-21T00:00:00Z", "FSource": "GEOSCIENCE AUSTRALIA", "AttrRel": "2019-08-21T00:00:00Z", "AttrSource": "GEOSCIENCE AUSTRALIA", "PlanAcc": 15, "Symbol": null, "TextNote": null, "GeodesLen": 2027.4555895246656, "UpstrGeoLn": 21847.395055899327, "UpstrDArea": 13276939.048092596, "ConCatID": 239786, "StrOutlet": 0, "Shape_Length": 0.018729559255466998 }, "bbox": [ 124.1247223, -18.0888887, 124.1325001, -18.0777776 ], "geometry": { "type": "LineString", "coordinates": [ [ 124.1272223, -18.0777776 ], [ 124.1272223, -18.0780554 ], [ 124.1272223, -18.0783332 ], [ 124.1272223, -18.078611 ], [ 124.1275001, -18.0788887 ], [ 124.1272223, -18.0791665 ], [ 124.1269445, -18.0794443 ], [ 124.1266668, -18.0794443 ], [ 124.126389, -18.0797221 ], [ 124.1261112, -18.0799998 ], [ 124.1258334, -18.0802776 ], [ 124.1255556, -18.0805554 ], [ 124.1252779, -18.0808332 ], [ 124.1252779, -18.081111 ], [ 124.1250001, -18.0813887 ], [ 124.1247223, -18.0816665 ], [ 124.1247223, -18.0819443 ], [ 124.1247223, -18.0822221 ], [ 124.1247223, -18.0824998 ], [ 124.1250001, -18.0827776 ], [ 124.1252779, -18.0830554 ], [ 124.1255556, -18.0833332 ], [ 124.1258334, -18.083611 ], [ 124.1261112, -18.0838887 ], [ 124.126389, -18.0841665 ], [ 124.1266668, -18.0844443 ], [ 124.1266668, -18.0847221 ], [ 124.1269445, -18.0849998 ], [ 124.1272223, -18.0852776 ], [ 124.1275001, -18.0855554 ], [ 124.1277779, -18.0855554 ], [ 124.1280556, -18.0855554 ], [ 124.1283334, -18.0858332 ], [ 124.1286112, -18.086111 ], [ 124.1286112, -18.0863887 ], [ 124.128889, -18.0866665 ], [ 124.1291668, -18.0869443 ], [ 124.1294445, -18.0869443 ], [ 124.1297223, -18.0869443 ], [ 124.1300001, -18.0869443 ], [ 124.1302779, -18.0869443 ], [ 124.1305556, -18.0869443 ], [ 124.1308334, -18.0869443 ], [ 124.1311112, -18.0866665 ], [ 124.131389, -18.0866665 ], [ 124.1316668, -18.0866665 ], [ 124.1319445, -18.0866665 ], [ 124.1322223, -18.0866665 ], [ 124.1325001, -18.0869443 ], [ 124.1325001, -18.0872221 ], [ 124.1325001, -18.0874998 ], [ 124.1322223, -18.0877776 ], [ 124.1322223, -18.0880554 ], [ 124.1319445, -18.0883332 ], [ 124.1316668, -18.088611 ], [ 124.131389, -18.0888887 ] ] } },
{ "type": "Feature", "properties": { "HydroID": 101915306, "AHGFFType": 1, "Name": "JARRAN CREEK", "Hierarchy": "Major", "Perennial": "Non Perennial", "AusHydroID": 1433822, "AusHydroEr": 1, "SegmentNo": 408903, "DrainID": 100645968, "From_Node": 101625411, "To_Node": 101625378, "NextDownID": 101915274, "Enabled": 1, "FlowDir": 1, "SrcFCName": "DEMDerivedStreamsVector", "SrcFType": "Watercourse", "SrcType": 1, "SourceID": null, "FeatRel": "2019-08-21T00:00:00Z", "FSource": "GEOSCIENCE AUSTRALIA", "AttrRel": "2019-08-21T00:00:00Z", "AttrSource": "GEOSCIENCE AUSTRALIA", "PlanAcc": 15, "Symbol": 6, "TextNote": null, "GeodesLen": 2282.0143214359341, "UpstrGeoLn": 56518810.8586962, "UpstrDArea": 53508767735.120079, "ConCatID": 239786, "StrOutlet": 0, "Shape_Length": 0.021019180257546653 }, "bbox": [ 124.1247223, -18.1038887, 124.1322223, -18.0905554 ], "geometry": { "type": "LineString", "coordinates": [ [ 124.1300001, -18.0905554 ], [ 124.1300001, -18.0908332 ], [ 124.1300001, -18.091111 ], [ 124.1300001, -18.0913887 ], [ 124.1300001, -18.0916665 ], [ 124.1300001, -18.0919443 ], [ 124.1302779, -18.0922221 ], [ 124.1305556, -18.0924998 ], [ 124.1308334, -18.0927776 ], [ 124.1311112, -18.0930554 ], [ 124.1311112, -18.0933332 ], [ 124.1311112, -18.093611 ], [ 124.1311112, -18.0938887 ], [ 124.131389, -18.0941665 ], [ 124.1316668, -18.0944443 ], [ 124.1319445, -18.0947221 ], [ 124.1322223, -18.0949998 ], [ 124.1322223, -18.0952776 ], [ 124.1319445, -18.0955554 ], [ 124.1316668, -18.0958332 ], [ 124.131389, -18.0958332 ], [ 124.1311112, -18.0955554 ], [ 124.1308334, -18.0955554 ], [ 124.1305556, -18.0958332 ], [ 124.1305556, -18.096111 ], [ 124.1305556, -18.0963887 ], [ 124.1308334, -18.0966665 ], [ 124.1308334, -18.0969443 ], [ 124.1305556, -18.0972221 ], [ 124.1302779, -18.0972221 ], [ 124.1300001, -18.0974998 ], [ 124.1297223, -18.0974998 ], [ 124.1294445, -18.0974998 ], [ 124.1291668, -18.0977776 ], [ 124.128889, -18.0977776 ], [ 124.1286112, -18.0977776 ], [ 124.1283334, -18.0977776 ], [ 124.1280556, -18.0974998 ], [ 124.1277779, -18.0974998 ], [ 124.1275001, -18.0977776 ], [ 124.1275001, -18.0980554 ], [ 124.1275001, -18.0983332 ], [ 124.1277779, -18.098611 ], [ 124.1280556, -18.0988887 ], [ 124.1277779, -18.0991665 ], [ 124.1275001, -18.0994443 ], [ 124.1272223, -18.0994443 ], [ 124.1269445, -18.0997221 ], [ 124.1266668, -18.1 ], [ 124.1266668, -18.1002776 ], [ 124.1266668, -18.1005554 ], [ 124.1269445, -18.1008332 ], [ 124.1269445, -18.101111 ], [ 124.1266668, -18.1013887 ], [ 124.126389, -18.1016665 ], [ 124.1261112, -18.1019443 ], [ 124.1258334, -18.1022221 ], [ 124.1255556, -18.1024998 ], [ 124.1252779, -18.1027776 ], [ 124.1250001, -18.1030554 ], [ 124.1247223, -18.1033332 ], [ 124.1247223, -18.103611 ], [ 124.1247223, -18.1038887 ] ] } },
{ "type": "Feature", "properties": { "HydroID": 101915307, "AHGFFType": 1, "Name": " ", "Hierarchy": "Major", "Perennial": "Non Perennial", "AusHydroID": 1433821, "AusHydroEr": 1, "SegmentNo": 408771, "DrainID": 100645891, "From_Node": 101625411, "To_Node": 101625296, "NextDownID": 101915189, "Enabled": 1, "FlowDir": 1, "SrcFCName": "DEMDerivedStreamsVector", "SrcFType": "Watercourse", "SrcType": 1, "SourceID": null, "FeatRel": "2019-08-21T00:00:00Z", "FSource": "GEOSCIENCE AUSTRALIA", "AttrRel": "2019-08-21T00:00:00Z", "AttrSource": "GEOSCIENCE AUSTRALIA", "PlanAcc": 15, "Symbol": null, "TextNote": null, "GeodesLen": 2226.5014831175122, "UpstrGeoLn": 56518755.345857881, "UpstrDArea": 53508477602.998512, "ConCatID": 239786, "StrOutlet": 0, "Shape_Length": 0.020816981594451167 }, "bbox": [ 124.1119445, -18.093611, 124.1300001, -18.0905554 ], "geometry": { "type": "LineString", "coordinates": [ [ 124.1300001, -18.0905554 ], [ 124.1297223, -18.0908332 ], [ 124.1294445, -18.0908332 ], [ 124.1291668, -18.0908332 ], [ 124.128889, -18.091111 ], [ 124.1286112, -18.0913887 ], [ 124.1283334, -18.0916665 ], [ 124.1280556, -18.0919443 ], [ 124.1277779, -18.0922221 ], [ 124.1275001, -18.0922221 ], [ 124.1272223, -18.0924998 ], [ 124.1269445, -18.0927776 ], [ 124.1266668, -18.0930554 ], [ 124.126389, -18.0930554 ], [ 124.1261112, -18.0930554 ], [ 124.1258334, -18.0930554 ], [ 124.1255556, -18.0930554 ], [ 124.1252779, -18.0930554 ], [ 124.1250001, -18.0930554 ], [ 124.1247223, -18.0933332 ], [ 124.1244445, -18.0933332 ], [ 124.1241668, -18.0933332 ], [ 124.123889, -18.0930554 ], [ 124.1236112, -18.0930554 ], [ 124.1233334, -18.0930554 ], [ 124.1230556, -18.0933332 ], [ 124.1227779, -18.0933332 ], [ 124.1225001, -18.093611 ], [ 124.1222223, -18.093611 ], [ 124.1219445, -18.0933332 ], [ 124.1216668, -18.0933332 ], [ 124.121389, -18.0930554 ], [ 124.1211112, -18.0930554 ], [ 124.1208334, -18.0927776 ], [ 124.1205556, -18.0927776 ], [ 124.1202779, -18.0927776 ], [ 124.1200001, -18.0927776 ], [ 124.1197223, -18.0924998 ], [ 124.1194445, -18.0924998 ], [ 124.1191668, -18.0924998 ], [ 124.118889, -18.0924998 ], [ 124.1186112, -18.0924998 ], [ 124.1183334, -18.0924998 ], [ 124.1180556, -18.0922221 ], [ 124.1177779, -18.0922221 ], [ 124.1175001, -18.0922221 ], [ 124.1172223, -18.0922221 ], [ 124.1169445, -18.0922221 ], [ 124.1166668, -18.0922221 ], [ 124.116389, -18.0922221 ], [ 124.1161112, -18.0922221 ], [ 124.1158334, -18.0922221 ], [ 124.1155556, -18.0922221 ], [ 124.1152779, -18.0922221 ], [ 124.1150001, -18.0922221 ], [ 124.1147223, -18.0922221 ], [ 124.1144445, -18.0919443 ], [ 124.1141668, -18.0916665 ], [ 124.113889, -18.0916665 ], [ 124.1136112, -18.0916665 ], [ 124.1133334, -18.0916665 ], [ 124.1130556, -18.0919443 ], [ 124.1127779, -18.0922221 ], [ 124.1125001, -18.0924998 ], [ 124.1122223, -18.0927776 ], [ 124.1119445, -18.0927776 ] ] } },
{ "type": "Feature", "properties": { "HydroID": 101915311, "AHGFFType": 1, "Name": "JARRAN CREEK", "Hierarchy": "Major", "Perennial": "Non Perennial", "AusHydroID": 1433940, "AusHydroEr": 1, "SegmentNo": 408966, "DrainID": 100646000, "From_Node": 101625415, "To_Node": 101625411, "NextDownID": 101915307, "Enabled": 1, "FlowDir": 1, "SrcFCName": "DEMDerivedStreamsVector", "SrcFType": "Watercourse", "SrcType": 1, "SourceID": null, "FeatRel": "2019-08-21T00:00:00Z", "FSource": "GEOSCIENCE AUSTRALIA", "AttrRel": "2019-08-21T00:00:00Z", "AttrSource": "GEOSCIENCE AUSTRALIA", "PlanAcc": 15, "Symbol": 6, "TextNote": null, "GeodesLen": 261.05913283672135, "UpstrGeoLn": 56516528.844374761, "UpstrDArea": 53507292481.684967, "ConCatID": 239786, "StrOutlet": 0, "Shape_Length": 0.0024046815383153008 }, "bbox": [ 124.1300001, -18.0905554, 124.131389, -18.0888887 ], "geometry": { "type": "LineString", "coordinates": [ [ 124.131389, -18.0888887 ], [ 124.1311112, -18.0891665 ], [ 124.1308334, -18.0894443 ], [ 124.1308334, -18.0897221 ], [ 124.1308334, -18.0899998 ], [ 124.1305556, -18.0902776 ], [ 124.1302779, -18.0905554 ], [ 124.1300001, -18.0905554 ] ] } },
{ "type": "Feature", "properties": { "HydroID": 101915383, "AHGFFType": 1, "Name": " ", "Hierarchy": "Minor", "Perennial": "Non Perennial", "AusHydroID": 1437089, "AusHydroEr": 1, "SegmentNo": 409460, "DrainID": 100646191, "From_Node": 101625486, "To_Node": 101625600, "NextDownID": 101915499, "Enabled": 1, "FlowDir": 1, "SrcFCName": "DEMDerivedStreamsVector", "SrcFType": "Watercourse", "SrcType": 1, "SourceID": null, "FeatRel": "2019-08-21T00:00:00Z", "FSource": "GEOSCIENCE AUSTRALIA", "AttrRel": "2019-08-21T00:00:00Z", "AttrSource": "GEOSCIENCE AUSTRALIA", "PlanAcc": 15, "Symbol": null, "TextNote": null, "GeodesLen": 4415.7372333681869, "UpstrGeoLn": 12250.71197380376, "UpstrDArea": 15043175.156392865, "ConCatID": 239771, "StrOutlet": 0, "Shape_Length": 0.040744789926624392 }, "bbox": [ 124.1462662, -18.063611, 124.1686112, -18.041266 ], "geometry": { "type": "LineString", "coordinates": [ [ 124.1462662, -18.041266 ], [ 124.146389, -18.0413887 ], [ 124.146389, -18.0416665 ], [ 124.146389, -18.0419443 ], [ 124.146389, -18.0422221 ], [ 124.146389, -18.0424998 ], [ 124.146389, -18.0427776 ], [ 124.146389, -18.0430554 ], [ 124.1466668, -18.0433332 ], [ 124.1469445, -18.0433332 ], [ 124.1472223, -18.043611 ], [ 124.1475001, -18.0438887 ], [ 124.1475001, -18.0441665 ], [ 124.1475001, -18.0444443 ], [ 124.1475001, -18.0447221 ], [ 124.1475001, -18.0449998 ], [ 124.1475001, -18.0452776 ], [ 124.1475001, -18.0455554 ], [ 124.1477779, -18.0458332 ], [ 124.1480556, -18.046111 ], [ 124.1483334, -18.046111 ], [ 124.1486112, -18.046111 ], [ 124.148889, -18.0463887 ], [ 124.1491668, -18.0463887 ], [ 124.1494445, -18.0463887 ], [ 124.1497223, -18.0466665 ], [ 124.1500001, -18.0469443 ], [ 124.1502779, -18.0469443 ], [ 124.1505556, -18.0472221 ], [ 124.1508334, -18.0472221 ], [ 124.1511112, -18.0472221 ], [ 124.151389, -18.0472221 ], [ 124.1516668, -18.0469443 ], [ 124.1519445, -18.0469443 ], [ 124.1522223, -18.0469443 ], [ 124.1525001, -18.0469443 ], [ 124.1527779, -18.0469443 ], [ 124.1530556, -18.0469443 ], [ 124.1533334, -18.0472221 ], [ 124.1536112, -18.0474998 ], [ 124.153889, -18.0474998 ], [ 124.1541668, -18.0477776 ], [ 124.1544445, -18.0480554 ], [ 124.1547223, -18.0483332 ], [ 124.1550001, -18.048611 ], [ 124.1552779, -18.0488887 ], [ 124.1555556, -18.0491665 ], [ 124.1555556, -18.0494443 ], [ 124.1555556, -18.0497221 ], [ 124.1555556, -18.0499998 ], [ 124.1558334, -18.0502776 ], [ 124.1558334, -18.0505554 ], [ 124.1561112, -18.0508332 ], [ 124.1561112, -18.051111 ], [ 124.156389, -18.0513887 ], [ 124.156389, -18.0516665 ], [ 124.156389, -18.0519443 ], [ 124.1566668, -18.0522221 ], [ 124.1569445, -18.0524998 ], [ 124.1572223, -18.0527776 ], [ 124.1575001, -18.0530554 ], [ 124.1577779, -18.0533332 ], [ 124.1577779, -18.053611 ], [ 124.1580556, -18.0538887 ], [ 124.1583334, -18.0538887 ], [ 124.1586112, -18.0541665 ], [ 124.158889, -18.0541665 ], [ 124.1591668, -18.0544443 ], [ 124.1594445, -18.0544443 ], [ 124.1597223, -18.0547221 ], [ 124.1600001, -18.0547221 ], [ 124.1602779, -18.0549998 ], [ 124.1605556, -18.0552776 ], [ 124.1608334, -18.0552776 ], [ 124.1611112, -18.0555554 ], [ 124.1611112, -18.0558332 ], [ 124.161389, -18.056111 ], [ 124.1616668, -18.0563887 ], [ 124.1619445, -18.0566665 ], [ 124.1622223, -18.0569443 ], [ 124.1622223, -18.0572221 ], [ 124.1625001, -18.0574998 ], [ 124.1627779, -18.0577776 ], [ 124.1630556, -18.0580554 ], [ 124.1633334, -18.0583332 ], [ 124.1636112, -18.058611 ], [ 124.1636112, -18.0588887 ], [ 124.1636112, -18.0591665 ], [ 124.163889, -18.0594443 ], [ 124.1641668, -18.0597221 ], [ 124.1644445, -18.0597221 ], [ 124.1647223, -18.0597221 ], [ 124.1650001, -18.0597221 ], [ 124.1652779, -18.0597221 ], [ 124.1655556, -18.0599998 ], [ 124.1658334, -18.0602776 ], [ 124.1661112, -18.0602776 ], [ 124.166389, -18.0605554 ], [ 124.1666668, -18.0608332 ], [ 124.1669445, -18.0608332 ], [ 124.1672223, -18.061111 ], [ 124.1675001, -18.0613887 ], [ 124.1677779, -18.0616665 ], [ 124.1680556, -18.0619443 ], [ 124.1680556, -18.0622221 ], [ 124.1683334, -18.0624998 ], [ 124.1683334, -18.0627776 ], [ 124.1683334, -18.0630554 ], [ 124.1683334, -18.0633332 ], [ 124.1686112, -18.063611 ] ] } },
{ "type": "Feature", "properties": { "HydroID": 101915387, "AHGFFType": 1, "Name": " ", "Hierarchy": "Minor", "Perennial": "Non Perennial", "AusHydroID": 1432534, "AusHydroEr": 1, "SegmentNo": 408889, "DrainID": 100645964, "From_Node": 101625491, "To_Node": 101625371, "NextDownID": 101915262, "Enabled": 1, "FlowDir": 1, "SrcFCName": "DEMDerivedStreamsVector", "SrcFType": "Watercourse", "SrcType": 1, "SourceID": null, "FeatRel": "2019-08-21T00:00:00Z", "FSource": "GEOSCIENCE AUSTRALIA", "AttrRel": "2019-08-21T00:00:00Z", "AttrSource": "GEOSCIENCE AUSTRALIA", "PlanAcc": 15, "Symbol": null, "TextNote": null, "GeodesLen": 2737.0338037916927, "UpstrGeoLn": 2737.0338037916927, "UpstrDArea": 1488693.5630841826, "ConCatID": 239771, "StrOutlet": 0, "Shape_Length": 0.025558942547746277 }, "bbox": [ 124.1236112, -18.1152776, 124.1450001, -18.1116665 ], "geometry": { "type": "LineString", "coordinates": [ [ 124.1450001, -18.1141665 ], [ 124.1447223, -18.1141665 ], [ 124.1444445, -18.1138887 ], [ 124.1441668, -18.1138887 ], [ 124.143889, -18.113611 ], [ 124.1436112, -18.113611 ], [ 124.1433334, -18.1133332 ], [ 124.1430556, -18.1130554 ], [ 124.1427779, -18.1127776 ], [ 124.1425001, -18.1124998 ], [ 124.1422223, -18.1122221 ], [ 124.1419445, -18.1119443 ], [ 124.1416668, -18.1119443 ], [ 124.141389, -18.1119443 ], [ 124.1411112, -18.1119443 ], [ 124.1408334, -18.1119443 ], [ 124.1405556, -18.1119443 ], [ 124.1402779, -18.1119443 ], [ 124.1400001, -18.1116665 ], [ 124.1397223, -18.1116665 ], [ 124.1394445, -18.1116665 ], [ 124.1391668, -18.1116665 ], [ 124.138889, -18.1116665 ], [ 124.1386112, -18.1116665 ], [ 124.1383334, -18.1116665 ], [ 124.1380556, -18.1116665 ], [ 124.1377779, -18.1119443 ], [ 124.1375001, -18.1119443 ], [ 124.1372223, -18.1119443 ], [ 124.1369445, -18.1122221 ], [ 124.1366668, -18.1122221 ], [ 124.136389, -18.1122221 ], [ 124.1361112, -18.1122221 ], [ 124.1358334, -18.1122221 ], [ 124.1355556, -18.1122221 ], [ 124.1352779, -18.1122221 ], [ 124.1350001, -18.1122221 ], [ 124.1347223, -18.1122221 ], [ 124.1344445, -18.1122221 ], [ 124.1341668, -18.1122221 ], [ 124.133889, -18.1122221 ], [ 124.1336112, -18.1122221 ], [ 124.1333334, -18.1119443 ], [ 124.1330556, -18.1119443 ], [ 124.1327779, -18.1119443 ], [ 124.1325001, -18.1119443 ], [ 124.1322223, -18.1122221 ], [ 124.1319445, -18.1122221 ], [ 124.1316668, -18.1124998 ], [ 124.131389, -18.1127776 ], [ 124.1311112, -18.1127776 ], [ 124.1308334, -18.1127776 ], [ 124.1305556, -18.1127776 ], [ 124.1302779, -18.1127776 ], [ 124.1300001, -18.1127776 ], [ 124.1297223, -18.1124998 ], [ 124.1294445, -18.1122221 ], [ 124.1291668, -18.1119443 ], [ 124.128889, -18.1116665 ], [ 124.1286112, -18.1116665 ], [ 124.1283334, -18.1119443 ], [ 124.1280556, -18.1119443 ], [ 124.1277779, -18.1119443 ], [ 124.1275001, -18.1122221 ], [ 124.1272223, -18.1124998 ], [ 124.1269445, -18.1127776 ], [ 124.1266668, -18.1130554 ], [ 124.126389, -18.1133332 ], [ 124.126389, -18.113611 ], [ 124.1261112, -18.1138887 ], [ 124.1261112, -18.1141665 ], [ 124.1261112, -18.1144443 ], [ 124.1258334, -18.1147221 ], [ 124.1255556, -18.1147221 ], [ 124.1252779, -18.1149998 ], [ 124.1250001, -18.1149998 ], [ 124.1247223, -18.1152776 ], [ 124.1244445, -18.1152776 ], [ 124.1241668, -18.1152776 ], [ 124.123889, -18.1152776 ], [ 124.1236112, -18.1152776 ] ] } },
{ "type": "Feature", "properties": { "HydroID": 101915392, "AHGFFType": 1, "Name": "JARRAN CREEK", "Hierarchy": "Major", "Perennial": "Non Perennial", "AusHydroID": 1434261, "AusHydroEr": 1, "SegmentNo": 408979, "DrainID": 100646005, "From_Node": 101625495, "To_Node": 101625415, "NextDownID": 101915311, "Enabled": 1, "FlowDir": 1, "SrcFCName": "DEMDerivedStreamsVector", "SrcFType": "Watercourse", "SrcType": 1, "SourceID": null, "FeatRel": "2019-08-21T00:00:00Z", "FSource": "GEOSCIENCE AUSTRALIA", "AttrRel": "2019-08-21T00:00:00Z", "AttrSource": "GEOSCIENCE AUSTRALIA", "PlanAcc": 15, "Symbol": 6, "TextNote": null, "GeodesLen": 1933.8653637311588, "UpstrGeoLn": 56494420.390186027, "UpstrDArea": 53493933279.120193, "ConCatID": 239786, "StrOutlet": 0, "Shape_Length": 0.018039201180197376 }, "bbox": [ 124.131389, -18.0888887, 124.146389, -18.0838887 ], "geometry": { "type": "LineString", "coordinates": [ [ 124.146389, -18.0858332 ], [ 124.1461112, -18.0858332 ], [ 124.1458334, -18.0858332 ], [ 124.1455556, -18.0858332 ], [ 124.1452779, -18.0858332 ], [ 124.1450001, -18.0855554 ], [ 124.1447223, -18.0852776 ], [ 124.1444445, -18.0852776 ], [ 124.1441668, -18.0852776 ], [ 124.143889, -18.0852776 ], [ 124.1436112, -18.0852776 ], [ 124.1433334, -18.0852776 ], [ 124.1430556, -18.0852776 ], [ 124.1427779, -18.0852776 ], [ 124.1425001, -18.0849998 ], [ 124.1422223, -18.0849998 ], [ 124.1419445, -18.0847221 ], [ 124.1416668, -18.0847221 ], [ 124.141389, -18.0844443 ], [ 124.1411112, -18.0844443 ], [ 124.1408334, -18.0841665 ], [ 124.1405556, -18.0841665 ], [ 124.1402779, -18.0838887 ], [ 124.1400001, -18.0838887 ], [ 124.1397223, -18.0838887 ], [ 124.1394445, -18.0838887 ], [ 124.1391668, -18.0841665 ], [ 124.138889, -18.0844443 ], [ 124.1386112, -18.0847221 ], [ 124.1386112, -18.0849998 ], [ 124.1383334, -18.0852776 ], [ 124.1380556, -18.0855554 ], [ 124.1377779, -18.0858332 ], [ 124.1375001, -18.086111 ], [ 124.1372223, -18.0863887 ], [ 124.1369445, -18.0866665 ], [ 124.1366668, -18.0869443 ], [ 124.136389, -18.0872221 ], [ 124.1361112, -18.0874998 ], [ 124.1358334, -18.0874998 ], [ 124.1355556, -18.0877776 ], [ 124.1352779, -18.0877776 ], [ 124.1350001, -18.0877776 ], [ 124.1347223, -18.0877776 ], [ 124.1344445, -18.0877776 ], [ 124.1341668, -18.0877776 ], [ 124.133889, -18.0877776 ], [ 124.1336112, -18.0877776 ], [ 124.1333334, -18.0880554 ], [ 124.1330556, -18.0883332 ], [ 124.1327779, -18.0883332 ], [ 124.1325001, -18.088611 ], [ 124.1322223, -18.088611 ], [ 124.1319445, -18.088611 ], [ 124.1316668, -18.0888887 ], [ 124.131389, -18.0888887 ] ] } },
{ "type": "Feature", "properties": { "HydroID": 101915405, "AHGFFType": 1, "Name": " ", "Hierarchy": "Minor", "Perennial": "Non Perennial", "AusHydroID": 10369114, "AusHydroEr": 1, "SegmentNo": 408702, "DrainID": 100645851, "From_Node": 101625507, "To_Node": 101625258, "NextDownID": 101915152, "Enabled": 1, "FlowDir": 1, "SrcFCName": "DEMDerivedStreamsVector", "SrcFType": "Watercourse", "SrcType": 1, "SourceID": null, "FeatRel": "2019-08-21T00:00:00Z", "FSource": "GEOSCIENCE AUSTRALIA", "AttrRel": "2019-08-21T00:00:00Z", "AttrSource": "GEOSCIENCE AUSTRALIA", "PlanAcc": 15, "Symbol": null, "TextNote": null, "GeodesLen": 5316.8165079354485, "UpstrGeoLn": 55846271.06884826, "UpstrDArea": 52573314716.999008, "ConCatID": 239771, "StrOutlet": 0, "Shape_Length": 0.049661596264785314 }, "bbox": [ 124.1066668, -18.1277776, 124.1483334, -18.1163887 ], "geometry": { "type": "LineString", "coordinates": [ [ 124.1483334, -18.1163887 ], [ 124.1480556, -18.1163887 ], [ 124.1477779, -18.1163887 ], [ 124.1475001, -18.1163887 ], [ 124.1472223, -18.1163887 ], [ 124.1469445, -18.1163887 ], [ 124.1466668, -18.1163887 ], [ 124.146389, -18.1163887 ], [ 124.1461112, -18.1166665 ], [ 124.1458334, -18.1169443 ], [ 124.1455556, -18.1172221 ], [ 124.1452779, -18.1174998 ], [ 124.1450001, -18.1174998 ], [ 124.1447223, -18.1177776 ], [ 124.1444445, -18.1177776 ], [ 124.1441668, -18.1177776 ], [ 124.143889, -18.1177776 ], [ 124.1436112, -18.1177776 ], [ 124.1433334, -18.1177776 ], [ 124.1430556, -18.1177776 ], [ 124.1427779, -18.1177776 ], [ 124.1425001, -18.1180554 ], [ 124.1422223, -18.1180554 ], [ 124.1419445, -18.1180554 ], [ 124.1416668, -18.1183332 ], [ 124.141389, -18.1183332 ], [ 124.1411112, -18.118611 ], [ 124.1408334, -18.118611 ], [ 124.1405556, -18.1188887 ], [ 124.1402779, -18.1188887 ], [ 124.1400001, -18.1188887 ], [ 124.1397223, -18.1188887 ], [ 124.1394445, -18.1191665 ], [ 124.1391668, -18.1191665 ], [ 124.138889, -18.1194443 ], [ 124.1386112, -18.1197221 ], [ 124.1383334, -18.1197221 ], [ 124.1380556, -18.1199998 ], [ 124.1377779, -18.1202776 ], [ 124.1375001, -18.1205554 ], [ 124.1375001, -18.1208332 ], [ 124.1372223, -18.121111 ], [ 124.1369445, -18.1213887 ], [ 124.1369445, -18.1216665 ], [ 124.1366668, -18.1219443 ], [ 124.136389, -18.1219443 ], [ 124.1361112, -18.1222221 ], [ 124.1358334, -18.1222221 ], [ 124.1355556, -18.1222221 ], [ 124.1352779, -18.1224998 ], [ 124.1350001, -18.1224998 ], [ 124.1347223, -18.1224998 ], [ 124.1344445, -18.1227776 ], [ 124.1341668, -18.1227776 ], [ 124.133889, -18.1230554 ], [ 124.1336112, -18.1230554 ], [ 124.1333334, -18.1233332 ], [ 124.1330556, -18.1233332 ], [ 124.1327779, -18.123611 ], [ 124.1325001, -18.123611 ], [ 124.1322223, -18.1238887 ], [ 124.1319445, -18.1241665 ], [ 124.1316668, -18.1244443 ], [ 124.131389, -18.1247221 ], [ 124.1311112, -18.1249998 ], [ 124.1308334, -18.1249998 ], [ 124.1305556, -18.1252776 ], [ 124.1302779, -18.1252776 ], [ 124.1300001, -18.1252776 ], [ 124.1297223, -18.1255554 ], [ 124.1294445, -18.1255554 ], [ 124.1291668, -18.1255554 ], [ 124.128889, -18.1255554 ], [ 124.1286112, -18.1255554 ], [ 124.1283334, -18.1255554 ], [ 124.1280556, -18.1255554 ], [ 124.1277779, -18.1255554 ], [ 124.1275001, -18.1255554 ], [ 124.1272223, -18.1255554 ], [ 124.1269445, -18.1255554 ], [ 124.1266668, -18.1255554 ], [ 124.126389, -18.1252776 ], [ 124.1261112, -18.1252776 ], [ 124.1258334, -18.1249998 ], [ 124.1255556, -18.1249998 ], [ 124.1252779, -18.1247221 ], [ 124.1250001, -18.1247221 ], [ 124.1247223, -18.1244443 ], [ 124.1244445, -18.1241665 ], [ 124.1241668, -18.1241665 ], [ 124.123889, -18.1238887 ], [ 124.1236112, -18.123611 ], [ 124.1233334, -18.123611 ], [ 124.1230556, -18.123611 ], [ 124.1227779, -18.123611 ], [ 124.1225001, -18.123611 ], [ 124.1222223, -18.123611 ], [ 124.1219445, -18.123611 ], [ 124.1216668, -18.123611 ], [ 124.121389, -18.123611 ], [ 124.1211112, -18.1238887 ], [ 124.1208334, -18.1238887 ], [ 124.1205556, -18.1238887 ], [ 124.1202779, -18.1241665 ], [ 124.1200001, -18.1244443 ], [ 124.1197223, -18.1247221 ], [ 124.1197223, -18.1249998 ], [ 124.1197223, -18.1252776 ], [ 124.1197223, -18.1255554 ], [ 124.1197223, -18.1258332 ], [ 124.1194445, -18.126111 ], [ 124.1191668, -18.126111 ], [ 124.118889, -18.126111 ], [ 124.1186112, -18.126111 ], [ 124.1183334, -18.126111 ], [ 124.1180556, -18.126111 ], [ 124.1177779, -18.126111 ], [ 124.1175001, -18.1258332 ], [ 124.1172223, -18.1258332 ], [ 124.1169445, -18.1258332 ], [ 124.1166668, -18.1255554 ], [ 124.116389, -18.1255554 ], [ 124.1161112, -18.1255554 ], [ 124.1158334, -18.1255554 ], [ 124.1155556, -18.1255554 ], [ 124.1152779, -18.1258332 ], [ 124.1150001, -18.1258332 ], [ 124.1147223, -18.1258332 ], [ 124.1144445, -18.126111 ], [ 124.1141668, -18.126111 ], [ 124.113889, -18.126111 ], [ 124.1136112, -18.126111 ], [ 124.1133334, -18.126111 ], [ 124.1130556, -18.126111 ], [ 124.1127779, -18.126111 ], [ 124.1125001, -18.1263887 ], [ 124.1122223, -18.1266665 ], [ 124.1119445, -18.1266665 ], [ 124.1116668, -18.1266665 ], [ 124.111389, -18.1269443 ], [ 124.1111112, -18.1269443 ], [ 124.1108334, -18.1269443 ], [ 124.1105556, -18.1272221 ], [ 124.1102779, -18.1272221 ], [ 124.1100001, -18.1272221 ], [ 124.1097223, -18.1274998 ], [ 124.1094445, -18.1274998 ], [ 124.1091668, -18.1274998 ], [ 124.108889, -18.1277776 ], [ 124.1086112, -18.1277776 ], [ 124.1083334, -18.1277776 ], [ 124.1080556, -18.1277776 ], [ 124.1077779, -18.1277776 ], [ 124.1075001, -18.1277776 ], [ 124.1072223, -18.1274998 ], [ 124.1069445, -18.1274998 ], [ 124.1066668, -18.1272221 ] ] } },
{ "type": "Feature", "properties": { "HydroID": 101915407, "AHGFFType": 1, "Name": "JARRAN CREEK", "Hierarchy": "Major", "Perennial": "Non Perennial", "AusHydroID": 1434317, "AusHydroEr": 1, "SegmentNo": 409187, "DrainID": 100646084, "From_Node": 101625510, "To_Node": 101625495, "NextDownID": 101915392, "Enabled": 1, "FlowDir": 1, "SrcFCName": "DEMDerivedStreamsVector", "SrcFType": "Watercourse", "SrcType": 1, "SourceID": null, "FeatRel": "2019-08-21T00:00:00Z", "FSource": "GEOSCIENCE AUSTRALIA", "AttrRel": "2019-08-21T00:00:00Z", "AttrSource": "GEOSCIENCE AUSTRALIA", "PlanAcc": 15, "Symbol": 6, "TextNote": null, "GeodesLen": 399.14520401523544, "UpstrGeoLn": 56481732.533285893, "UpstrDArea": 53485760390.541908, "ConCatID": 239771, "StrOutlet": 0, "Shape_Length": 0.0036982524910349674 }, "bbox": [ 124.146389, -18.0858332, 124.1491668, -18.083611 ], "geometry": { "type": "LineString", "coordinates": [ [ 124.1491668, -18.083611 ], [ 124.148889, -18.0838887 ], [ 124.1486112, -18.0841665 ], [ 124.1483334, -18.0844443 ], [ 124.1480556, -18.0847221 ], [ 124.1477779, -18.0849998 ], [ 124.1475001, -18.0852776 ], [ 124.1472223, -18.0852776 ], [ 124.1469445, -18.0855554 ], [ 124.1466668, -18.0855554 ], [ 124.146389, -18.0858332 ] ] } },
{ "type": "Feature", "properties": { "HydroID": 101915417, "AHGFFType": 1, "Name": " ", "Hierarchy": "Minor", "Perennial": "Non Perennial", "AusHydroID": 1434178, "AusHydroEr": 1, "SegmentNo": 409183, "DrainID": 100646081, "From_Node": 101625520, "To_Node": 101625495, "NextDownID": 101915392, "Enabled": 1, "FlowDir": 1, "SrcFCName": "DEMDerivedStreamsVector", "SrcFType": "Watercourse", "SrcType": 1, "SourceID": null, "FeatRel": "2019-08-21T00:00:00Z", "FSource": "GEOSCIENCE AUSTRALIA", "AttrRel": "2019-08-21T00:00:00Z", "AttrSource": "GEOSCIENCE AUSTRALIA", "PlanAcc": 15, "Symbol": null, "TextNote": null, "GeodesLen": 2178.0873521350391, "UpstrGeoLn": 55788827.956252269, "UpstrDArea": 52538746299.334541, "ConCatID": 239771, "StrOutlet": 0, "Shape_Length": 0.020078962520457155 }, "bbox": [ 124.143889, -18.0966665, 124.1516668, -18.0858332 ], "geometry": { "type": "LineString", "coordinates": [ [ 124.1516668, -18.0966665 ], [ 124.151389, -18.0966665 ], [ 124.1511112, -18.0966665 ], [ 124.1508334, -18.0966665 ], [ 124.1505556, -18.0963887 ], [ 124.1502779, -18.096111 ], [ 124.1500001, -18.0958332 ], [ 124.1497223, -18.0955554 ], [ 124.1494445, -18.0952776 ], [ 124.1491668, -18.0952776 ], [ 124.148889, -18.0952776 ], [ 124.1486112, -18.0952776 ], [ 124.1483334, -18.0952776 ], [ 124.1480556, -18.0952776 ], [ 124.1477779, -18.0952776 ], [ 124.1475001, -18.0955554 ], [ 124.1472223, -18.0955554 ], [ 124.1469445, -18.0955554 ], [ 124.1466668, -18.0955554 ], [ 124.146389, -18.0952776 ], [ 124.1461112, -18.0949998 ], [ 124.1458334, -18.0949998 ], [ 124.1455556, -18.0949998 ], [ 124.1452779, -18.0949998 ], [ 124.1450001, -18.0952776 ], [ 124.1447223, -18.0955554 ], [ 124.1444445, -18.0955554 ], [ 124.1441668, -18.0952776 ], [ 124.1441668, -18.0949998 ], [ 124.143889, -18.0947221 ], [ 124.143889, -18.0944443 ], [ 124.143889, -18.0941665 ], [ 124.143889, -18.0938887 ], [ 124.1441668, -18.093611 ], [ 124.1441668, -18.0933332 ], [ 124.1441668, -18.0930554 ], [ 124.1441668, -18.0927776 ], [ 124.1441668, -18.0924998 ], [ 124.1444445, -18.0922221 ], [ 124.1447223, -18.0919443 ], [ 124.1450001, -18.0919443 ], [ 124.1452779, -18.0919443 ], [ 124.1455556, -18.0916665 ], [ 124.1458334, -18.0916665 ], [ 124.1461112, -18.0913887 ], [ 124.1461112, -18.091111 ], [ 124.1461112, -18.0908332 ], [ 124.1461112, -18.0905554 ], [ 124.1461112, -18.0902776 ], [ 124.1461112, -18.0899998 ], [ 124.1461112, -18.0897221 ], [ 124.1461112, -18.0894443 ], [ 124.146389, -18.0891665 ], [ 124.146389, -18.0888887 ], [ 124.1466668, -18.088611 ], [ 124.1466668, -18.0883332 ], [ 124.1466668, -18.0880554 ], [ 124.1466668, -18.0877776 ], [ 124.1466668, -18.0874998 ], [ 124.1466668, -18.0872221 ], [ 124.1466668, -18.0869443 ], [ 124.1466668, -18.0866665 ], [ 124.146389, -18.0863887 ], [ 124.146389, -18.086111 ], [ 124.146389, -18.0858332 ] ] } },
{ "type": "Feature", "properties": { "HydroID": 101915423, "AHGFFType": 1, "Name": " ", "Hierarchy": "Minor", "Perennial": "Non Perennial", "AusHydroID": 10370191, "AusHydroEr": 1, "SegmentNo": 409252, "DrainID": 100646115, "From_Node": 101625526, "To_Node": 101625520, "NextDownID": 101915417, "Enabled": 1, "FlowDir": 1, "SrcFCName": "DEMDerivedStreamsVector", "SrcFType": "Watercourse", "SrcType": 1, "SourceID": null, "FeatRel": "2019-08-21T00:00:00Z", "FSource": "GEOSCIENCE AUSTRALIA", "AttrRel": "2019-08-21T00:00:00Z", "AttrSource": "GEOSCIENCE AUSTRALIA", "PlanAcc": 15, "Symbol": null, "TextNote": null, "GeodesLen": 515.50997339692833, "UpstrGeoLn": 2091.1680750057217, "UpstrDArea": 1642593.8451647623, "ConCatID": 239771, "StrOutlet": 0, "Shape_Length": 0.0046745621227409339 }, "bbox": [ 124.1516668, -18.0966665, 124.1522223, -18.0922221 ], "geometry": { "type": "LineString", "coordinates": [ [ 124.1522223, -18.0922221 ], [ 124.1522223, -18.0924998 ], [ 124.1522223, -18.0927776 ], [ 124.1522223, -18.0930554 ], [ 124.1519445, -18.0933332 ], [ 124.1519445, -18.093611 ], [ 124.1519445, -18.0938887 ], [ 124.1519445, -18.0941665 ], [ 124.1519445, -18.0944443 ], [ 124.1519445, -18.0947221 ], [ 124.1519445, -18.0949998 ], [ 124.1519445, -18.0952776 ], [ 124.1519445, -18.0955554 ], [ 124.1519445, -18.0958332 ], [ 124.1516668, -18.096111 ], [ 124.1516668, -18.0963887 ], [ 124.1516668, -18.0966665 ] ] } },
{ "type": "Feature", "properties": { "HydroID": 101915427, "AHGFFType": 1, "Name": " ", "Hierarchy": "Minor", "Perennial": "Non Perennial", "AusHydroID": 1434921, "AusHydroEr": 1, "SegmentNo": 409217, "DrainID": 100646100, "From_Node": 101625528, "To_Node": 101625510, "NextDownID": 101915407, "Enabled": 1, "FlowDir": 1, "SrcFCName": "DEMDerivedStreamsVector", "SrcFType": "Watercourse", "SrcType": 1, "SourceID": null, "FeatRel": "2019-08-21T00:00:00Z", "FSource": "GEOSCIENCE AUSTRALIA", "AttrRel": "2019-08-21T00:00:00Z", "AttrSource": "GEOSCIENCE AUSTRALIA", "PlanAcc": 15, "Symbol": null, "TextNote": null, "GeodesLen": 1392.2888175373123, "UpstrGeoLn": 1392.2888175373123, "UpstrDArea": 3613631.0420042938, "ConCatID": 239771, "StrOutlet": 0, "Shape_Length": 0.012721940980606991 }, "bbox": [ 124.1491668, -18.083611, 124.1536112, -18.0730554 ], "geometry": { "type": "LineString", "coordinates": [ [ 124.1536112, -18.0730554 ], [ 124.1533334, -18.0730554 ], [ 124.1530556, -18.0733332 ], [ 124.1527779, -18.073611 ], [ 124.1527779, -18.0738887 ], [ 124.1525001, -18.0741665 ], [ 124.1525001, -18.0744443 ], [ 124.1525001, -18.0747221 ], [ 124.1525001, -18.0749998 ], [ 124.1525001, -18.0752776 ], [ 124.1522223, -18.0755554 ], [ 124.1519445, -18.0758332 ], [ 124.1516668, -18.0758332 ], [ 124.151389, -18.076111 ], [ 124.151389, -18.0763887 ], [ 124.1511112, -18.0766665 ], [ 124.1511112, -18.0769443 ], [ 124.1511112, -18.0772221 ], [ 124.1511112, -18.0774998 ], [ 124.1508334, -18.0777776 ], [ 124.1505556, -18.0780554 ], [ 124.1502779, -18.0783332 ], [ 124.1502779, -18.078611 ], [ 124.1502779, -18.0788887 ], [ 124.1502779, -18.0791665 ], [ 124.1502779, -18.0794443 ], [ 124.1502779, -18.0797221 ], [ 124.1502779, -18.0799998 ], [ 124.1502779, -18.0802776 ], [ 124.1500001, -18.0805554 ], [ 124.1500001, -18.0808332 ], [ 124.1497223, -18.081111 ], [ 124.1494445, -18.0813887 ], [ 124.1494445, -18.0816665 ], [ 124.1494445, -18.0819443 ], [ 124.1491668, -18.0822221 ], [ 124.1491668, -18.0824998 ], [ 124.1491668, -18.0827776 ], [ 124.1491668, -18.0830554 ], [ 124.1491668, -18.0833332 ], [ 124.1491668, -18.083611 ] ] } },
{ "type": "Feature", "properties": { "HydroID": 101915434, "AHGFFType": 1, "Name": " ", "Hierarchy": "Minor", "Perennial": "Non Perennial", "AusHydroID": 10369115, "AusHydroEr": 1, "SegmentNo": 409213, "DrainID": 100646098, "From_Node": 101625537, "To_Node": 101625507, "NextDownID": 101915405, "Enabled": 1, "FlowDir": 1, "SrcFCName": "DEMDerivedStreamsVector", "SrcFType": "Watercourse", "SrcType": 1, "SourceID": null, "FeatRel": "2019-08-21T00:00:00Z", "FSource": "GEOSCIENCE AUSTRALIA", "AttrRel": "2019-08-21T00:00:00Z", "AttrSource": "GEOSCIENCE AUSTRALIA", "PlanAcc": 15, "Symbol": null, "TextNote": null, "GeodesLen": 957.68472990340251, "UpstrGeoLn": 55837823.325038284, "UpstrDArea": 52565914193.11644, "ConCatID": 239771, "StrOutlet": 0, "Shape_Length": 0.0089760294910619376 }, "bbox": [ 124.1483334, -18.1163887, 124.156389, -18.1149998 ], "geometry": { "type": "LineString", "coordinates": [ [ 124.156389, -18.1158332 ], [ 124.1561112, -18.1158332 ], [ 124.1558334, -18.1158332 ], [ 124.1555556, -18.1158332 ], [ 124.1552779, -18.1158332 ], [ 124.1550001, -18.1158332 ], [ 124.1547223, -18.1155554 ], [ 124.1544445, -18.1155554 ], [ 124.1541668, -18.1155554 ], [ 124.153889, -18.1152776 ], [ 124.1536112, -18.1152776 ], [ 124.1533334, -18.1149998 ], [ 124.1530556, -18.1149998 ], [ 124.1527779, -18.1149998 ], [ 124.1525001, -18.1149998 ], [ 124.1522223, -18.1149998 ], [ 124.1519445, -18.1152776 ], [ 124.1516668, -18.1152776 ], [ 124.151389, -18.1152776 ], [ 124.1511112, -18.1155554 ], [ 124.1508334, -18.1155554 ], [ 124.1505556, -18.1158332 ], [ 124.1502779, -18.1158332 ], [ 124.1500001, -18.1158332 ], [ 124.1497223, -18.116111 ], [ 124.1494445, -18.116111 ], [ 124.1491668, -18.116111 ], [ 124.148889, -18.116111 ], [ 124.1486112, -18.1163887 ], [ 124.1483334, -18.1163887 ] ] } },
{ "type": "Feature", "properties": { "HydroID": 101915451, "AHGFFType": 3, "Name": " ", "Hierarchy": "Minor", "Perennial": "Non Perennial", "AusHydroID": 10369118, "AusHydroEr": 1, "SegmentNo": 409260, "DrainID": 100646121, "From_Node": 101625552, "To_Node": 101625526, "NextDownID": 101915423, "Enabled": 1, "FlowDir": 1, "SrcFCName": "DEMDerivedStreamsVector", "SrcFType": "Waterbody Connector", "SrcType": 3, "SourceID": null, "FeatRel": "2019-08-21T00:00:00Z", "FSource": "GEOSCIENCE AUSTRALIA", "AttrRel": "2019-08-21T00:00:00Z", "AttrSource": "GEOSCIENCE AUSTRALIA", "PlanAcc": 15, "Symbol": null, "TextNote": null, "GeodesLen": 1205.9157354691258, "UpstrGeoLn": 1575.6581016087932, "UpstrDArea": 1526885.1502080285, "ConCatID": 239771, "StrOutlet": 0, "Shape_Length": 0.011142417057385166 }, "bbox": [ 124.1522223, -18.0922221, 124.1597223, -18.0849998 ], "geometry": { "type": "LineString", "coordinates": [ [ 124.1597223, -18.0849998 ], [ 124.1594445, -18.0852776 ], [ 124.1591668, -18.0855554 ], [ 124.158889, -18.0858332 ], [ 124.1586112, -18.086111 ], [ 124.1583334, -18.0863887 ], [ 124.1580556, -18.0866665 ], [ 124.1577779, -18.0869443 ], [ 124.1575001, -18.0869443 ], [ 124.1572223, -18.0872221 ], [ 124.1569445, -18.0874998 ], [ 124.1566668, -18.0877776 ], [ 124.156389, -18.0880554 ], [ 124.1561112, -18.0883332 ], [ 124.1558334, -18.088611 ], [ 124.1555556, -18.088611 ], [ 124.1552779, -18.0888887 ], [ 124.1550001, -18.0891665 ], [ 124.1547223, -18.0891665 ], [ 124.1544445, -18.0894443 ], [ 124.1541668, -18.0894443 ], [ 124.153889, -18.0897221 ], [ 124.1536112, -18.0897221 ], [ 124.1533334, -18.0899998 ], [ 124.1530556, -18.0902776 ], [ 124.1527779, -18.0905554 ], [ 124.1525001, -18.0908332 ], [ 124.1522223, -18.091111 ], [ 124.1522223, -18.0913887 ], [ 124.1522223, -18.0916665 ], [ 124.1522223, -18.0919443 ], [ 124.1522223, -18.0922221 ] ] } },
{ "type": "Feature", "properties": { "HydroID": 101915459, "AHGFFType": 1, "Name": "JARRAN CREEK", "Hierarchy": "Major", "Perennial": "Non Perennial", "AusHydroID": 1434749, "AusHydroEr": 1, "SegmentNo": 409220, "DrainID": 100646102, "From_Node": 101625562, "To_Node": 101625510, "NextDownID": 101915407, "Enabled": 1, "FlowDir": 1, "SrcFCName": "DEMDerivedStreamsVector", "SrcFType": "Watercourse", "SrcType": 1, "SourceID": null, "FeatRel": "2019-08-21T00:00:00Z", "FSource": "GEOSCIENCE AUSTRALIA", "AttrRel": "2019-08-21T00:00:00Z", "AttrSource": "GEOSCIENCE AUSTRALIA", "PlanAcc": 15, "Symbol": 6, "TextNote": null, "GeodesLen": 1769.9861358603755, "UpstrGeoLn": 56479941.099264346, "UpstrDArea": 53481989459.589958, "ConCatID": 239771, "StrOutlet": 0, "Shape_Length": 0.016420194471599356 }, "bbox": [ 124.1491668, -18.083611, 124.1608334, -18.0758332 ], "geometry": { "type": "LineString", "coordinates": [ [ 124.1608334, -18.0758332 ], [ 124.1605556, -18.076111 ], [ 124.1602779, -18.076111 ], [ 124.1600001, -18.0763887 ], [ 124.1597223, -18.0766665 ], [ 124.1594445, -18.0766665 ], [ 124.1591668, -18.0769443 ], [ 124.1591668, -18.0772221 ], [ 124.158889, -18.0774998 ], [ 124.158889, -18.0777776 ], [ 124.1586112, -18.0780554 ], [ 124.1586112, -18.0783332 ], [ 124.1583334, -18.078611 ], [ 124.1583334, -18.0788887 ], [ 124.1583334, -18.0791665 ], [ 124.1580556, -18.0794443 ], [ 124.1580556, -18.0797221 ], [ 124.1577779, -18.0799998 ], [ 124.1577779, -18.0802776 ], [ 124.1575001, -18.0805554 ], [ 124.1572223, -18.0808332 ], [ 124.1572223, -18.081111 ], [ 124.1569445, -18.0813887 ], [ 124.1566668, -18.0813887 ], [ 124.156389, -18.0816665 ], [ 124.1561112, -18.0816665 ], [ 124.1558334, -18.0819443 ], [ 124.1555556, -18.0819443 ], [ 124.1552779, -18.0819443 ], [ 124.1550001, -18.0822221 ], [ 124.1547223, -18.0822221 ], [ 124.1544445, -18.0824998 ], [ 124.1541668, -18.0824998 ], [ 124.153889, -18.0824998 ], [ 124.1536112, -18.0827776 ], [ 124.1533334, -18.0827776 ], [ 124.1530556, -18.0827776 ], [ 124.1527779, -18.0827776 ], [ 124.1525001, -18.0830554 ], [ 124.1522223, -18.0830554 ], [ 124.1519445, -18.0830554 ], [ 124.1516668, -18.0830554 ], [ 124.151389, -18.0830554 ], [ 124.1511112, -18.0827776 ], [ 124.1508334, -18.0827776 ], [ 124.1505556, -18.0827776 ], [ 124.1502779, -18.0827776 ], [ 124.1500001, -18.0830554 ], [ 124.1497223, -18.0833332 ], [ 124.1494445, -18.0833332 ], [ 124.1491668, -18.083611 ] ] } },
{ "type": "Feature", "properties": { "HydroID": 101915470, "AHGFFType": 1, "Name": " ", "Hierarchy": "Minor", "Perennial": "Non Perennial", "AusHydroID": 10369118, "AusHydroEr": 1, "SegmentNo": 409346, "DrainID": 100646144, "From_Node": 101625572, "To_Node": 101625552, "NextDownID": 101915451, "Enabled": 1, "FlowDir": 1, "SrcFCName": "DEMDerivedStreamsVector", "SrcFType": "Watercourse", "SrcType": 1, "SourceID": null, "FeatRel": "2019-08-21T00:00:00Z", "FSource": "GEOSCIENCE AUSTRALIA", "AttrRel": "2019-08-21T00:00:00Z", "AttrSource": "GEOSCIENCE AUSTRALIA", "PlanAcc": 15, "Symbol": null, "TextNote": null, "GeodesLen": 369.74236613966735, "UpstrGeoLn": 369.74236613966735, "UpstrDArea": 804584.79707164248, "ConCatID": 239771, "StrOutlet": 0, "Shape_Length": 0.0034204751980781208 }, "bbox": [ 124.1597223, -18.0849998, 124.1622223, -18.0827776 ], "geometry": { "type": "LineString", "coordinates": [ [ 124.1622223, -18.0827776 ], [ 124.1619445, -18.0830554 ], [ 124.1616668, -18.0833332 ], [ 124.161389, -18.083611 ], [ 124.1611112, -18.0838887 ], [ 124.1608334, -18.0841665 ], [ 124.1605556, -18.0841665 ], [ 124.1602779, -18.0844443 ], [ 124.1600001, -18.0847221 ], [ 124.1597223, -18.0849998 ] ] } },
{ "type": "Feature", "properties": { "HydroID": 101915486, "AHGFFType": 1, "Name": "FITZROY RIVER", "Hierarchy": "Major", "Perennial": "Perennial", "AusHydroID": 10369795, "AusHydroEr": 1, "SegmentNo": 408914, "DrainID": 100645974, "From_Node": 101625589, "To_Node": 101625384, "NextDownID": 101915280, "Enabled": 1, "FlowDir": 1, "SrcFCName": "DEMDerivedStreamsVector", "SrcFType": "Watercourse", "SrcType": 1, "SourceID": null, "FeatRel": "2019-08-21T00:00:00Z", "FSource": "GEOSCIENCE AUSTRALIA", "AttrRel": "2019-08-21T00:00:00Z", "AttrSource": "GEOSCIENCE AUSTRALIA", "PlanAcc": 15, "Symbol": 2, "TextNote": null, "GeodesLen": 5109.1379338051966, "UpstrGeoLn": 55786239.808643162, "UpstrDArea": 52533949690.192299, "ConCatID": null, "StrOutlet": 0, "Shape_Length": 0.047764810435017714 }, "bbox": [ 124.1252779, -18.1099998, 124.166389, -18.1033332 ], "geometry": { "type": "LineString", "coordinates": [ [ 124.166389, -18.103611 ], [ 124.1661112, -18.103611 ], [ 124.1658334, -18.1033332 ], [ 124.1655556, -18.1033332 ], [ 124.1652779, -18.103611 ], [ 124.1650001, -18.103611 ], [ 124.1647223, -18.103611 ], [ 124.1644445, -18.103611 ], [ 124.1641668, -18.103611 ], [ 124.163889, -18.103611 ], [ 124.1636112, -18.103611 ], [ 124.163601, -18.1036211 ], [ 124.1633334, -18.1038887 ], [ 124.1630556, -18.1038887 ], [ 124.1627779, -18.1038887 ], [ 124.1625001, -18.1038887 ], [ 124.1622223, -18.1038887 ], [ 124.1619445, -18.1041665 ], [ 124.1616668, -18.1041665 ], [ 124.161389, -18.1041665 ], [ 124.1611112, -18.1041665 ], [ 124.1608334, -18.1041665 ], [ 124.1605556, -18.1044443 ], [ 124.1602779, -18.1044443 ], [ 124.1600001, -18.1044443 ], [ 124.1597223, -18.1047221 ], [ 124.1594445, -18.1047221 ], [ 124.1591668, -18.1047221 ], [ 124.158889, -18.1049998 ], [ 124.1586112, -18.1049998 ], [ 124.1583334, -18.1049998 ], [ 124.1580556, -18.1052776 ], [ 124.1577779, -18.1052776 ], [ 124.1575001, -18.1055554 ], [ 124.1572223, -18.1055554 ], [ 124.1569445, -18.1055554 ], [ 124.1566668, -18.1058332 ], [ 124.156389, -18.1058332 ], [ 124.1561112, -18.106111 ], [ 124.1558334, -18.1063887 ], [ 124.1555556, -18.1063887 ], [ 124.1552779, -18.1066665 ], [ 124.1550001, -18.1069443 ], [ 124.1547223, -18.1072221 ], [ 124.1544445, -18.1072221 ], [ 124.1541668, -18.1074998 ], [ 124.153889, -18.1077776 ], [ 124.1536112, -18.1080554 ], [ 124.1533334, -18.1080554 ], [ 124.1530556, -18.1083332 ], [ 124.1527779, -18.108611 ], [ 124.1525001, -18.108611 ], [ 124.1522223, -18.1088887 ], [ 124.1519445, -18.1088887 ], [ 124.1516668, -18.1091665 ], [ 124.151389, -18.1091665 ], [ 124.1511112, -18.1094443 ], [ 124.1508334, -18.1094443 ], [ 124.1505556, -18.1094443 ], [ 124.1502779, -18.1097221 ], [ 124.1500001, -18.1097221 ], [ 124.1497223, -18.1097221 ], [ 124.1494445, -18.1099998 ], [ 124.1491668, -18.1099998 ], [ 124.148889, -18.1099998 ], [ 124.1486112, -18.1099998 ], [ 124.1483334, -18.1099998 ], [ 124.1480556, -18.1097221 ], [ 124.1477779, -18.1097221 ], [ 124.1475001, -18.1097221 ], [ 124.1472223, -18.1097221 ], [ 124.1469445, -18.1097221 ], [ 124.1466668, -18.1094443 ], [ 124.146389, -18.1094443 ], [ 124.1461112, -18.1094443 ], [ 124.1458334, -18.1091665 ], [ 124.1455556, -18.1088887 ], [ 124.1452779, -18.108611 ], [ 124.1450001, -18.108611 ], [ 124.1447223, -18.1083332 ], [ 124.1444445, -18.1080554 ], [ 124.1441668, -18.1077776 ], [ 124.143889, -18.1074998 ], [ 124.1436112, -18.1072221 ], [ 124.1433334, -18.1069443 ], [ 124.1430556, -18.1069443 ], [ 124.1427779, -18.1066665 ], [ 124.1425001, -18.1063887 ], [ 124.1422223, -18.106111 ], [ 124.1419445, -18.1058332 ], [ 124.1419445, -18.1055554 ], [ 124.1416668, -18.1052776 ], [ 124.1416668, -18.1049998 ], [ 124.141389, -18.1047221 ], [ 124.1411112, -18.1047221 ], [ 124.1408334, -18.1044443 ], [ 124.1405556, -18.1041665 ], [ 124.1402779, -18.1041665 ], [ 124.1400001, -18.1041665 ], [ 124.1397223, -18.1038887 ], [ 124.1394445, -18.1038887 ], [ 124.1391668, -18.1038887 ], [ 124.138889, -18.1041665 ], [ 124.1386112, -18.1041665 ], [ 124.1383334, -18.1041665 ], [ 124.1380556, -18.1041665 ], [ 124.1377779, -18.1041665 ], [ 124.1375001, -18.1044443 ], [ 124.1372223, -18.1044443 ], [ 124.1369445, -18.1044443 ], [ 124.1366668, -18.1047221 ], [ 124.136389, -18.1047221 ], [ 124.1361112, -18.1049998 ], [ 124.1358334, -18.1049998 ], [ 124.1355556, -18.1049998 ], [ 124.1352779, -18.1049998 ], [ 124.1350001, -18.1049998 ], [ 124.1347223, -18.1049998 ], [ 124.1344445, -18.1052776 ], [ 124.1341668, -18.1052776 ], [ 124.133889, -18.1052776 ], [ 124.1336112, -18.1052776 ], [ 124.1333334, -18.1052776 ], [ 124.1330556, -18.1052776 ], [ 124.1327779, -18.1052776 ], [ 124.1325001, -18.1052776 ], [ 124.1322223, -18.1052776 ], [ 124.1319445, -18.1052776 ], [ 124.1316668, -18.1052776 ], [ 124.131389, -18.1052776 ], [ 124.1311112, -18.1055554 ], [ 124.1308334, -18.1055554 ], [ 124.1305556, -18.1055554 ], [ 124.1302779, -18.1055554 ], [ 124.1300001, -18.1055554 ], [ 124.1297223, -18.1055554 ], [ 124.1294445, -18.1055554 ], [ 124.1291668, -18.1055554 ], [ 124.128889, -18.1055554 ], [ 124.1286112, -18.1055554 ], [ 124.1283334, -18.1058332 ], [ 124.1280556, -18.1058332 ], [ 124.1277779, -18.1058332 ], [ 124.1275001, -18.1058332 ], [ 124.1272223, -18.1058332 ], [ 124.1269445, -18.1058332 ], [ 124.1266668, -18.1058332 ], [ 124.126389, -18.106111 ], [ 124.1261112, -18.106111 ], [ 124.1258334, -18.106111 ], [ 124.1255556, -18.106111 ], [ 124.1252779, -18.106111 ] ] } },
{ "type": "Feature", "properties": { "HydroID": 101915487, "AHGFFType": 1, "Name": " ", "Hierarchy": "Minor", "Perennial": "Non Perennial", "AusHydroID": 1433703, "AusHydroEr": 1, "SegmentNo": 409256, "DrainID": 100646119, "From_Node": 101625589, "To_Node": 101625520, "NextDownID": 101915417, "Enabled": 1, "FlowDir": 1, "SrcFCName": "DEMDerivedStreamsVector", "SrcFType": "Watercourse", "SrcType": 1, "SourceID": null, "FeatRel": "2019-08-21T00:00:00Z", "FSource": "GEOSCIENCE AUSTRALIA", "AttrRel": "2019-08-21T00:00:00Z", "AttrSource": "GEOSCIENCE AUSTRALIA", "PlanAcc": 15, "Symbol": null, "TextNote": null, "GeodesLen": 3428.0301157681033, "UpstrGeoLn": 55784558.700825125, "UpstrDArea": 52534262542.362976, "ConCatID": 239771, "StrOutlet": 0, "Shape_Length": 0.031633960774271587 }, "bbox": [ 124.1516668, -18.103611, 124.166389, -18.0922221 ], "geometry": { "type": "LineString", "coordinates": [ [ 124.166389, -18.103611 ], [ 124.1661112, -18.1033332 ], [ 124.1658334, -18.1030554 ], [ 124.1655556, -18.1027776 ], [ 124.1655556, -18.1024998 ], [ 124.1652779, -18.1022221 ], [ 124.1652779, -18.1019443 ], [ 124.1652779, -18.1016665 ], [ 124.1652779, -18.1013887 ], [ 124.1652779, -18.101111 ], [ 124.1655556, -18.1008332 ], [ 124.1655556, -18.1005554 ], [ 124.1658334, -18.1002776 ], [ 124.1658334, -18.1 ], [ 124.1658334, -18.0997221 ], [ 124.1658334, -18.0994443 ], [ 124.1658334, -18.0991665 ], [ 124.1655556, -18.0988887 ], [ 124.1652779, -18.098611 ], [ 124.1652779, -18.0983332 ], [ 124.1652779, -18.0980554 ], [ 124.1652779, -18.0977776 ], [ 124.1652779, -18.0974998 ], [ 124.1655556, -18.0972221 ], [ 124.1658334, -18.0969443 ], [ 124.1658334, -18.0966665 ], [ 124.1661112, -18.0963887 ], [ 124.1661112, -18.096111 ], [ 124.166389, -18.0958332 ], [ 124.166389, -18.0955554 ], [ 124.1661112, -18.0952776 ], [ 124.1658334, -18.0952776 ], [ 124.1655556, -18.0949998 ], [ 124.1655556, -18.0947221 ], [ 124.1652779, -18.0944443 ], [ 124.1652779, -18.0941665 ], [ 124.1652779, -18.0938887 ], [ 124.1652779, -18.093611 ], [ 124.1650001, -18.0933332 ], [ 124.1647223, -18.0930554 ], [ 124.1644445, -18.0927776 ], [ 124.1641668, -18.0924998 ], [ 124.163889, -18.0922221 ], [ 124.1636112, -18.0922221 ], [ 124.1633334, -18.0924998 ], [ 124.1633334, -18.0927776 ], [ 124.1630556, -18.0930554 ], [ 124.1627779, -18.0933332 ], [ 124.1625001, -18.093611 ], [ 124.1622223, -18.093611 ], [ 124.1619445, -18.0938887 ], [ 124.1616668, -18.0938887 ], [ 124.161389, -18.0938887 ], [ 124.1611112, -18.093611 ], [ 124.1608334, -18.0933332 ], [ 124.1605556, -18.093611 ], [ 124.1602779, -18.0938887 ], [ 124.1600001, -18.0941665 ], [ 124.1597223, -18.0941665 ], [ 124.1594445, -18.0941665 ], [ 124.1591668, -18.0944443 ], [ 124.1591668, -18.0947221 ], [ 124.1594445, -18.0949998 ], [ 124.1594445, -18.0952776 ], [ 124.1591668, -18.0955554 ], [ 124.158889, -18.0955554 ], [ 124.1586112, -18.0958332 ], [ 124.1583334, -18.096111 ], [ 124.1580556, -18.096111 ], [ 124.1577779, -18.0963887 ], [ 124.1575001, -18.0963887 ], [ 124.1572223, -18.0963887 ], [ 124.1569445, -18.0966665 ], [ 124.1566668, -18.0966665 ], [ 124.156389, -18.0969443 ], [ 124.1561112, -18.0969443 ], [ 124.1558334, -18.0969443 ], [ 124.1555556, -18.0969443 ], [ 124.1552779, -18.0969443 ], [ 124.1550001, -18.0969443 ], [ 124.1547223, -18.0969443 ], [ 124.1544445, -18.0972221 ], [ 124.1541668, -18.0974998 ], [ 124.153889, -18.0972221 ], [ 124.1536112, -18.0969443 ], [ 124.153889, -18.0966665 ], [ 124.153889, -18.0963887 ], [ 124.1536112, -18.096111 ], [ 124.1533334, -18.0958332 ], [ 124.1530556, -18.0958332 ], [ 124.1527779, -18.0958332 ], [ 124.1525001, -18.096111 ], [ 124.1522223, -18.0963887 ], [ 124.1519445, -18.0963887 ], [ 124.1516668, -18.0966665 ] ] } },
{ "type": "Feature", "properties": { "HydroID": 101915492, "AHGFFType": 1, "Name": " ", "Hierarchy": "Minor", "Perennial": "Non Perennial", "AusHydroID": 1432465, "AusHydroEr": 1, "SegmentNo": 409306, "DrainID": 100646129, "From_Node": 101625594, "To_Node": 101625537, "NextDownID": 101915434, "Enabled": 1, "FlowDir": 1, "SrcFCName": "DEMDerivedStreamsVector", "SrcFType": "Watercourse", "SrcType": 1, "SourceID": null, "FeatRel": "2019-08-21T00:00:00Z", "FSource": "GEOSCIENCE AUSTRALIA", "AttrRel": "2019-08-21T00:00:00Z", "AttrSource": "GEOSCIENCE AUSTRALIA", "PlanAcc": 15, "Symbol": null, "TextNote": null, "GeodesLen": 1314.2580115681094, "UpstrGeoLn": 55824558.892161183, "UpstrDArea": 52558175093.724602, "ConCatID": 239771, "StrOutlet": 0, "Shape_Length": 0.012281446102578133 }, "bbox": [ 124.156389, -18.1158332, 124.1669445, -18.1133332 ], "geometry": { "type": "LineString", "coordinates": [ [ 124.1669445, -18.1133332 ], [ 124.1666668, -18.1133332 ], [ 124.166389, -18.113611 ], [ 124.1661112, -18.113611 ], [ 124.1658334, -18.113611 ], [ 124.1655556, -18.1138887 ], [ 124.1652779, -18.1138887 ], [ 124.1650001, -18.1141665 ], [ 124.1647223, -18.1144443 ], [ 124.1644445, -18.1147221 ], [ 124.1641668, -18.1147221 ], [ 124.163889, -18.1149998 ], [ 124.1636112, -18.1152776 ], [ 124.1633334, -18.1152776 ], [ 124.1630556, -18.1152776 ], [ 124.1627779, -18.1152776 ], [ 124.1625001, -18.1152776 ], [ 124.1622223, -18.1152776 ], [ 124.1619445, -18.1152776 ], [ 124.1616668, -18.1152776 ], [ 124.161389, -18.1152776 ], [ 124.1611112, -18.1149998 ], [ 124.1608334, -18.1149998 ], [ 124.1605556, -18.1147221 ], [ 124.1602779, -18.1144443 ], [ 124.1600001, -18.1144443 ], [ 124.1597223, -18.1144443 ], [ 124.1594445, -18.1144443 ], [ 124.1591668, -18.1144443 ], [ 124.158889, -18.1144443 ], [ 124.1586112, -18.1147221 ], [ 124.1583334, -18.1147221 ], [ 124.1580556, -18.1149998 ], [ 124.1577779, -18.1152776 ], [ 124.1575001, -18.1155554 ], [ 124.1572223, -18.1158332 ], [ 124.1569445, -18.1158332 ], [ 124.1566668, -18.1158332 ], [ 124.156389, -18.1158332 ] ] } },
{ "type": "Feature", "properties": { "HydroID": 101915493, "AHGFFType": 1, "Name": " ", "Hierarchy": "Minor", "Perennial": "Non Perennial", "AusHydroID": 22036854, "AusHydroEr": 1, "SegmentNo": 409593, "DrainID": 100646247, "From_Node": 101625596, "To_Node": 101625659, "NextDownID": 101915551, "Enabled": 1, "FlowDir": 1, "SrcFCName": "DEMDerivedStreamsVector", "SrcFType": "Watercourse", "SrcType": 1, "SourceID": null, "FeatRel": "2019-08-21T00:00:00Z", "FSource": "GEOSCIENCE AUSTRALIA", "AttrRel": "2019-08-21T00:00:00Z", "AttrSource": "GEOSCIENCE AUSTRALIA", "PlanAcc": 15, "Symbol": null, "TextNote": null, "GeodesLen": 1783.7459965788241, "UpstrGeoLn": 1783.7459965788241, "UpstrDArea": 2426985.8673846507, "ConCatID": 239771, "StrOutlet": 0, "Shape_Length": 0.016439935132033085 }, "bbox": [ 124.1727779, -18.046111, 124.1772223, -18.0408539 ], "geometry": { "type": "LineString", "coordinates": [ [ 124.1727779, -18.0408539 ], [ 124.1727779, -18.041111 ], [ 124.1727779, -18.0413887 ], [ 124.1727779, -18.0416665 ], [ 124.1730556, -18.0419443 ], [ 124.1733334, -18.0422221 ], [ 124.1733334, -18.0424998 ], [ 124.1736112, -18.0427776 ], [ 124.173889, -18.0430554 ], [ 124.1741668, -18.0430554 ], [ 124.1744445, -18.0433332 ], [ 124.1747223, -18.0433332 ], [ 124.1750001, -18.043611 ], [ 124.1752779, -18.043611 ], [ 124.1755556, -18.0438887 ], [ 124.1758334, -18.0441665 ], [ 124.1761112, -18.0441665 ], [ 124.176389, -18.0441665 ], [ 124.1766668, -18.0444443 ], [ 124.1769445, -18.0447221 ], [ 124.1769445, -18.0449998 ], [ 124.1769445, -18.0452776 ], [ 124.1769445, -18.0455554 ], [ 124.1772223, -18.0458332 ], [ 124.1772223, -18.046111 ] ] } },
{ "type": "Feature", "properties": { "HydroID": 101915499, "AHGFFType": 1, "Name": "JARRAN CREEK", "Hierarchy": "Major", "Perennial": "Non Perennial", "AusHydroID": 1435480, "AusHydroEr": 1, "SegmentNo": 409362, "DrainID": 100646156, "From_Node": 101625600, "To_Node": 101625562, "NextDownID": 101915459, "Enabled": 1, "FlowDir": 1, "SrcFCName": "DEMDerivedStreamsVector", "SrcFType": "Watercourse", "SrcType": 1, "SourceID": null, "FeatRel": "2019-08-21T00:00:00Z", "FSource": "GEOSCIENCE AUSTRALIA", "AttrRel": "2019-08-21T00:00:00Z", "AttrSource": "GEOSCIENCE AUSTRALIA", "PlanAcc": 15, "Symbol": 6, "TextNote": null, "GeodesLen": 1700.7498674078856, "UpstrGeoLn": 56471850.61038138, "UpstrDArea": 53479359607.2397, "ConCatID": 239771, "StrOutlet": 0, "Shape_Length": 0.015606601303565823 }, "bbox": [ 124.1608334, -18.0758332, 124.1686112, -18.063611 ], "geometry": { "type": "LineString", "coordinates": [ [ 124.1686112, -18.063611 ], [ 124.1683334, -18.0638887 ], [ 124.1680556, -18.0641665 ], [ 124.1680556, -18.0644443 ], [ 124.1677779, -18.0647221 ], [ 124.1675001, -18.0649998 ], [ 124.1675001, -18.0652776 ], [ 124.1675001, -18.0655554 ], [ 124.1672223, -18.0658332 ], [ 124.1672223, -18.066111 ], [ 124.1669445, -18.0663887 ], [ 124.1669445, -18.0666665 ], [ 124.1669445, -18.0669443 ], [ 124.1666668, -18.0672221 ], [ 124.1666668, -18.0674998 ], [ 124.166389, -18.0677776 ], [ 124.1661112, -18.0680554 ], [ 124.1658334, -18.0683332 ], [ 124.1655556, -18.068611 ], [ 124.1652779, -18.0688887 ], [ 124.1652779, -18.0691665 ], [ 124.1652779, -18.0694443 ], [ 124.1650001, -18.0697221 ], [ 124.1650001, -18.0699998 ], [ 124.1650001, -18.0702776 ], [ 124.1650001, -18.0705554 ], [ 124.1650001, -18.0708332 ], [ 124.1650001, -18.071111 ], [ 124.1650001, -18.0713887 ], [ 124.1647223, -18.0716665 ], [ 124.1647223, -18.0719443 ], [ 124.1644445, -18.0722221 ], [ 124.1641668, -18.0724998 ], [ 124.163889, -18.0727776 ], [ 124.1636112, -18.0730554 ], [ 124.1633334, -18.0733332 ], [ 124.1630556, -18.0733332 ], [ 124.1627779, -18.073611 ], [ 124.1625001, -18.0738887 ], [ 124.1622223, -18.0741665 ], [ 124.1619445, -18.0744443 ], [ 124.1616668, -18.0747221 ], [ 124.1616668, -18.0749998 ], [ 124.161389, -18.0752776 ], [ 124.1611112, -18.0755554 ], [ 124.1608334, -18.0758332 ] ] } },
{ "type": "Feature", "properties": { "HydroID": 101915525, "AHGFFType": 1, "Name": "JARRAN CREEK", "Hierarchy": "Major", "Perennial": "Non Perennial", "AusHydroID": 1436203, "AusHydroEr": 1, "SegmentNo": 409468, "DrainID": 100646195, "From_Node": 101625631, "To_Node": 101625600, "NextDownID": 101915499, "Enabled": 1, "FlowDir": 1, "SrcFCName": "DEMDerivedStreamsVector", "SrcFType": "Watercourse", "SrcType": 1, "SourceID": null, "FeatRel": "2019-08-21T00:00:00Z", "FSource": "GEOSCIENCE AUSTRALIA", "AttrRel": "2019-08-21T00:00:00Z", "AttrSource": "GEOSCIENCE AUSTRALIA", "PlanAcc": 15, "Symbol": 6, "TextNote": null, "GeodesLen": 1568.4943112904577, "UpstrGeoLn": 56364274.798607059, "UpstrDArea": 53405066529.432671, "ConCatID": 239771, "StrOutlet": 0, "Shape_Length": 0.014360691763749371 }, "bbox": [ 124.1686112, -18.063611, 124.1736112, -18.0519443 ], "geometry": { "type": "LineString", "coordinates": [ [ 124.1736112, -18.0519443 ], [ 124.1733334, -18.0522221 ], [ 124.1730556, -18.0524998 ], [ 124.1730556, -18.0527776 ], [ 124.1727779, -18.0530554 ], [ 124.1727779, -18.0533332 ], [ 124.1727779, -18.053611 ], [ 124.1727779, -18.0538887 ], [ 124.1727779, -18.0541665 ], [ 124.1727779, -18.0544443 ], [ 124.1727779, -18.0547221 ], [ 124.1727779, -18.0549998 ], [ 124.1730556, -18.0552776 ], [ 124.1730556, -18.0555554 ], [ 124.1733334, -18.0558332 ], [ 124.1733334, -18.056111 ], [ 124.1730556, -18.0563887 ], [ 124.1730556, -18.0566665 ], [ 124.1730556, -18.0569443 ], [ 124.1730556, -18.0572221 ], [ 124.1730556, -18.0574998 ], [ 124.1730556, -18.0577776 ], [ 124.1730556, -18.0580554 ], [ 124.1727779, -18.0583332 ], [ 124.1725001, -18.058611 ], [ 124.1722223, -18.0588887 ], [ 124.1719445, -18.0591665 ], [ 124.1716668, -18.0594443 ], [ 124.1716668, -18.0597221 ], [ 124.1716668, -18.0599998 ], [ 124.1716668, -18.0602776 ], [ 124.171389, -18.0605554 ], [ 124.1711112, -18.0608332 ], [ 124.1708334, -18.061111 ], [ 124.1708334, -18.0613887 ], [ 124.1705556, -18.0616665 ], [ 124.1702779, -18.0619443 ], [ 124.1700001, -18.0619443 ], [ 124.1697223, -18.0622221 ], [ 124.1694445, -18.0624998 ], [ 124.1691668, -18.0627776 ], [ 124.168889, -18.0630554 ], [ 124.168889, -18.0633332 ], [ 124.1686112, -18.063611 ] ] } },
{ "type": "Feature", "properties": { "HydroID": 101915526, "AHGFFType": 1, "Name": " ", "Hierarchy": "Minor", "Perennial": "Non Perennial", "AusHydroID": 1432336, "AusHydroEr": 1, "SegmentNo": 409214, "DrainID": 100646099, "From_Node": 101625630, "To_Node": 101625507, "NextDownID": 101915405, "Enabled": 1, "FlowDir": 1, "SrcFCName": "DEMDerivedStreamsVector", "SrcFType": "Watercourse", "SrcType": 1, "SourceID": null, "FeatRel": "2019-08-21T00:00:00Z", "FSource": "GEOSCIENCE AUSTRALIA", "AttrRel": "2019-08-21T00:00:00Z", "AttrSource": "GEOSCIENCE AUSTRALIA", "PlanAcc": 15, "Symbol": null, "TextNote": null, "GeodesLen": 3130.9273020393157, "UpstrGeoLn": 55793047.328102194, "UpstrDArea": 52547082754.415779, "ConCatID": 239771, "StrOutlet": 0, "Shape_Length": 0.029285112841138373 }, "bbox": [ 124.1483334, -18.121111, 124.1736112, -18.1163887 ], "geometry": { "type": "LineString", "coordinates": [ [ 124.1736112, -18.1191665 ], [ 124.1733334, -18.1194443 ], [ 124.1730556, -18.1197221 ], [ 124.1727779, -18.1199998 ], [ 124.1725001, -18.1199998 ], [ 124.1722223, -18.1202776 ], [ 124.1719445, -18.1202776 ], [ 124.1716668, -18.1202776 ], [ 124.171389, -18.1202776 ], [ 124.1711112, -18.1202776 ], [ 124.1708334, -18.1202776 ], [ 124.1705556, -18.1202776 ], [ 124.1702779, -18.1202776 ], [ 124.1700001, -18.1202776 ], [ 124.1697223, -18.1202776 ], [ 124.1694445, -18.1202776 ], [ 124.1691668, -18.1202776 ], [ 124.168889, -18.1202776 ], [ 124.1686112, -18.1202776 ], [ 124.1683334, -18.1199998 ], [ 124.1680556, -18.1199998 ], [ 124.1677779, -18.1199998 ], [ 124.1675001, -18.1199998 ], [ 124.1672223, -18.1199998 ], [ 124.1669445, -18.1199998 ], [ 124.1666668, -18.1202776 ], [ 124.166389, -18.1202776 ], [ 124.1661112, -18.1205554 ], [ 124.1658334, -18.1205554 ], [ 124.1655556, -18.1205554 ], [ 124.1652779, -18.1205554 ], [ 124.1650001, -18.1205554 ], [ 124.1647223, -18.1208332 ], [ 124.1644445, -18.1208332 ], [ 124.1641668, -18.1208332 ], [ 124.163889, -18.1208332 ], [ 124.1636112, -18.121111 ], [ 124.1633334, -18.121111 ], [ 124.1630556, -18.121111 ], [ 124.1627779, -18.121111 ], [ 124.1625001, -18.121111 ], [ 124.1622223, -18.121111 ], [ 124.1619445, -18.121111 ], [ 124.1616668, -18.121111 ], [ 124.161389, -18.121111 ], [ 124.1611112, -18.1208332 ], [ 124.1608334, -18.1208332 ], [ 124.1605556, -18.1205554 ], [ 124.1602779, -18.1202776 ], [ 124.1600001, -18.1199998 ], [ 124.1597223, -18.1199998 ], [ 124.1594445, -18.1199998 ], [ 124.1591668, -18.1199998 ], [ 124.158889, -18.1199998 ], [ 124.1586112, -18.1199998 ], [ 124.1583334, -18.1199998 ], [ 124.1580556, -18.1199998 ], [ 124.1577779, -18.1197221 ], [ 124.1575001, -18.1194443 ], [ 124.1572223, -18.1194443 ], [ 124.1569445, -18.1194443 ], [ 124.1566668, -18.1191665 ], [ 124.156389, -18.1191665 ], [ 124.1561112, -18.1188887 ], [ 124.1558334, -18.118611 ], [ 124.1558334, -18.1183332 ], [ 124.1555556, -18.1180554 ], [ 124.1552779, -18.1177776 ], [ 124.1550001, -18.1177776 ], [ 124.1547223, -18.1177776 ], [ 124.1544445, -18.1177776 ], [ 124.1541668, -18.1177776 ], [ 124.153889, -18.1177776 ], [ 124.1536112, -18.1177776 ], [ 124.1533334, -18.1174998 ], [ 124.1533334, -18.1172221 ], [ 124.1530556, -18.1169443 ], [ 124.1527779, -18.1166665 ], [ 124.1525001, -18.1166665 ], [ 124.1522223, -18.1166665 ], [ 124.1519445, -18.1166665 ], [ 124.1516668, -18.1166665 ], [ 124.151389, -18.1166665 ], [ 124.1511112, -18.1166665 ], [ 124.1508334, -18.1166665 ], [ 124.1505556, -18.1169443 ], [ 124.1502779, -18.1172221 ], [ 124.1500001, -18.1174998 ], [ 124.1497223, -18.1174998 ], [ 124.1494445, -18.1172221 ], [ 124.1491668, -18.1172221 ], [ 124.148889, -18.1169443 ], [ 124.1486112, -18.1166665 ], [ 124.1483334, -18.1163887 ] ] } },
{ "type": "Feature", "properties": { "HydroID": 101915527, "AHGFFType": 1, "Name": " ", "Hierarchy": "Minor", "Perennial": "Non Perennial", "AusHydroID": 1432322, "AusHydroEr": 1, "SegmentNo": 409304, "DrainID": 100646128, "From_Node": 101625630, "To_Node": 101625537, "NextDownID": 101915434, "Enabled": 1, "FlowDir": 1, "SrcFCName": "DEMDerivedStreamsVector", "SrcFType": "Watercourse", "SrcType": 1, "SourceID": null, "FeatRel": "2019-08-21T00:00:00Z", "FSource": "GEOSCIENCE AUSTRALIA", "AttrRel": "2019-08-21T00:00:00Z", "AttrSource": "GEOSCIENCE AUSTRALIA", "PlanAcc": 15, "Symbol": null, "TextNote": null, "GeodesLen": 2243.4425163847022, "UpstrGeoLn": 55792159.84331654, "UpstrDArea": 52545386287.715157, "ConCatID": 239771, "StrOutlet": 0, "Shape_Length": 0.020932041009069924 }, "bbox": [ 124.156389, -18.1191665, 124.1736112, -18.1158332 ], "geometry": { "type": "LineString", "coordinates": [ [ 124.1736112, -18.1191665 ], [ 124.1733334, -18.1188887 ], [ 124.1730556, -18.118611 ], [ 124.1727779, -18.1183332 ], [ 124.1725001, -18.1180554 ], [ 124.1722223, -18.1180554 ], [ 124.1719445, -18.1180554 ], [ 124.1716668, -18.1183332 ], [ 124.171389, -18.1183332 ], [ 124.1711112, -18.1183332 ], [ 124.1708334, -18.1183332 ], [ 124.1705556, -18.1180554 ], [ 124.1702779, -18.1180554 ], [ 124.1700001, -18.1180554 ], [ 124.1697223, -18.1180554 ], [ 124.1694445, -18.1180554 ], [ 124.1691668, -18.1180554 ], [ 124.168889, -18.1180554 ], [ 124.1686112, -18.1180554 ], [ 124.1683334, -18.1177776 ], [ 124.1680556, -18.1177776 ], [ 124.1677779, -18.1174998 ], [ 124.1675001, -18.1174998 ], [ 124.1672223, -18.1172221 ], [ 124.1669445, -18.1172221 ], [ 124.1666668, -18.1172221 ], [ 124.166389, -18.1169443 ], [ 124.1661112, -18.1169443 ], [ 124.1658334, -18.1169443 ], [ 124.1655556, -18.1166665 ], [ 124.1652779, -18.1166665 ], [ 124.1650001, -18.1166665 ], [ 124.1647223, -18.1166665 ], [ 124.1644445, -18.1166665 ], [ 124.1641668, -18.1166665 ], [ 124.163889, -18.1166665 ], [ 124.1636112, -18.1166665 ], [ 124.1633334, -18.1163887 ], [ 124.1630556, -18.1163887 ], [ 124.1627779, -18.1166665 ], [ 124.1625001, -18.1166665 ], [ 124.1622223, -18.1169443 ], [ 124.1619445, -18.1172221 ], [ 124.1616668, -18.1172221 ], [ 124.161389, -18.1172221 ], [ 124.1611112, -18.1169443 ], [ 124.1608334, -18.1169443 ], [ 124.1605556, -18.1172221 ], [ 124.1602779, -18.1174998 ], [ 124.1600001, -18.1177776 ], [ 124.1597223, -18.1177776 ], [ 124.1594445, -18.1177776 ], [ 124.1591668, -18.1177776 ], [ 124.158889, -18.1174998 ], [ 124.1586112, -18.1172221 ], [ 124.1583334, -18.1169443 ], [ 124.1580556, -18.1169443 ], [ 124.1577779, -18.1169443 ], [ 124.1575001, -18.1172221 ], [ 124.1572223, -18.1172221 ], [ 124.1569445, -18.1172221 ], [ 124.1566668, -18.1169443 ], [ 124.156389, -18.1166665 ], [ 124.156389, -18.1163887 ], [ 124.156389, -18.116111 ], [ 124.156389, -18.1158332 ] ] } },
{ "type": "Feature", "properties": { "HydroID": 101915551, "AHGFFType": 3, "Name": " ", "Hierarchy": "Minor", "Perennial": "Non Perennial", "AusHydroID": 1436549, "AusHydroEr": 1, "SegmentNo": 409594, "DrainID": 100646248, "From_Node": 101625659, "To_Node": 101625658, "NextDownID": 101915552, "Enabled": 1, "FlowDir": 1, "SrcFCName": "DEMDerivedStreamsVector", "SrcFType": "Waterbody Connector", "SrcType": 3, "SourceID": null, "FeatRel": "2019-08-21T00:00:00Z", "FSource": "GEOSCIENCE AUSTRALIA", "AttrRel": "2019-08-21T00:00:00Z", "AttrSource": "GEOSCIENCE AUSTRALIA", "PlanAcc": 15, "Symbol": null, "TextNote": null, "GeodesLen": 61.489448311238199, "UpstrGeoLn": 1845.2354448900624, "UpstrDArea": 2432411.1388890999, "ConCatID": 239771, "StrOutlet": 0, "Shape_Length": 0.00055555599999479455 }, "bbox": [ 124.1772223, -18.0466665, 124.1772223, -18.046111 ], "geometry": { "type": "LineString", "coordinates": [ [ 124.1772223, -18.046111 ], [ 124.1772223, -18.0463887 ], [ 124.1772223, -18.0466665 ] ] } },
{ "type": "Feature", "properties": { "HydroID": 101915552, "AHGFFType": 3, "Name": "JARRAN CREEK", "Hierarchy": "Major", "Perennial": "Non Perennial", "AusHydroID": 22036852, "AusHydroEr": 1, "SegmentNo": 409541, "DrainID": 100646223, "From_Node": 101625658, "To_Node": 101625631, "NextDownID": 101915525, "Enabled": 1, "FlowDir": 1, "SrcFCName": "DEMDerivedStreamsVector", "SrcFType": "Waterbody Connector", "SrcType": 3, "SourceID": null, "FeatRel": "2019-08-21T00:00:00Z", "FSource": "GEOSCIENCE AUSTRALIA", "AttrRel": "2019-08-21T00:00:00Z", "AttrSource": "GEOSCIENCE AUSTRALIA", "PlanAcc": 15, "Symbol": 6, "TextNote": null, "GeodesLen": 737.56842488401276, "UpstrGeoLn": 56362706.304295771, "UpstrDArea": 53403721135.417183, "ConCatID": 239771, "StrOutlet": 0, "Shape_Length": 0.006773548565608755 }, "bbox": [ 124.1736112, -18.0519443, 124.1772223, -18.0466665 ], "geometry": { "type": "LineString", "coordinates": [ [ 124.1772223, -18.0466665 ], [ 124.1769445, -18.0469443 ], [ 124.1766668, -18.0472221 ], [ 124.1766668, -18.0474998 ], [ 124.176389, -18.0477776 ], [ 124.176389, -18.0480554 ], [ 124.1761112, -18.0483332 ], [ 124.1761112, -18.048611 ], [ 124.1758334, -18.0488887 ], [ 124.1755556, -18.0491665 ], [ 124.1752779, -18.0494443 ], [ 124.1750001, -18.0497221 ], [ 124.1750001, -18.0499998 ], [ 124.1747223, -18.0502776 ], [ 124.1747223, -18.0505554 ], [ 124.1744445, -18.0508332 ], [ 124.1744445, -18.051111 ], [ 124.1741668, -18.0513887 ], [ 124.173889, -18.0516665 ], [ 124.1736112, -18.0519443 ] ] } },
{ "type": "Feature", "properties": { "HydroID": 101915553, "AHGFFType": 1, "Name": " ", "Hierarchy": "Minor", "Perennial": "Non Perennial", "AusHydroID": 1432832, "AusHydroEr": 1, "SegmentNo": 409443, "DrainID": 100646187, "From_Node": 101625657, "To_Node": 101625594, "NextDownID": 101915492, "Enabled": 1, "FlowDir": 1, "SrcFCName": "DEMDerivedStreamsVector", "SrcFType": "Watercourse", "SrcType": 1, "SourceID": null, "FeatRel": "2019-08-21T00:00:00Z", "FSource": "GEOSCIENCE AUSTRALIA", "AttrRel": "2019-08-21T00:00:00Z", "AttrSource": "GEOSCIENCE AUSTRALIA", "PlanAcc": 15, "Symbol": null, "TextNote": null, "GeodesLen": 2500.6798899273808, "UpstrGeoLn": 55782445.301672012, "UpstrDArea": 52532985200.660065, "ConCatID": 239771, "StrOutlet": 0, "Shape_Length": 0.023201918350936341 }, "bbox": [ 124.1647223, -18.1133332, 124.1777779, -18.1033332 ], "geometry": { "type": "LineString", "coordinates": [ [ 124.1772223, -18.1033332 ], [ 124.1772223, -18.103611 ], [ 124.1775001, -18.1038887 ], [ 124.1775001, -18.1041665 ], [ 124.1777779, -18.1044443 ], [ 124.1777779, -18.1047221 ], [ 124.1777779, -18.1049998 ], [ 124.1777779, -18.1052776 ], [ 124.1777779, -18.1055554 ], [ 124.1775001, -18.1058332 ], [ 124.1772223, -18.106111 ], [ 124.1769445, -18.106111 ], [ 124.1766668, -18.1063887 ], [ 124.176389, -18.1063887 ], [ 124.1761112, -18.1066665 ], [ 124.1758334, -18.1066665 ], [ 124.1755556, -18.1066665 ], [ 124.1752779, -18.1066665 ], [ 124.1750001, -18.1066665 ], [ 124.1747223, -18.1069443 ], [ 124.1744445, -18.1069443 ], [ 124.1741668, -18.1069443 ], [ 124.173889, -18.1069443 ], [ 124.1736112, -18.1069443 ], [ 124.1733334, -18.1069443 ], [ 124.1730556, -18.1069443 ], [ 124.1727779, -18.1069443 ], [ 124.1725001, -18.1066665 ], [ 124.1722223, -18.1066665 ], [ 124.1719445, -18.1063887 ], [ 124.1716668, -18.1063887 ], [ 124.171389, -18.1063887 ], [ 124.1711112, -18.1063887 ], [ 124.1708334, -18.1063887 ], [ 124.1705556, -18.1063887 ], [ 124.1702779, -18.1063887 ], [ 124.1700001, -18.1066665 ], [ 124.1697223, -18.1066665 ], [ 124.1694445, -18.1066665 ], [ 124.1691668, -18.1066665 ], [ 124.168889, -18.1069443 ], [ 124.1686112, -18.1069443 ], [ 124.1683334, -18.1069443 ], [ 124.1680556, -18.1069443 ], [ 124.1677779, -18.1069443 ], [ 124.1675001, -18.1072221 ], [ 124.1672223, -18.1072221 ], [ 124.1669445, -18.1074998 ], [ 124.1666668, -18.1074998 ], [ 124.166389, -18.1074998 ], [ 124.1661112, -18.1077776 ], [ 124.1658334, -18.1080554 ], [ 124.1655556, -18.1080554 ], [ 124.1652779, -18.1083332 ], [ 124.1650001, -18.108611 ], [ 124.1650001, -18.1088887 ], [ 124.1650001, -18.1091665 ], [ 124.1650001, -18.1094443 ], [ 124.1650001, -18.1097221 ], [ 124.1650001, -18.1099998 ], [ 124.1647223, -18.1102776 ], [ 124.1647223, -18.1105554 ], [ 124.1647223, -18.1108332 ], [ 124.1647223, -18.111111 ], [ 124.1647223, -18.1113887 ], [ 124.1647223, -18.1116665 ], [ 124.1650001, -18.1119443 ], [ 124.1652779, -18.1122221 ], [ 124.1655556, -18.1122221 ], [ 124.1658334, -18.1124998 ], [ 124.1661112, -18.1124998 ], [ 124.166389, -18.1124998 ], [ 124.1666668, -18.1127776 ], [ 124.1669445, -18.1130554 ], [ 124.1669445, -18.1133332 ] ] } },
{ "type": "Feature", "properties": { "HydroID": 101915554, "AHGFFType": 1, "Name": "FITZROY RIVER", "Hierarchy": "Major", "Perennial": "Perennial", "AusHydroID": 10369803, "AusHydroEr": 1, "SegmentNo": 409432, "DrainID": 100646182, "From_Node": 101625657, "To_Node": 101625589, "NextDownID": 101915486, "Enabled": 1, "FlowDir": 1, "SrcFCName": "DEMDerivedStreamsVector", "SrcFType": "Watercourse", "SrcType": 1, "SourceID": null, "FeatRel": "2019-08-21T00:00:00Z", "FSource": "GEOSCIENCE AUSTRALIA", "AttrRel": "2019-08-21T00:00:00Z", "AttrSource": "GEOSCIENCE AUSTRALIA", "PlanAcc": 15, "Symbol": 2, "TextNote": null, "GeodesLen": 1186.048927264779, "UpstrGeoLn": 55781130.670709349, "UpstrDArea": 52532582071.940544, "ConCatID": 239771, "StrOutlet": 0, "Shape_Length": 0.011178512244659693 }, "bbox": [ 124.166389, -18.1038887, 124.1772223, -18.1033332 ], "geometry": { "type": "LineString", "coordinates": [ [ 124.1772223, -18.1033332 ], [ 124.1769445, -18.1033332 ], [ 124.1766668, -18.103611 ], [ 124.176389, -18.103611 ], [ 124.1761112, -18.103611 ], [ 124.1758334, -18.103611 ], [ 124.1755556, -18.1038887 ], [ 124.1752779, -18.1038887 ], [ 124.1750001, -18.1038887 ], [ 124.1747223, -18.1038887 ], [ 124.1744445, -18.1038887 ], [ 124.1741668, -18.1038887 ], [ 124.173889, -18.1038887 ], [ 124.1736112, -18.1038887 ], [ 124.1733334, -18.1038887 ], [ 124.1730556, -18.1038887 ], [ 124.1727779, -18.1038887 ], [ 124.1725001, -18.1038887 ], [ 124.1722223, -18.1038887 ], [ 124.1719445, -18.1038887 ], [ 124.1716668, -18.1038887 ], [ 124.171389, -18.1038887 ], [ 124.1711112, -18.1038887 ], [ 124.1708334, -18.1038887 ], [ 124.1705556, -18.1038887 ], [ 124.1702779, -18.1038887 ], [ 124.1700001, -18.1038887 ], [ 124.1697223, -18.1038887 ], [ 124.1694445, -18.103611 ], [ 124.1691668, -18.103611 ], [ 124.168889, -18.103611 ], [ 124.1686112, -18.103611 ], [ 124.1683334, -18.103611 ], [ 124.1680556, -18.103611 ], [ 124.1677779, -18.103611 ], [ 124.1675001, -18.103611 ], [ 124.1672223, -18.103611 ], [ 124.1669445, -18.103611 ], [ 124.1666668, -18.103611 ], [ 124.166389, -18.103611 ] ] } },
{ "type": "Feature", "properties": { "HydroID": 101915578, "AHGFFType": 1, "Name": " ", "Hierarchy": "Minor", "Perennial": "Non Perennial", "AusHydroID": 10369315, "AusHydroEr": 1, "SegmentNo": 409448, "DrainID": 100646188, "From_Node": 101625684, "To_Node": 101625594, "NextDownID": 101915492, "Enabled": 1, "FlowDir": 1, "SrcFCName": "DEMDerivedStreamsVector", "SrcFType": "Watercourse", "SrcType": 1, "SourceID": null, "FeatRel": "2019-08-21T00:00:00Z", "FSource": "GEOSCIENCE AUSTRALIA", "AttrRel": "2019-08-21T00:00:00Z", "AttrSource": "GEOSCIENCE AUSTRALIA", "PlanAcc": 15, "Symbol": null, "TextNote": null, "GeodesLen": 2947.418004535828, "UpstrGeoLn": 55792112.844598062, "UpstrDArea": 52544032718.503159, "ConCatID": 239771, "StrOutlet": 0, "Shape_Length": 0.027265091161268684 }, "bbox": [ 124.1669445, -18.1155554, 124.1819445, -18.1019443 ], "geometry": { "type": "LineString", "coordinates": [ [ 124.1819445, -18.1019443 ], [ 124.1816668, -18.1022221 ], [ 124.1816668, -18.1024998 ], [ 124.181389, -18.1027776 ], [ 124.181389, -18.1030554 ], [ 124.1811112, -18.1033332 ], [ 124.1808334, -18.103611 ], [ 124.1805556, -18.1038887 ], [ 124.1805556, -18.1041665 ], [ 124.1802779, -18.1044443 ], [ 124.1800001, -18.1047221 ], [ 124.1797223, -18.1049998 ], [ 124.1794445, -18.1052776 ], [ 124.1794445, -18.1055554 ], [ 124.1791668, -18.1058332 ], [ 124.178889, -18.106111 ], [ 124.1786112, -18.1063887 ], [ 124.1786112, -18.1066665 ], [ 124.1786112, -18.1069443 ], [ 124.1786112, -18.1072221 ], [ 124.178889, -18.1074998 ], [ 124.1791668, -18.1077776 ], [ 124.1794445, -18.1080554 ], [ 124.1794445, -18.1083332 ], [ 124.1797223, -18.108611 ], [ 124.1797223, -18.1088887 ], [ 124.1794445, -18.1091665 ], [ 124.1791668, -18.1094443 ], [ 124.1791668, -18.1097221 ], [ 124.1791668, -18.1099998 ], [ 124.1791668, -18.1102776 ], [ 124.1794445, -18.1105554 ], [ 124.1794445, -18.1108332 ], [ 124.1794445, -18.111111 ], [ 124.1791668, -18.1113887 ], [ 124.1791668, -18.1116665 ], [ 124.178889, -18.1119443 ], [ 124.1786112, -18.1119443 ], [ 124.1783334, -18.1122221 ], [ 124.1783334, -18.1124998 ], [ 124.1780556, -18.1127776 ], [ 124.1777779, -18.1130554 ], [ 124.1775001, -18.1133332 ], [ 124.1772223, -18.113611 ], [ 124.1769445, -18.1138887 ], [ 124.1766668, -18.1138887 ], [ 124.176389, -18.1138887 ], [ 124.1761112, -18.1141665 ], [ 124.1758334, -18.1141665 ], [ 124.1755556, -18.1141665 ], [ 124.1752779, -18.1141665 ], [ 124.1750001, -18.1144443 ], [ 124.1747223, -18.1147221 ], [ 124.1744445, -18.1149998 ], [ 124.1744445, -18.1152776 ], [ 124.1741668, -18.1155554 ], [ 124.173889, -18.1155554 ], [ 124.1736112, -18.1155554 ], [ 124.1733334, -18.1155554 ], [ 124.1730556, -18.1155554 ], [ 124.1727779, -18.1155554 ], [ 124.1725001, -18.1155554 ], [ 124.1722223, -18.1155554 ], [ 124.1719445, -18.1155554 ], [ 124.1716668, -18.1155554 ], [ 124.171389, -18.1155554 ], [ 124.1711112, -18.1152776 ], [ 124.1708334, -18.1152776 ], [ 124.1705556, -18.1149998 ], [ 124.1705556, -18.1147221 ], [ 124.1702779, -18.1144443 ], [ 124.1700001, -18.1141665 ], [ 124.1697223, -18.1138887 ], [ 124.1694445, -18.113611 ], [ 124.1691668, -18.1133332 ], [ 124.168889, -18.1133332 ], [ 124.1686112, -18.1133332 ], [ 124.1683334, -18.1133332 ], [ 124.1680556, -18.1133332 ], [ 124.1677779, -18.1133332 ], [ 124.1675001, -18.1133332 ], [ 124.1672223, -18.1133332 ], [ 124.1669445, -18.1133332 ] ] } },
{ "type": "Feature", "properties": { "HydroID": 101915596, "AHGFFType": 1, "Name": "FITZROY RIVER", "Hierarchy": "Major", "Perennial": "Perennial", "AusHydroID": 10369801, "AusHydroEr": 1, "SegmentNo": 409595, "DrainID": 100646249, "From_Node": 101625703, "To_Node": 101625657, "NextDownID": 101915553, "Enabled": 1, "FlowDir": 1, "SrcFCName": "DEMDerivedStreamsVector", "SrcFType": "Watercourse", "SrcType": 1, "SourceID": null, "FeatRel": "2019-08-21T00:00:00Z", "FSource": "GEOSCIENCE AUSTRALIA", "AttrRel": "2019-08-21T00:00:00Z", "AttrSource": "GEOSCIENCE AUSTRALIA", "PlanAcc": 15, "Symbol": 2, "TextNote": null, "GeodesLen": 1870.6570662132863, "UpstrGeoLn": 55779944.621782087, "UpstrDArea": 52532190671.573013, "ConCatID": 239771, "StrOutlet": 0, "Shape_Length": 0.017158208595763232 }, "bbox": [ 124.1772223, -18.1033332, 124.1852779, -18.0899998 ], "geometry": { "type": "LineString", "coordinates": [ [ 124.1852779, -18.0899998 ], [ 124.1852779, -18.0902776 ], [ 124.1850001, -18.0905554 ], [ 124.1847223, -18.0908332 ], [ 124.1844445, -18.091111 ], [ 124.1841668, -18.0913887 ], [ 124.183889, -18.0913887 ], [ 124.1836112, -18.0916665 ], [ 124.1833334, -18.0919443 ], [ 124.1830556, -18.0919443 ], [ 124.1827779, -18.0922221 ], [ 124.1825001, -18.0922221 ], [ 124.1822223, -18.0924998 ], [ 124.1822223, -18.0927776 ], [ 124.1822223, -18.0930554 ], [ 124.1819445, -18.0933332 ], [ 124.1819445, -18.093611 ], [ 124.1819445, -18.0938887 ], [ 124.1816668, -18.0941665 ], [ 124.1816668, -18.0944443 ], [ 124.1816668, -18.0947221 ], [ 124.181389, -18.0949998 ], [ 124.181389, -18.0952776 ], [ 124.1811112, -18.0955554 ], [ 124.1811112, -18.0958332 ], [ 124.1808334, -18.096111 ], [ 124.1808334, -18.0963887 ], [ 124.1805556, -18.0966665 ], [ 124.1805556, -18.0969443 ], [ 124.1805556, -18.0972221 ], [ 124.1802779, -18.0974998 ], [ 124.1802779, -18.0977776 ], [ 124.1802779, -18.0980554 ], [ 124.1800001, -18.0983332 ], [ 124.1800001, -18.098611 ], [ 124.1800001, -18.0988887 ], [ 124.1797223, -18.0991665 ], [ 124.1797223, -18.0994443 ], [ 124.1797223, -18.0997221 ], [ 124.1794445, -18.1 ], [ 124.1794445, -18.1002776 ], [ 124.1794445, -18.1005554 ], [ 124.1791668, -18.1008332 ], [ 124.1791668, -18.101111 ], [ 124.178889, -18.1013887 ], [ 124.178889, -18.1016665 ], [ 124.1786112, -18.1019443 ], [ 124.1783334, -18.1022221 ], [ 124.1780556, -18.1024998 ], [ 124.1777779, -18.1027776 ], [ 124.1775001, -18.1030554 ], [ 124.1772223, -18.1033332 ] ] } },
{ "type": "Feature", "properties": { "HydroID": 101915597, "AHGFFType": 1, "Name": " ", "Hierarchy": "Minor", "Perennial": "Non Perennial", "AusHydroID": 1434663, "AusHydroEr": 1, "SegmentNo": 409363, "DrainID": 100646157, "From_Node": 101625703, "To_Node": 101625562, "NextDownID": 101915459, "Enabled": 1, "FlowDir": 1, "SrcFCName": "DEMDerivedStreamsVector", "SrcFType": "Watercourse", "SrcType": 1, "SourceID": null, "FeatRel": "2019-08-21T00:00:00Z", "FSource": "GEOSCIENCE AUSTRALIA", "AttrRel": "2019-08-21T00:00:00Z", "AttrSource": "GEOSCIENCE AUSTRALIA", "PlanAcc": 15, "Symbol": null, "TextNote": null, "GeodesLen": 3975.4911610526401, "UpstrGeoLn": 55782049.455876932, "UpstrDArea": 52532885031.981079, "ConCatID": 239771, "StrOutlet": 0, "Shape_Length": 0.036844334236821534 }, "bbox": [ 124.1608334, -18.0905554, 124.1852779, -18.0749998 ], "geometry": { "type": "LineString", "coordinates": [ [ 124.1852779, -18.0899998 ], [ 124.1850001, -18.0899998 ], [ 124.1847223, -18.0902776 ], [ 124.1844445, -18.0902776 ], [ 124.1841668, -18.0902776 ], [ 124.183889, -18.0905554 ], [ 124.1836112, -18.0905554 ], [ 124.1833334, -18.0905554 ], [ 124.1830556, -18.0905554 ], [ 124.1827779, -18.0905554 ], [ 124.1825001, -18.0905554 ], [ 124.1822223, -18.0905554 ], [ 124.1819445, -18.0905554 ], [ 124.1816668, -18.0902776 ], [ 124.181389, -18.0902776 ], [ 124.1811112, -18.0899998 ], [ 124.1808334, -18.0899998 ], [ 124.1805556, -18.0897221 ], [ 124.1802779, -18.0894443 ], [ 124.1802779, -18.0891665 ], [ 124.1800001, -18.0888887 ], [ 124.1800001, -18.088611 ], [ 124.1800001, -18.0883332 ], [ 124.1797223, -18.0880554 ], [ 124.1794445, -18.0880554 ], [ 124.1791668, -18.0877776 ], [ 124.1791668, -18.0874998 ], [ 124.1791668, -18.0872221 ], [ 124.178889, -18.0869443 ], [ 124.1786112, -18.0869443 ], [ 124.1783334, -18.0869443 ], [ 124.1780556, -18.0869443 ], [ 124.1777779, -18.0866665 ], [ 124.1775001, -18.0866665 ], [ 124.1772223, -18.0866665 ], [ 124.1769445, -18.0863887 ], [ 124.1769445, -18.086111 ], [ 124.1766668, -18.0858332 ], [ 124.1766668, -18.0855554 ], [ 124.1766668, -18.0852776 ], [ 124.1766668, -18.0849998 ], [ 124.1769445, -18.0847221 ], [ 124.1769445, -18.0844443 ], [ 124.1766668, -18.0841665 ], [ 124.176389, -18.0838887 ], [ 124.1761112, -18.0838887 ], [ 124.1758334, -18.083611 ], [ 124.1755556, -18.0833332 ], [ 124.1752779, -18.0830554 ], [ 124.1752779, -18.0827776 ], [ 124.1752779, -18.0824998 ], [ 124.1750001, -18.0822221 ], [ 124.1747223, -18.0819443 ], [ 124.1744445, -18.0816665 ], [ 124.1744445, -18.0813887 ], [ 124.1744445, -18.081111 ], [ 124.1744445, -18.0808332 ], [ 124.1741668, -18.0805554 ], [ 124.1741668, -18.0802776 ], [ 124.173889, -18.0799998 ], [ 124.1736112, -18.0799998 ], [ 124.1733334, -18.0799998 ], [ 124.1730556, -18.0799998 ], [ 124.1727779, -18.0797221 ], [ 124.1725001, -18.0794443 ], [ 124.1725001, -18.0791665 ], [ 124.1725001, -18.0788887 ], [ 124.1722223, -18.078611 ], [ 124.1719445, -18.0783332 ], [ 124.1719445, -18.0780554 ], [ 124.1719445, -18.0777776 ], [ 124.1719445, -18.0774998 ], [ 124.1716668, -18.0772221 ], [ 124.1716668, -18.0769443 ], [ 124.171389, -18.0766665 ], [ 124.1711112, -18.0763887 ], [ 124.1708334, -18.076111 ], [ 124.1705556, -18.076111 ], [ 124.1702779, -18.076111 ], [ 124.1700001, -18.0763887 ], [ 124.1697223, -18.0763887 ], [ 124.1694445, -18.0766665 ], [ 124.1691668, -18.0769443 ], [ 124.168889, -18.0769443 ], [ 124.1686112, -18.0769443 ], [ 124.1683334, -18.0772221 ], [ 124.1680556, -18.0772221 ], [ 124.1677779, -18.0769443 ], [ 124.1675001, -18.0766665 ], [ 124.1675001, -18.0763887 ], [ 124.1672223, -18.076111 ], [ 124.1672223, -18.0758332 ], [ 124.1669445, -18.0755554 ], [ 124.1666668, -18.0752776 ], [ 124.166389, -18.0749998 ], [ 124.1661112, -18.0749998 ], [ 124.1658334, -18.0749998 ], [ 124.1655556, -18.0749998 ], [ 124.1652779, -18.0749998 ], [ 124.1650001, -18.0749998 ], [ 124.1647223, -18.0749998 ], [ 124.1644445, -18.0749998 ], [ 124.1641668, -18.0752776 ], [ 124.163889, -18.0752776 ], [ 124.1636112, -18.0755554 ], [ 124.1633334, -18.0755554 ], [ 124.1630556, -18.0755554 ], [ 124.1627779, -18.0755554 ], [ 124.1625001, -18.0755554 ], [ 124.1622223, -18.0755554 ], [ 124.1619445, -18.0758332 ], [ 124.1616668, -18.0758332 ], [ 124.161389, -18.0758332 ], [ 124.1611112, -18.0758332 ], [ 124.1608334, -18.0758332 ] ] } },
{ "type": "Feature", "properties": { "HydroID": 101915613, "AHGFFType": 3, "Name": "JARRAN CREEK", "Hierarchy": "Major", "Perennial": "Non Perennial", "AusHydroID": 1436794, "AusHydroEr": 1, "SegmentNo": 409600, "DrainID": 100646250, "From_Node": 101625716, "To_Node": 101625658, "NextDownID": 101915552, "Enabled": 1, "FlowDir": 1, "SrcFCName": "DEMDerivedStreamsVector", "SrcFType": "Waterbody Connector", "SrcType": 3, "SourceID": null, "FeatRel": "2019-08-21T00:00:00Z", "FSource": "GEOSCIENCE AUSTRALIA", "AttrRel": "2019-08-21T00:00:00Z", "AttrSource": "GEOSCIENCE AUSTRALIA", "PlanAcc": 15, "Symbol": 6, "TextNote": null, "GeodesLen": 1416.0170848984085, "UpstrGeoLn": 56360123.500425994, "UpstrDArea": 53400720887.357742, "ConCatID": 239771, "StrOutlet": 0, "Shape_Length": 0.013229838860794726 }, "bbox": [ 124.1772223, -18.0466665, 124.1886112, -18.0422221 ], "geometry": { "type": "LineString", "coordinates": [ [ 124.1886112, -18.0422221 ], [ 124.1883334, -18.0422221 ], [ 124.1880556, -18.0422221 ], [ 124.1877779, -18.0422221 ], [ 124.1875001, -18.0424998 ], [ 124.1872223, -18.0424998 ], [ 124.1869445, -18.0424998 ], [ 124.1866668, -18.0427776 ], [ 124.186389, -18.0427776 ], [ 124.1861112, -18.0430554 ], [ 124.1858334, -18.0430554 ], [ 124.1855556, -18.0433332 ], [ 124.1852779, -18.0433332 ], [ 124.1850001, -18.0433332 ], [ 124.1847223, -18.043611 ], [ 124.1844445, -18.043611 ], [ 124.1841668, -18.043611 ], [ 124.183889, -18.043611 ], [ 124.1836112, -18.043611 ], [ 124.1833334, -18.0438887 ], [ 124.1830556, -18.0438887 ], [ 124.1827779, -18.0438887 ], [ 124.1825001, -18.0438887 ], [ 124.1822223, -18.0441665 ], [ 124.1819445, -18.0441665 ], [ 124.1816668, -18.0441665 ], [ 124.181389, -18.0444443 ], [ 124.1811112, -18.0444443 ], [ 124.1808334, -18.0447221 ], [ 124.1805556, -18.0447221 ], [ 124.1802779, -18.0449998 ], [ 124.1800001, -18.0449998 ], [ 124.1797223, -18.0452776 ], [ 124.1794445, -18.0452776 ], [ 124.1791668, -18.0455554 ], [ 124.178889, -18.0455554 ], [ 124.1786112, -18.0458332 ], [ 124.1783334, -18.0458332 ], [ 124.1780556, -18.046111 ], [ 124.1777779, -18.046111 ], [ 124.1775001, -18.0463887 ], [ 124.1772223, -18.0466665 ] ] } },
{ "type": "Feature", "properties": { "HydroID": 101915615, "AHGFFType": 3, "Name": "SIX MILE CREEK", "Hierarchy": "Major", "Perennial": "Non Perennial", "AusHydroID": 1436922, "AusHydroEr": 1, "SegmentNo": 409731, "DrainID": 100646295, "From_Node": 101625720, "To_Node": 101625716, "NextDownID": 101915613, "Enabled": 1, "FlowDir": 1, "SrcFCName": "DEMDerivedStreamsVector", "SrcFType": "Waterbody Connector", "SrcType": 3, "SourceID": null, "FeatRel": "2019-08-21T00:00:00Z", "FSource": "GEOSCIENCE AUSTRALIA", "AttrRel": "2019-08-21T00:00:00Z", "AttrSource": "GEOSCIENCE AUSTRALIA", "PlanAcc": 15, "Symbol": 6, "TextNote": null, "GeodesLen": 42.546840568033602, "UpstrGeoLn": 37726.204434999614, "UpstrDArea": 28436695.122052364, "ConCatID": 239771, "StrOutlet": 0, "Shape_Length": 0.00039283600068639195 }, "bbox": [ 124.1886112, -18.0424998, 124.188889, -18.0422221 ], "geometry": { "type": "LineString", "coordinates": [ [ 124.188889, -18.0424998 ], [ 124.1886112, -18.0422221 ] ] } },
{ "type": "Feature", "properties": { "HydroID": 101915621, "AHGFFType": 1, "Name": " ", "Hierarchy": "Minor", "Perennial": "Non Perennial", "AusHydroID": 22031833, "AusHydroEr": 1, "SegmentNo": 409760, "DrainID": 100646312, "From_Node": 101625731, "To_Node": 101625734, "NextDownID": 101915625, "Enabled": 1, "FlowDir": 1, "SrcFCName": "DEMDerivedStreamsVector", "SrcFType": "Watercourse", "SrcType": 1, "SourceID": null, "FeatRel": "2019-08-21T00:00:00Z", "FSource": "GEOSCIENCE AUSTRALIA", "AttrRel": "2019-08-21T00:00:00Z", "AttrSource": "GEOSCIENCE AUSTRALIA", "PlanAcc": 15, "Symbol": null, "TextNote": null, "GeodesLen": 877.27425832044173, "UpstrGeoLn": 908.01922077317636, "UpstrDArea": 6191126.0116870767, "ConCatID": 239771, "StrOutlet": 3, "Shape_Length": 0.0079602358313782332 }, "bbox": [ 124.1900001, -18.1558332, 124.1905556, -18.1483332 ], "geometry": { "type": "LineString", "coordinates": [ [ 124.1900001, -18.1558332 ], [ 124.1900001, -18.1555554 ], [ 124.1900001, -18.1552776 ], [ 124.1900001, -18.1549998 ], [ 124.1900001, -18.1547221 ], [ 124.1902779, -18.1544443 ], [ 124.1902779, -18.1541665 ], [ 124.1902779, -18.1538887 ], [ 124.1902779, -18.153611 ], [ 124.1902779, -18.1533332 ], [ 124.1902779, -18.1530554 ], [ 124.1902779, -18.1527776 ], [ 124.1902779, -18.1524998 ], [ 124.1902779, -18.1522221 ], [ 124.1902779, -18.1519443 ], [ 124.1902779, -18.1516665 ], [ 124.1900001, -18.1513887 ], [ 124.1900001, -18.151111 ], [ 124.1900001, -18.1508332 ], [ 124.1900001, -18.1505554 ], [ 124.1902779, -18.1502776 ], [ 124.1902779, -18.1499998 ], [ 124.1902779, -18.1497221 ], [ 124.1902779, -18.1494443 ], [ 124.1905556, -18.1491665 ], [ 124.1905556, -18.1488887 ], [ 124.1905556, -18.148611 ], [ 124.1905556, -18.1483332 ] ] } },
{ "type": "Feature", "properties": { "HydroID": 101915622, "AHGFFType": 3, "Name": " ", "Hierarchy": "Minor", "Perennial": "Non Perennial", "AusHydroID": 22031833, "AusHydroEr": 1, "SegmentNo": 409755, "DrainID": 100646308, "From_Node": 101625730, "To_Node": 101625731, "NextDownID": 101915621, "Enabled": 1, "FlowDir": 1, "SrcFCName": "DEMDerivedStreamsVector", "SrcFType": "Waterbody Connector", "SrcType": 3, "SourceID": null, "FeatRel": "2019-08-21T00:00:00Z", "FSource": "GEOSCIENCE AUSTRALIA", "AttrRel": "2019-08-21T00:00:00Z", "AttrSource": "GEOSCIENCE AUSTRALIA", "PlanAcc": 15, "Symbol": null, "TextNote": null, "GeodesLen": 30.744962452734619, "UpstrGeoLn": 30.744962452734619, "UpstrDArea": 5979665.8674962884, "ConCatID": 239771, "StrOutlet": 0, "Shape_Length": 0.00027777700000797267 }, "bbox": [ 124.1900001, -18.156111, 124.1900001, -18.1558332 ], "geometry": { "type": "LineString", "coordinates": [ [ 124.1900001, -18.156111 ], [ 124.1900001, -18.1558332 ] ] } },
{ "type": "Feature", "properties": { "HydroID": 101915625, "AHGFFType": 3, "Name": " ", "Hierarchy": "Minor", "Perennial": "Non Perennial", "AusHydroID": 22031833, "AusHydroEr": 1, "SegmentNo": 409743, "DrainID": 100646303, "From_Node": 101625734, "To_Node": 101625724, "NextDownID": -1, "Enabled": 1, "FlowDir": 1, "SrcFCName": "DEMDerivedStreamsVector", "SrcFType": "Waterbody Connector", "SrcType": 3, "SourceID": null, "FeatRel": "2019-08-21T00:00:00Z", "FSource": "GEOSCIENCE AUSTRALIA", "AttrRel": "2019-08-21T00:00:00Z", "AttrSource": "GEOSCIENCE AUSTRALIA", "PlanAcc": 15, "Symbol": null, "TextNote": null, "GeodesLen": 771.90172204920464, "UpstrGeoLn": 1679.920942822381, "UpstrDArea": 11278932.453328209, "ConCatID": 239771, "StrOutlet": 2, "Shape_Length": 0.0070118448306060836 }, "bbox": [ 124.1894445, -18.1483332, 124.1905556, -18.1419443 ], "geometry": { "type": "LineString", "coordinates": [ [ 124.1905556, -18.1483332 ], [ 124.1905556, -18.1480554 ], [ 124.1905556, -18.1477776 ], [ 124.1905556, -18.1474998 ], [ 124.1905556, -18.1472221 ], [ 124.1905556, -18.1469443 ], [ 124.1905556, -18.1466665 ], [ 124.1905556, -18.1463887 ], [ 124.1905556, -18.146111 ], [ 124.1905556, -18.1458332 ], [ 124.1905556, -18.1455554 ], [ 124.1905556, -18.1452776 ], [ 124.1905556, -18.1449998 ], [ 124.1905556, -18.1447221 ], [ 124.1905556, -18.1444443 ], [ 124.1905556, -18.1441665 ], [ 124.1905556, -18.1438887 ], [ 124.1905556, -18.143611 ], [ 124.1905556, -18.1433332 ], [ 124.1905556, -18.1430554 ], [ 124.1905556, -18.1427776 ], [ 124.1902779, -18.1424998 ], [ 124.1900001, -18.1422221 ], [ 124.1897223, -18.1422221 ], [ 124.1894445, -18.1419443 ] ] } },
{ "type": "Feature", "properties": { "HydroID": 101915627, "AHGFFType": 1, "Name": " ", "Hierarchy": "Minor", "Perennial": "Non Perennial", "AusHydroID": 10369316, "AusHydroEr": 1, "SegmentNo": 409651, "DrainID": 100646273, "From_Node": 101625736, "To_Node": 101625684, "NextDownID": 101915578, "Enabled": 1, "FlowDir": 1, "SrcFCName": "DEMDerivedStreamsVector", "SrcFType": "Watercourse", "SrcType": 1, "SourceID": null, "FeatRel": "2019-08-21T00:00:00Z", "FSource": "GEOSCIENCE AUSTRALIA", "AttrRel": "2019-08-21T00:00:00Z", "AttrSource": "GEOSCIENCE AUSTRALIA", "PlanAcc": 15, "Symbol": null, "TextNote": null, "GeodesLen": 1217.0301278966726, "UpstrGeoLn": 55785345.429971121, "UpstrDArea": 52539721754.576187, "ConCatID": 239771, "StrOutlet": 0, "Shape_Length": 0.01133305344506322 }, "bbox": [ 124.1819445, -18.1019443, 124.1908334, -18.0972221 ], "geometry": { "type": "LineString", "coordinates": [ [ 124.1908334, -18.0972221 ], [ 124.1905556, -18.0972221 ], [ 124.1902779, -18.0972221 ], [ 124.1900001, -18.0972221 ], [ 124.1897223, -18.0972221 ], [ 124.1894445, -18.0972221 ], [ 124.1891668, -18.0972221 ], [ 124.188889, -18.0972221 ], [ 124.1886112, -18.0974998 ], [ 124.1883334, -18.0974998 ], [ 124.1880556, -18.0977776 ], [ 124.1877779, -18.0977776 ], [ 124.1875001, -18.0980554 ], [ 124.1872223, -18.0980554 ], [ 124.1869445, -18.0983332 ], [ 124.1866668, -18.098611 ], [ 124.1866668, -18.0988887 ], [ 124.186389, -18.0991665 ], [ 124.186389, -18.0994443 ], [ 124.186389, -18.0997221 ], [ 124.1861112, -18.1 ], [ 124.1858334, -18.1002776 ], [ 124.1855556, -18.1002776 ], [ 124.1852779, -18.1005554 ], [ 124.1850001, -18.1005554 ], [ 124.1847223, -18.1005554 ], [ 124.1844445, -18.1008332 ], [ 124.1841668, -18.1008332 ], [ 124.183889, -18.101111 ], [ 124.1836112, -18.1013887 ], [ 124.1833334, -18.1016665 ], [ 124.1830556, -18.1016665 ], [ 124.1827779, -18.1016665 ], [ 124.1825001, -18.1016665 ], [ 124.1822223, -18.1019443 ], [ 124.1819445, -18.1019443 ] ] } },
{ "type": "Feature", "properties": { "HydroID": 101915644, "AHGFFType": 1, "Name": " ", "Hierarchy": "Minor", "Perennial": "Non Perennial", "AusHydroID": 10369122, "AusHydroEr": 1, "SegmentNo": 409535, "DrainID": 100646221, "From_Node": 101625751, "To_Node": 101625630, "NextDownID": 101915527, "Enabled": 1, "FlowDir": 1, "SrcFCName": "DEMDerivedStreamsVector", "SrcFType": "Watercourse", "SrcType": 1, "SourceID": null, "FeatRel": "2019-08-21T00:00:00Z", "FSource": "GEOSCIENCE AUSTRALIA", "AttrRel": "2019-08-21T00:00:00Z", "AttrSource": "GEOSCIENCE AUSTRALIA", "PlanAcc": 15, "Symbol": null, "TextNote": null, "GeodesLen": 2774.0263984836924, "UpstrGeoLn": 55789916.400800146, "UpstrDArea": 52544852107.306854, "ConCatID": 239771, "StrOutlet": 0, "Shape_Length": 0.025789060256015114 }, "bbox": [ 124.1736112, -18.1197221, 124.1927779, -18.1130554 ], "geometry": { "type": "LineString", "coordinates": [ [ 124.1927779, -18.1130554 ], [ 124.1925001, -18.1133332 ], [ 124.1925001, -18.113611 ], [ 124.1925001, -18.1138887 ], [ 124.1925001, -18.1141665 ], [ 124.1922223, -18.1144443 ], [ 124.1919445, -18.1144443 ], [ 124.1916668, -18.1144443 ], [ 124.191389, -18.1144443 ], [ 124.1911112, -18.1144443 ], [ 124.1908334, -18.1144443 ], [ 124.1905556, -18.1147221 ], [ 124.1902779, -18.1149998 ], [ 124.1902779, -18.1152776 ], [ 124.1902779, -18.1155554 ], [ 124.1900001, -18.1158332 ], [ 124.1900001, -18.116111 ], [ 124.1897223, -18.1163887 ], [ 124.1897223, -18.1166665 ], [ 124.1894445, -18.1169443 ], [ 124.1891668, -18.1169443 ], [ 124.188889, -18.1172221 ], [ 124.1886112, -18.1174998 ], [ 124.1883334, -18.1174998 ], [ 124.1880556, -18.1174998 ], [ 124.1877779, -18.1174998 ], [ 124.1875001, -18.1174998 ], [ 124.1872223, -18.1177776 ], [ 124.1869445, -18.1177776 ], [ 124.1866668, -18.1180554 ], [ 124.186389, -18.1183332 ], [ 124.186389, -18.118611 ], [ 124.1861112, -18.1188887 ], [ 124.1858334, -18.1188887 ], [ 124.1855556, -18.1188887 ], [ 124.1852779, -18.118611 ], [ 124.1850001, -18.118611 ], [ 124.1847223, -18.118611 ], [ 124.1844445, -18.118611 ], [ 124.1841668, -18.1183332 ], [ 124.1841668, -18.1180554 ], [ 124.1841668, -18.1177776 ], [ 124.183889, -18.1174998 ], [ 124.1836112, -18.1174998 ], [ 124.1833334, -18.1172221 ], [ 124.1830556, -18.1172221 ], [ 124.1827779, -18.1172221 ], [ 124.1825001, -18.1172221 ], [ 124.1822223, -18.1174998 ], [ 124.1822223, -18.1177776 ], [ 124.1819445, -18.1180554 ], [ 124.1816668, -18.1183332 ], [ 124.181389, -18.1183332 ], [ 124.1811112, -18.118611 ], [ 124.1808334, -18.118611 ], [ 124.1805556, -18.1188887 ], [ 124.1802779, -18.1188887 ], [ 124.1800001, -18.1188887 ], [ 124.1797223, -18.1188887 ], [ 124.1794445, -18.1191665 ], [ 124.1791668, -18.1191665 ], [ 124.178889, -18.1191665 ], [ 124.1786112, -18.1191665 ], [ 124.1783334, -18.1191665 ], [ 124.1780556, -18.1194443 ], [ 124.1777779, -18.1194443 ], [ 124.1775001, -18.1194443 ], [ 124.1772223, -18.1194443 ], [ 124.1769445, -18.1194443 ], [ 124.1766668, -18.1191665 ], [ 124.176389, -18.1188887 ], [ 124.1761112, -18.1188887 ], [ 124.1758334, -18.1188887 ], [ 124.1755556, -18.1188887 ], [ 124.1752779, -18.1191665 ], [ 124.1750001, -18.1194443 ], [ 124.1747223, -18.1194443 ], [ 124.1744445, -18.1197221 ], [ 124.1741668, -18.1197221 ], [ 124.173889, -18.1194443 ], [ 124.1736112, -18.1191665 ] ] } },
{ "type": "Feature", "properties": { "HydroID": 101915645, "AHGFFType": 1, "Name": "JARRAN CREEK", "Hierarchy": "Major", "Perennial": "Non Perennial", "AusHydroID": 1436979, "AusHydroEr": 1, "SegmentNo": 409730, "DrainID": 100646294, "From_Node": 101625757, "To_Node": 101625716, "NextDownID": 101915613, "Enabled": 1, "FlowDir": 1, "SrcFCName": "DEMDerivedStreamsVector", "SrcFType": "Watercourse", "SrcType": 1, "SourceID": null, "FeatRel": "2019-08-21T00:00:00Z", "FSource": "GEOSCIENCE AUSTRALIA", "AttrRel": "2019-08-21T00:00:00Z", "AttrSource": "GEOSCIENCE AUSTRALIA", "PlanAcc": 15, "Symbol": 6, "TextNote": null, "GeodesLen": 588.80378214364089, "UpstrGeoLn": 56335854.357822925, "UpstrDArea": 53380181183.30323, "ConCatID": 239771, "StrOutlet": 0, "Shape_Length": 0.0054799779059849472 }, "bbox": [ 124.1886112, -18.0422221, 124.1905332, -18.0405779 ], "geometry": { "type": "LineString", "coordinates": [ [ 124.1905332, -18.0405779 ], [ 124.1902779, -18.0408332 ], [ 124.1900001, -18.0408332 ], [ 124.1897223, -18.041111 ], [ 124.1894445, -18.0413887 ], [ 124.1891668, -18.0416665 ], [ 124.188889, -18.0419443 ], [ 124.1886112, -18.0422221 ] ] } },
{ "type": "Feature", "properties": { "HydroID": 101915656, "AHGFFType": 1, "Name": " ", "Hierarchy": "Minor", "Perennial": "Non Perennial", "AusHydroID": 10369123, "AusHydroEr": 1, "SegmentNo": 409807, "DrainID": 100646332, "From_Node": 101625765, "To_Node": 101625751, "NextDownID": 101915644, "Enabled": 1, "FlowDir": 1, "SrcFCName": "DEMDerivedStreamsVector", "SrcFType": "Watercourse", "SrcType": 1, "SourceID": null, "FeatRel": "2019-08-21T00:00:00Z", "FSource": "GEOSCIENCE AUSTRALIA", "AttrRel": "2019-08-21T00:00:00Z", "AttrSource": "GEOSCIENCE AUSTRALIA", "PlanAcc": 15, "Symbol": null, "TextNote": null, "GeodesLen": 1986.1303570931545, "UpstrGeoLn": 55781839.22552643, "UpstrDArea": 52538342281.180084, "ConCatID": 239771, "StrOutlet": 0, "Shape_Length": 0.01833671913348656 }, "bbox": [ 124.1883334, -18.1130554, 124.1952779, -18.1013887 ], "geometry": { "type": "LineString", "coordinates": [ [ 124.1952779, -18.1013887 ], [ 124.1952779, -18.1016665 ], [ 124.1950001, -18.1019443 ], [ 124.1947223, -18.1022221 ], [ 124.1944445, -18.1024998 ], [ 124.1941668, -18.1027776 ], [ 124.193889, -18.1030554 ], [ 124.1936112, -18.1033332 ], [ 124.1933334, -18.1033332 ], [ 124.1930556, -18.103611 ], [ 124.1927779, -18.1038887 ], [ 124.1925001, -18.1041665 ], [ 124.1922223, -18.1044443 ], [ 124.1919445, -18.1047221 ], [ 124.1919445, -18.1049998 ], [ 124.1916668, -18.1052776 ], [ 124.191389, -18.1055554 ], [ 124.1911112, -18.1058332 ], [ 124.1911112, -18.106111 ], [ 124.1908334, -18.1063887 ], [ 124.1908334, -18.1066665 ], [ 124.1905556, -18.1069443 ], [ 124.1902779, -18.1072221 ], [ 124.1900001, -18.1074998 ], [ 124.1897223, -18.1077776 ], [ 124.1894445, -18.1080554 ], [ 124.1894445, -18.1083332 ], [ 124.1891668, -18.108611 ], [ 124.1891668, -18.1088887 ], [ 124.188889, -18.1091665 ], [ 124.188889, -18.1094443 ], [ 124.188889, -18.1097221 ], [ 124.1886112, -18.1099998 ], [ 124.1886112, -18.1102776 ], [ 124.1886112, -18.1105554 ], [ 124.1883334, -18.1108332 ], [ 124.1883334, -18.111111 ], [ 124.1886112, -18.1113887 ], [ 124.188889, -18.1116665 ], [ 124.1891668, -18.1116665 ], [ 124.1894445, -18.1116665 ], [ 124.1897223, -18.1116665 ], [ 124.1900001, -18.1116665 ], [ 124.1902779, -18.1116665 ], [ 124.1905556, -18.1116665 ], [ 124.1908334, -18.1116665 ], [ 124.1911112, -18.1116665 ], [ 124.191389, -18.1116665 ], [ 124.1916668, -18.1116665 ], [ 124.1919445, -18.1119443 ], [ 124.1922223, -18.1119443 ], [ 124.1925001, -18.1122221 ], [ 124.1927779, -18.1124998 ], [ 124.1927779, -18.1127776 ], [ 124.1927779, -18.1130554 ] ] } },
{ "type": "Feature", "properties": { "HydroID": 101915657, "AHGFFType": 1, "Name": " ", "Hierarchy": "Minor", "Perennial": "Non Perennial", "AusHydroID": 1433384, "AusHydroEr": 1, "SegmentNo": 409775, "DrainID": 100646320, "From_Node": 101625765, "To_Node": 101625736, "NextDownID": 101915627, "Enabled": 1, "FlowDir": 1, "SrcFCName": "DEMDerivedStreamsVector", "SrcFType": "Watercourse", "SrcType": 1, "SourceID": null, "FeatRel": "2019-08-21T00:00:00Z", "FSource": "GEOSCIENCE AUSTRALIA", "AttrRel": "2019-08-21T00:00:00Z", "AttrSource": "GEOSCIENCE AUSTRALIA", "PlanAcc": 15, "Symbol": null, "TextNote": null, "GeodesLen": 913.72614169273697, "UpstrGeoLn": 55780766.821311027, "UpstrDArea": 52538026826.355255, "ConCatID": 239771, "StrOutlet": 0, "Shape_Length": 0.0084204737839330829 }, "bbox": [ 124.1908334, -18.1019443, 124.1952779, -18.0972221 ], "geometry": { "type": "LineString", "coordinates": [ [ 124.1952779, -18.1013887 ], [ 124.1950001, -18.1013887 ], [ 124.1947223, -18.1013887 ], [ 124.1944445, -18.1013887 ], [ 124.1941668, -18.1016665 ], [ 124.193889, -18.1016665 ], [ 124.1936112, -18.1016665 ], [ 124.1933334, -18.1019443 ], [ 124.1930556, -18.1019443 ], [ 124.1927779, -18.1019443 ], [ 124.1925001, -18.1016665 ], [ 124.1925001, -18.1013887 ], [ 124.1925001, -18.101111 ], [ 124.1922223, -18.1008332 ], [ 124.1919445, -18.1005554 ], [ 124.1916668, -18.1005554 ], [ 124.191389, -18.1002776 ], [ 124.191389, -18.1 ], [ 124.191389, -18.0997221 ], [ 124.191389, -18.0994443 ], [ 124.191389, -18.0991665 ], [ 124.1911112, -18.0988887 ], [ 124.1911112, -18.098611 ], [ 124.1911112, -18.0983332 ], [ 124.1911112, -18.0980554 ], [ 124.1911112, -18.0977776 ], [ 124.1911112, -18.0974998 ], [ 124.1908334, -18.0972221 ] ] } },
{ "type": "Feature", "properties": { "HydroID": 101915672, "AHGFFType": 1, "Name": " ", "Hierarchy": "Minor", "Perennial": "Non Perennial", "AusHydroID": 1436660, "AusHydroEr": 1, "SegmentNo": 409904, "DrainID": 100646380, "From_Node": 101625782, "To_Node": 101625797, "NextDownID": 101915686, "Enabled": 1, "FlowDir": 1, "SrcFCName": "DEMDerivedStreamsVector", "SrcFType": "Watercourse", "SrcType": 1, "SourceID": null, "FeatRel": "2019-08-21T00:00:00Z", "FSource": "GEOSCIENCE AUSTRALIA", "AttrRel": "2019-08-21T00:00:00Z", "AttrSource": "GEOSCIENCE AUSTRALIA", "PlanAcc": 15, "Symbol": null, "TextNote": null, "GeodesLen": 2352.2400839855168, "UpstrGeoLn": 2352.2400839855168, "UpstrDArea": 1061520.2127815443, "ConCatID": 239771, "StrOutlet": 0, "Shape_Length": 0.021622395963289978 }, "bbox": [ 124.1980556, -18.0591665, 124.2047223, -18.043611 ], "geometry": { "type": "LineString", "coordinates": [ [ 124.1980556, -18.0591665 ], [ 124.1980556, -18.0588887 ], [ 124.1980556, -18.058611 ], [ 124.1983334, -18.0583332 ], [ 124.1983334, -18.0580554 ], [ 124.1983334, -18.0577776 ], [ 124.1983334, -18.0574998 ], [ 124.1986112, -18.0572221 ], [ 124.1986112, -18.0569443 ], [ 124.198889, -18.0566665 ], [ 124.198889, -18.0563887 ], [ 124.198889, -18.056111 ], [ 124.1991668, -18.0558332 ], [ 124.1991668, -18.0555554 ], [ 124.1994445, -18.0552776 ], [ 124.1997223, -18.0549998 ], [ 124.2, -18.0547221 ], [ 124.2002779, -18.0544443 ], [ 124.2002779, -18.0541665 ], [ 124.2005556, -18.0538887 ], [ 124.2005556, -18.053611 ], [ 124.2005556, -18.0533332 ], [ 124.2005556, -18.0530554 ], [ 124.2008334, -18.0527776 ], [ 124.2008334, -18.0524998 ], [ 124.2011112, -18.0522221 ], [ 124.201389, -18.0519443 ], [ 124.2016668, -18.0516665 ], [ 124.2019445, -18.0516665 ], [ 124.2022223, -18.0513887 ], [ 124.2025001, -18.051111 ], [ 124.2027779, -18.0508332 ], [ 124.2030556, -18.0505554 ], [ 124.2033334, -18.0502776 ], [ 124.2036112, -18.0499998 ], [ 124.2036112, -18.0497221 ], [ 124.2036112, -18.0494443 ], [ 124.2036112, -18.0491665 ], [ 124.2036112, -18.0488887 ], [ 124.2036112, -18.048611 ], [ 124.2036112, -18.0483332 ], [ 124.2036112, -18.0480554 ], [ 124.2036112, -18.0477776 ], [ 124.203889, -18.0474998 ], [ 124.2041668, -18.0472221 ], [ 124.2044445, -18.0469443 ], [ 124.2044445, -18.0466665 ], [ 124.2047223, -18.0463887 ], [ 124.2047223, -18.046111 ], [ 124.2044445, -18.0458332 ], [ 124.2044445, -18.0455554 ], [ 124.2041668, -18.0452776 ], [ 124.203889, -18.0449998 ], [ 124.2036112, -18.0449998 ], [ 124.2033334, -18.0449998 ], [ 124.2030556, -18.0449998 ], [ 124.2027779, -18.0449998 ], [ 124.2025001, -18.0449998 ], [ 124.2022223, -18.0449998 ], [ 124.2019445, -18.0447221 ], [ 124.2016668, -18.0444443 ], [ 124.201389, -18.0441665 ], [ 124.2011112, -18.0441665 ], [ 124.2008334, -18.0441665 ], [ 124.2005556, -18.0438887 ], [ 124.2002779, -18.043611 ] ] } },
{ "type": "Feature", "properties": { "HydroID": 101915686, "AHGFFType": 1, "Name": "SIX MILE CREEK", "Hierarchy": "Major", "Perennial": "Non Perennial", "AusHydroID": 1436922, "AusHydroEr": 1, "SegmentNo": 409733, "DrainID": 100646297, "From_Node": 101625797, "To_Node": 101625720, "NextDownID": 101915615, "Enabled": 1, "FlowDir": 1, "SrcFCName": "DEMDerivedStreamsVector", "SrcFType": "Watercourse", "SrcType": 1, "SourceID": null, "FeatRel": "2019-08-21T00:00:00Z", "FSource": "GEOSCIENCE AUSTRALIA", "AttrRel": "2019-08-21T00:00:00Z", "AttrSource": "GEOSCIENCE AUSTRALIA", "PlanAcc": 15, "Symbol": 6, "TextNote": null, "GeodesLen": 1363.4773819446166, "UpstrGeoLn": 37683.657594431585, "UpstrDArea": 28415897.926985975, "ConCatID": 239771, "StrOutlet": 0, "Shape_Length": 0.012769597908191214 }, "bbox": [ 124.188889, -18.0438887, 124.2002779, -18.0422221 ], "geometry": { "type": "LineString", "coordinates": [ [ 124.2002779, -18.043611 ], [ 124.2, -18.043611 ], [ 124.1997223, -18.043611 ], [ 124.1994445, -18.043611 ], [ 124.1991668, -18.043611 ], [ 124.198889, -18.043611 ], [ 124.1986112, -18.043611 ], [ 124.1983334, -18.043611 ], [ 124.1980556, -18.0433332 ], [ 124.1977779, -18.0433332 ], [ 124.1975001, -18.043611 ], [ 124.1972223, -18.043611 ], [ 124.1969445, -18.043611 ], [ 124.1966668, -18.043611 ], [ 124.196389, -18.043611 ], [ 124.1961112, -18.043611 ], [ 124.1958334, -18.0433332 ], [ 124.1955556, -18.0433332 ], [ 124.1952779, -18.0433332 ], [ 124.1950001, -18.043611 ], [ 124.1947223, -18.043611 ], [ 124.1944445, -18.043611 ], [ 124.1941668, -18.043611 ], [ 124.193889, -18.0438887 ], [ 124.1936112, -18.0438887 ], [ 124.1933334, -18.0438887 ], [ 124.1930556, -18.043611 ], [ 124.1927779, -18.0433332 ], [ 124.1925001, -18.0430554 ], [ 124.1922223, -18.0427776 ], [ 124.1919445, -18.0424998 ], [ 124.1916668, -18.0422221 ], [ 124.191389, -18.0422221 ], [ 124.1911112, -18.0422221 ], [ 124.1908334, -18.0424998 ], [ 124.1905556, -18.0424998 ], [ 124.1902779, -18.0424998 ], [ 124.1900001, -18.0424998 ], [ 124.1897223, -18.0424998 ], [ 124.1894445, -18.0424998 ], [ 124.1891668, -18.0424998 ], [ 124.188889, -18.0424998 ] ] } },
{ "type": "Feature", "properties": { "HydroID": 101915691, "AHGFFType": 1, "Name": "FITZROY RIVER", "Hierarchy": "Major", "Perennial": "Perennial", "AusHydroID": 10369257, "AusHydroEr": 1, "SegmentNo": 409686, "DrainID": 100646285, "From_Node": 101625803, "To_Node": 101625703, "NextDownID": 101915596, "Enabled": 1, "FlowDir": 1, "SrcFCName": "DEMDerivedStreamsVector", "SrcFType": "Watercourse", "SrcType": 1, "SourceID": null, "FeatRel": "2019-08-21T00:00:00Z", "FSource": "GEOSCIENCE AUSTRALIA", "AttrRel": "2019-08-21T00:00:00Z", "AttrSource": "GEOSCIENCE AUSTRALIA", "PlanAcc": 15, "Symbol": 2, "TextNote": null, "GeodesLen": 2345.0115860536816, "UpstrGeoLn": 55778073.964715876, "UpstrDArea": 52531707055.448517, "ConCatID": 239771, "StrOutlet": 0, "Shape_Length": 0.021729276235990708 }, "bbox": [ 124.1852779, -18.0899998, 124.201389, -18.0799998 ], "geometry": { "type": "LineString", "coordinates": [ [ 124.201389, -18.0827776 ], [ 124.2011112, -18.0827776 ], [ 124.2008334, -18.0824998 ], [ 124.2005556, -18.0822221 ], [ 124.2002779, -18.0819443 ], [ 124.2, -18.0819443 ], [ 124.1997223, -18.0816665 ], [ 124.1994445, -18.0813887 ], [ 124.1991668, -18.081111 ], [ 124.198889, -18.081111 ], [ 124.1986112, -18.0808332 ], [ 124.1983334, -18.0805554 ], [ 124.1980556, -18.0805554 ], [ 124.1977779, -18.0802776 ], [ 124.1975001, -18.0802776 ], [ 124.1972223, -18.0802776 ], [ 124.1969445, -18.0799998 ], [ 124.1966668, -18.0799998 ], [ 124.196389, -18.0799998 ], [ 124.1961112, -18.0799998 ], [ 124.1958334, -18.0799998 ], [ 124.1955556, -18.0802776 ], [ 124.1952779, -18.0802776 ], [ 124.1950001, -18.0805554 ], [ 124.1947223, -18.0808332 ], [ 124.1944445, -18.081111 ], [ 124.1941668, -18.081111 ], [ 124.193889, -18.0813887 ], [ 124.1936112, -18.0816665 ], [ 124.1933334, -18.0819443 ], [ 124.1930556, -18.0822221 ], [ 124.1927779, -18.0824998 ], [ 124.1925001, -18.0824998 ], [ 124.1922223, -18.0827776 ], [ 124.1919445, -18.0830554 ], [ 124.1919445, -18.0833332 ], [ 124.1916668, -18.083611 ], [ 124.191389, -18.0838887 ], [ 124.191389, -18.0841665 ], [ 124.1911112, -18.0844443 ], [ 124.1908334, -18.0847221 ], [ 124.1905556, -18.0849998 ], [ 124.1902779, -18.0852776 ], [ 124.1900001, -18.0855554 ], [ 124.1897223, -18.0858332 ], [ 124.1894445, -18.086111 ], [ 124.1891668, -18.0863887 ], [ 124.188889, -18.0866665 ], [ 124.1886112, -18.0869443 ], [ 124.1883334, -18.0872221 ], [ 124.1880556, -18.0874998 ], [ 124.1877779, -18.0877776 ], [ 124.1875001, -18.0877776 ], [ 124.1872223, -18.0880554 ], [ 124.1869445, -18.0883332 ], [ 124.1866668, -18.088611 ], [ 124.186389, -18.0888887 ], [ 124.1861112, -18.0891665 ], [ 124.1858334, -18.0894443 ], [ 124.1855556, -18.0897221 ], [ 124.1852779, -18.0899998 ] ] } },
{ "type": "Feature", "properties": { "HydroID": 101915692, "AHGFFType": 1, "Name": " ", "Hierarchy": "Minor", "Perennial": "Non Perennial", "AusHydroID": 1435481, "AusHydroEr": 1, "SegmentNo": 409469, "DrainID": 100646196, "From_Node": 101625803, "To_Node": 101625600, "NextDownID": 101915499, "Enabled": 1, "FlowDir": 1, "SrcFCName": "DEMDerivedStreamsVector", "SrcFType": "Watercourse", "SrcType": 1, "SourceID": null, "FeatRel": "2019-08-21T00:00:00Z", "FSource": "GEOSCIENCE AUSTRALIA", "AttrRel": "2019-08-21T00:00:00Z", "AttrSource": "GEOSCIENCE AUSTRALIA", "PlanAcc": 15, "Symbol": null, "TextNote": null, "GeodesLen": 6595.0577127837187, "UpstrGeoLn": 55782324.010842606, "UpstrDArea": 52532761291.719505, "ConCatID": 239771, "StrOutlet": 0, "Shape_Length": 0.061244508493135563 }, "bbox": [ 124.1686112, -18.0827776, 124.2022223, -18.063611 ], "geometry": { "type": "LineString", "coordinates": [ [ 124.201389, -18.0827776 ], [ 124.201389, -18.0824998 ], [ 124.201389, -18.0822221 ], [ 124.2011112, -18.0819443 ], [ 124.2011112, -18.0816665 ], [ 124.2008334, -18.0813887 ], [ 124.2008334, -18.081111 ], [ 124.2008334, -18.0808332 ], [ 124.2011112, -18.0805554 ], [ 124.201389, -18.0802776 ], [ 124.2016668, -18.0799998 ], [ 124.2019445, -18.0799998 ], [ 124.2022223, -18.0797221 ], [ 124.2022223, -18.0794443 ], [ 124.2022223, -18.0791665 ], [ 124.2022223, -18.0788887 ], [ 124.2022223, -18.078611 ], [ 124.2019445, -18.0783332 ], [ 124.2016668, -18.0783332 ], [ 124.201389, -18.0780554 ], [ 124.2011112, -18.0780554 ], [ 124.2008334, -18.0780554 ], [ 124.2005556, -18.0777776 ], [ 124.2002779, -18.0777776 ], [ 124.2, -18.0777776 ], [ 124.1997223, -18.0774998 ], [ 124.1994445, -18.0774998 ], [ 124.1991668, -18.0772221 ], [ 124.198889, -18.0769443 ], [ 124.1986112, -18.0766665 ], [ 124.1983334, -18.0763887 ], [ 124.1983334, -18.076111 ], [ 124.1980556, -18.0758332 ], [ 124.1977779, -18.0755554 ], [ 124.1977779, -18.0752776 ], [ 124.1977779, -18.0749998 ], [ 124.1980556, -18.0747221 ], [ 124.1980556, -18.0744443 ], [ 124.1977779, -18.0741665 ], [ 124.1975001, -18.0738887 ], [ 124.1975001, -18.073611 ], [ 124.1972223, -18.0733332 ], [ 124.1969445, -18.0730554 ], [ 124.1966668, -18.0727776 ], [ 124.196389, -18.0724998 ], [ 124.1961112, -18.0722221 ], [ 124.1958334, -18.0722221 ], [ 124.1955556, -18.0722221 ], [ 124.1952779, -18.0719443 ], [ 124.1950001, -18.0719443 ], [ 124.1947223, -18.0716665 ], [ 124.1944445, -18.0716665 ], [ 124.1941668, -18.0716665 ], [ 124.193889, -18.0716665 ], [ 124.1936112, -18.0716665 ], [ 124.1933334, -18.0716665 ], [ 124.1930556, -18.0716665 ], [ 124.1927779, -18.0719443 ], [ 124.1925001, -18.0722221 ], [ 124.1922223, -18.0722221 ], [ 124.1919445, -18.0719443 ], [ 124.1916668, -18.0716665 ], [ 124.191389, -18.0713887 ], [ 124.1911112, -18.071111 ], [ 124.1908334, -18.0708332 ], [ 124.1908334, -18.0705554 ], [ 124.1905556, -18.0702776 ], [ 124.1902779, -18.0699998 ], [ 124.1900001, -18.0699998 ], [ 124.1897223, -18.0699998 ], [ 124.1894445, -18.0702776 ], [ 124.1891668, -18.0705554 ], [ 124.188889, -18.0705554 ], [ 124.1886112, -18.0705554 ], [ 124.1883334, -18.0705554 ], [ 124.1880556, -18.0708332 ], [ 124.1877779, -18.0708332 ], [ 124.1875001, -18.0708332 ], [ 124.1872223, -18.0708332 ], [ 124.1869445, -18.0708332 ], [ 124.1866668, -18.0708332 ], [ 124.186389, -18.0708332 ], [ 124.1861112, -18.071111 ], [ 124.1858334, -18.071111 ], [ 124.1855556, -18.071111 ], [ 124.1852779, -18.0713887 ], [ 124.1850001, -18.0713887 ], [ 124.1847223, -18.0713887 ], [ 124.1844445, -18.0716665 ], [ 124.1841668, -18.0716665 ], [ 124.183889, -18.0716665 ], [ 124.1836112, -18.0716665 ], [ 124.1833334, -18.0716665 ], [ 124.1830556, -18.0716665 ], [ 124.1827779, -18.0716665 ], [ 124.1825001, -18.0716665 ], [ 124.1822223, -18.0716665 ], [ 124.1819445, -18.0716665 ], [ 124.1816668, -18.0713887 ], [ 124.181389, -18.0713887 ], [ 124.1811112, -18.0713887 ], [ 124.1808334, -18.071111 ], [ 124.1808334, -18.0708332 ], [ 124.1808334, -18.0705554 ], [ 124.1805556, -18.0702776 ], [ 124.1802779, -18.0699998 ], [ 124.1800001, -18.0699998 ], [ 124.1797223, -18.0699998 ], [ 124.1794445, -18.0699998 ], [ 124.1791668, -18.0699998 ], [ 124.178889, -18.0702776 ], [ 124.1786112, -18.0705554 ], [ 124.1783334, -18.0705554 ], [ 124.1780556, -18.0705554 ], [ 124.1777779, -18.0702776 ], [ 124.1775001, -18.0699998 ], [ 124.1772223, -18.0697221 ], [ 124.1769445, -18.0694443 ], [ 124.1766668, -18.0694443 ], [ 124.176389, -18.0694443 ], [ 124.1761112, -18.0697221 ], [ 124.1758334, -18.0697221 ], [ 124.1755556, -18.0697221 ], [ 124.1752779, -18.0694443 ], [ 124.1750001, -18.0691665 ], [ 124.1747223, -18.0691665 ], [ 124.1744445, -18.0691665 ], [ 124.1741668, -18.0691665 ], [ 124.173889, -18.0688887 ], [ 124.173889, -18.068611 ], [ 124.1741668, -18.0683332 ], [ 124.1744445, -18.0683332 ], [ 124.1747223, -18.0680554 ], [ 124.1750001, -18.0680554 ], [ 124.1752779, -18.0680554 ], [ 124.1755556, -18.0680554 ], [ 124.1758334, -18.0680554 ], [ 124.1761112, -18.0680554 ], [ 124.176389, -18.0680554 ], [ 124.1766668, -18.0677776 ], [ 124.1769445, -18.0674998 ], [ 124.1766668, -18.0672221 ], [ 124.176389, -18.0672221 ], [ 124.1761112, -18.0669443 ], [ 124.1761112, -18.0666665 ], [ 124.1761112, -18.0663887 ], [ 124.1758334, -18.066111 ], [ 124.1755556, -18.066111 ], [ 124.1752779, -18.066111 ], [ 124.1750001, -18.0663887 ], [ 124.1750001, -18.0666665 ], [ 124.1747223, -18.0669443 ], [ 124.1747223, -18.0672221 ], [ 124.1744445, -18.0674998 ], [ 124.1741668, -18.0674998 ], [ 124.173889, -18.0674998 ], [ 124.1736112, -18.0674998 ], [ 124.1733334, -18.0674998 ], [ 124.1730556, -18.0674998 ], [ 124.1727779, -18.0672221 ], [ 124.1727779, -18.0669443 ], [ 124.1727779, -18.0666665 ], [ 124.1727779, -18.0663887 ], [ 124.1725001, -18.066111 ], [ 124.1722223, -18.066111 ], [ 124.1719445, -18.066111 ], [ 124.1716668, -18.066111 ], [ 124.171389, -18.066111 ], [ 124.1711112, -18.0663887 ], [ 124.1708334, -18.0666665 ], [ 124.1705556, -18.0666665 ], [ 124.1702779, -18.0666665 ], [ 124.1700001, -18.0663887 ], [ 124.1700001, -18.066111 ], [ 124.1700001, -18.0658332 ], [ 124.1702779, -18.0655554 ], [ 124.1705556, -18.0655554 ], [ 124.1708334, -18.0652776 ], [ 124.1708334, -18.0649998 ], [ 124.1711112, -18.0647221 ], [ 124.1711112, -18.0644443 ], [ 124.1708334, -18.0641665 ], [ 124.1705556, -18.0638887 ], [ 124.1702779, -18.063611 ], [ 124.1700001, -18.063611 ], [ 124.1697223, -18.063611 ], [ 124.1694445, -18.063611 ], [ 124.1691668, -18.063611 ], [ 124.168889, -18.063611 ], [ 124.1686112, -18.063611 ] ] } },
{ "type": "Feature", "properties": { "HydroID": 101915723, "AHGFFType": 1, "Name": " ", "Hierarchy": "Minor", "Perennial": "Non Perennial", "AusHydroID": 1433701, "AusHydroEr": 1, "SegmentNo": 409774, "DrainID": 100646319, "From_Node": 101625837, "To_Node": 101625736, "NextDownID": 101915627, "Enabled": 1, "FlowDir": 1, "SrcFCName": "DEMDerivedStreamsVector", "SrcFType": "Watercourse", "SrcType": 1, "SourceID": null, "FeatRel": "2019-08-21T00:00:00Z", "FSource": "GEOSCIENCE AUSTRALIA", "AttrRel": "2019-08-21T00:00:00Z", "AttrSource": "GEOSCIENCE AUSTRALIA", "PlanAcc": 15, "Symbol": null, "TextNote": null, "GeodesLen": 2585.2923487107687, "UpstrGeoLn": 55780869.283472292, "UpstrDArea": 52537506191.718201, "ConCatID": 239771, "StrOutlet": 0, "Shape_Length": 0.024074736086126352 }, "bbox": [ 124.1908334, -18.0994443, 124.2100001, -18.0919443 ], "geometry": { "type": "LineString", "coordinates": [ [ 124.2100001, -18.0919443 ], [ 124.2097223, -18.0922221 ], [ 124.2094445, -18.0924998 ], [ 124.2091668, -18.0927776 ], [ 124.208889, -18.0930554 ], [ 124.208889, -18.0933332 ], [ 124.2086112, -18.093611 ], [ 124.2086112, -18.0938887 ], [ 124.2086112, -18.0941665 ], [ 124.2086112, -18.0944443 ], [ 124.2083334, -18.0947221 ], [ 124.2080556, -18.0947221 ], [ 124.2077779, -18.0949998 ], [ 124.2075001, -18.0952776 ], [ 124.2072223, -18.0955554 ], [ 124.2069445, -18.0955554 ], [ 124.2066668, -18.0958332 ], [ 124.206389, -18.0958332 ], [ 124.2061112, -18.096111 ], [ 124.2058334, -18.096111 ], [ 124.2055556, -18.096111 ], [ 124.2052779, -18.0963887 ], [ 124.2050001, -18.0963887 ], [ 124.2047223, -18.0963887 ], [ 124.2044445, -18.0966665 ], [ 124.2041668, -18.0966665 ], [ 124.203889, -18.0969443 ], [ 124.2036112, -18.0969443 ], [ 124.2033334, -18.0969443 ], [ 124.2030556, -18.0969443 ], [ 124.2027779, -18.0969443 ], [ 124.2025001, -18.0972221 ], [ 124.2022223, -18.0972221 ], [ 124.2019445, -18.0972221 ], [ 124.2016668, -18.0972221 ], [ 124.201389, -18.0972221 ], [ 124.2011112, -18.0972221 ], [ 124.2008334, -18.0974998 ], [ 124.2005556, -18.0977776 ], [ 124.2002779, -18.0980554 ], [ 124.2, -18.0983332 ], [ 124.1997223, -18.098611 ], [ 124.1994445, -18.0988887 ], [ 124.1991668, -18.0991665 ], [ 124.198889, -18.0994443 ], [ 124.1986112, -18.0994443 ], [ 124.1983334, -18.0994443 ], [ 124.1980556, -18.0994443 ], [ 124.1977779, -18.0994443 ], [ 124.1975001, -18.0994443 ], [ 124.1972223, -18.0994443 ], [ 124.1969445, -18.0994443 ], [ 124.1966668, -18.0994443 ], [ 124.196389, -18.0994443 ], [ 124.1961112, -18.0994443 ], [ 124.1958334, -18.0994443 ], [ 124.1955556, -18.0991665 ], [ 124.1952779, -18.0988887 ], [ 124.1950001, -18.098611 ], [ 124.1947223, -18.098611 ], [ 124.1944445, -18.0983332 ], [ 124.1941668, -18.0980554 ], [ 124.193889, -18.0980554 ], [ 124.1936112, -18.0977776 ], [ 124.1933334, -18.0977776 ], [ 124.1930556, -18.0977776 ], [ 124.1927779, -18.0974998 ], [ 124.1925001, -18.0974998 ], [ 124.1922223, -18.0972221 ], [ 124.1919445, -18.0972221 ], [ 124.1916668, -18.0969443 ], [ 124.191389, -18.0969443 ], [ 124.1911112, -18.0972221 ], [ 124.1908334, -18.0972221 ] ] } },
{ "type": "Feature", "properties": { "HydroID": 101915724, "AHGFFType": 1, "Name": " ", "Hierarchy": "Minor", "Perennial": "Non Perennial", "AusHydroID": 1433906, "AusHydroEr": 1, "SegmentNo": 409650, "DrainID": 100646272, "From_Node": 101625837, "To_Node": 101625684, "NextDownID": 101915578, "Enabled": 1, "FlowDir": 1, "SrcFCName": "DEMDerivedStreamsVector", "SrcFType": "Watercourse", "SrcType": 1, "SourceID": null, "FeatRel": "2019-08-21T00:00:00Z", "FSource": "GEOSCIENCE AUSTRALIA", "AttrRel": "2019-08-21T00:00:00Z", "AttrSource": "GEOSCIENCE AUSTRALIA", "PlanAcc": 15, "Symbol": null, "TextNote": null, "GeodesLen": 3819.9966224156215, "UpstrGeoLn": 55782103.987745993, "UpstrDArea": 52539579965.095894, "ConCatID": 239771, "StrOutlet": 0, "Shape_Length": 0.035570505823511817 }, "bbox": [ 124.1819445, -18.1019443, 124.2100001, -18.0897221 ], "geometry": { "type": "LineString", "coordinates": [ [ 124.2100001, -18.0919443 ], [ 124.2097223, -18.0916665 ], [ 124.2094445, -18.0913887 ], [ 124.2091668, -18.0913887 ], [ 124.208889, -18.0913887 ], [ 124.2086112, -18.091111 ], [ 124.2083334, -18.091111 ], [ 124.2080556, -18.091111 ], [ 124.2077779, -18.0908332 ], [ 124.2075001, -18.0908332 ], [ 124.2072223, -18.0905554 ], [ 124.2069445, -18.0905554 ], [ 124.2066668, -18.0902776 ], [ 124.206389, -18.0902776 ], [ 124.2061112, -18.0902776 ], [ 124.2058334, -18.0902776 ], [ 124.2055556, -18.0899998 ], [ 124.2052779, -18.0899998 ], [ 124.2050001, -18.0897221 ], [ 124.2047223, -18.0897221 ], [ 124.2044445, -18.0897221 ], [ 124.2041668, -18.0897221 ], [ 124.203889, -18.0897221 ], [ 124.2036112, -18.0897221 ], [ 124.2033334, -18.0897221 ], [ 124.2030556, -18.0897221 ], [ 124.2027779, -18.0897221 ], [ 124.2025001, -18.0897221 ], [ 124.2022223, -18.0899998 ], [ 124.2019445, -18.0899998 ], [ 124.2016668, -18.0902776 ], [ 124.201389, -18.0905554 ], [ 124.2011112, -18.0908332 ], [ 124.2011112, -18.091111 ], [ 124.2008334, -18.0913887 ], [ 124.2005556, -18.0916665 ], [ 124.2002779, -18.0919443 ], [ 124.2, -18.0922221 ], [ 124.1997223, -18.0922221 ], [ 124.1994445, -18.0924998 ], [ 124.1991668, -18.0924998 ], [ 124.198889, -18.0924998 ], [ 124.1986112, -18.0927776 ], [ 124.1983334, -18.0927776 ], [ 124.1980556, -18.0930554 ], [ 124.1977779, -18.0930554 ], [ 124.1975001, -18.0930554 ], [ 124.1972223, -18.0930554 ], [ 124.1969445, -18.0930554 ], [ 124.1966668, -18.0930554 ], [ 124.196389, -18.0930554 ], [ 124.1961112, -18.0930554 ], [ 124.1958334, -18.0927776 ], [ 124.1955556, -18.0927776 ], [ 124.1952779, -18.0927776 ], [ 124.1950001, -18.0927776 ], [ 124.1947223, -18.0927776 ], [ 124.1944445, -18.0927776 ], [ 124.1941668, -18.0927776 ], [ 124.193889, -18.0927776 ], [ 124.1936112, -18.0927776 ], [ 124.1933334, -18.0927776 ], [ 124.1930556, -18.0927776 ], [ 124.1927779, -18.0927776 ], [ 124.1925001, -18.0930554 ], [ 124.1922223, -18.0930554 ], [ 124.1919445, -18.0933332 ], [ 124.1916668, -18.0933332 ], [ 124.191389, -18.093611 ], [ 124.1911112, -18.093611 ], [ 124.1908334, -18.0938887 ], [ 124.1905556, -18.0938887 ], [ 124.1902779, -18.0941665 ], [ 124.1900001, -18.0941665 ], [ 124.1897223, -18.0944443 ], [ 124.1894445, -18.0947221 ], [ 124.1891668, -18.0947221 ], [ 124.188889, -18.0949998 ], [ 124.1886112, -18.0952776 ], [ 124.1883334, -18.0952776 ], [ 124.1880556, -18.0955554 ], [ 124.1877779, -18.0958332 ], [ 124.1875001, -18.0958332 ], [ 124.1872223, -18.096111 ], [ 124.1869445, -18.0963887 ], [ 124.1866668, -18.0963887 ], [ 124.186389, -18.0966665 ], [ 124.1861112, -18.0969443 ], [ 124.1858334, -18.0972221 ], [ 124.1855556, -18.0974998 ], [ 124.1852779, -18.0977776 ], [ 124.1850001, -18.0977776 ], [ 124.1847223, -18.0980554 ], [ 124.1844445, -18.0980554 ], [ 124.1841668, -18.0983332 ], [ 124.183889, -18.0983332 ], [ 124.1836112, -18.098611 ], [ 124.1833334, -18.098611 ], [ 124.1830556, -18.0988887 ], [ 124.1827779, -18.0991665 ], [ 124.1827779, -18.0994443 ], [ 124.1825001, -18.0997221 ], [ 124.1825001, -18.1 ], [ 124.1825001, -18.1002776 ], [ 124.1825001, -18.1005554 ], [ 124.1825001, -18.1008332 ], [ 124.1825001, -18.101111 ], [ 124.1825001, -18.1013887 ], [ 124.1822223, -18.1016665 ], [ 124.1819445, -18.1019443 ] ] } },
{ "type": "Feature", "properties": { "HydroID": 101915744, "AHGFFType": 1, "Name": " ", "Hierarchy": "Minor", "Perennial": "Non Perennial", "AusHydroID": 1433603, "AusHydroEr": 1, "SegmentNo": 409840, "DrainID": 100646346, "From_Node": 101625854, "To_Node": 101625765, "NextDownID": 101915657, "Enabled": 1, "FlowDir": 1, "SrcFCName": "DEMDerivedStreamsVector", "SrcFType": "Watercourse", "SrcType": 1, "SourceID": null, "FeatRel": "2019-08-21T00:00:00Z", "FSource": "GEOSCIENCE AUSTRALIA", "AttrRel": "2019-08-21T00:00:00Z", "AttrSource": "GEOSCIENCE AUSTRALIA", "PlanAcc": 15, "Symbol": null, "TextNote": null, "GeodesLen": 2345.3902292392768, "UpstrGeoLn": 55779853.095169336, "UpstrDArea": 52537854173.595871, "ConCatID": 239771, "StrOutlet": 0, "Shape_Length": 0.021928090594113495 }, "bbox": [ 124.1952779, -18.1013887, 124.2141668, -18.0944443 ], "geometry": { "type": "LineString", "coordinates": [ [ 124.2141668, -18.0944443 ], [ 124.213889, -18.0944443 ], [ 124.2136112, -18.0947221 ], [ 124.2133334, -18.0947221 ], [ 124.2130556, -18.0949998 ], [ 124.2127779, -18.0949998 ], [ 124.2125001, -18.0952776 ], [ 124.2122223, -18.0955554 ], [ 124.2119445, -18.0958332 ], [ 124.2116668, -18.0958332 ], [ 124.211389, -18.096111 ], [ 124.2111112, -18.0963887 ], [ 124.2108334, -18.0963887 ], [ 124.2105556, -18.0963887 ], [ 124.2102779, -18.0963887 ], [ 124.2100001, -18.0966665 ], [ 124.2097223, -18.0969443 ], [ 124.2094445, -18.0969443 ], [ 124.2091668, -18.0972221 ], [ 124.208889, -18.0972221 ], [ 124.2086112, -18.0974998 ], [ 124.2083334, -18.0974998 ], [ 124.2080556, -18.0977776 ], [ 124.2077779, -18.0977776 ], [ 124.2075001, -18.0977776 ], [ 124.2072223, -18.0977776 ], [ 124.2069445, -18.0977776 ], [ 124.2066668, -18.0977776 ], [ 124.206389, -18.0980554 ], [ 124.2061112, -18.0983332 ], [ 124.2058334, -18.098611 ], [ 124.2055556, -18.0988887 ], [ 124.2055556, -18.0991665 ], [ 124.2052779, -18.0994443 ], [ 124.2050001, -18.0994443 ], [ 124.2047223, -18.0997221 ], [ 124.2044445, -18.0997221 ], [ 124.2041668, -18.0997221 ], [ 124.203889, -18.0997221 ], [ 124.2036112, -18.1 ], [ 124.2033334, -18.1 ], [ 124.2030556, -18.1 ], [ 124.2027779, -18.1002776 ], [ 124.2025001, -18.1002776 ], [ 124.2022223, -18.1002776 ], [ 124.2019445, -18.1002776 ], [ 124.2016668, -18.1005554 ], [ 124.201389, -18.1005554 ], [ 124.2011112, -18.1005554 ], [ 124.2008334, -18.1005554 ], [ 124.2005556, -18.1005554 ], [ 124.2002779, -18.1005554 ], [ 124.2, -18.1005554 ], [ 124.1997223, -18.1005554 ], [ 124.1994445, -18.1005554 ], [ 124.1991668, -18.1005554 ], [ 124.198889, -18.1005554 ], [ 124.1986112, -18.1005554 ], [ 124.1983334, -18.1005554 ], [ 124.1980556, -18.1008332 ], [ 124.1977779, -18.1008332 ], [ 124.1975001, -18.1008332 ], [ 124.1972223, -18.101111 ], [ 124.1969445, -18.101111 ], [ 124.1966668, -18.101111 ], [ 124.196389, -18.101111 ], [ 124.1961112, -18.1013887 ], [ 124.1958334, -18.1013887 ], [ 124.1955556, -18.1013887 ], [ 124.1952779, -18.1013887 ] ] } },
{ "type": "Feature", "properties": { "HydroID": 101915745, "AHGFFType": 1, "Name": " ", "Hierarchy": "Minor", "Perennial": "Non Perennial", "AusHydroID": 1433763, "AusHydroEr": 1, "SegmentNo": 410014, "DrainID": 100646426, "From_Node": 101625854, "To_Node": 101625837, "NextDownID": 101915723, "Enabled": 1, "FlowDir": 1, "SrcFCName": "DEMDerivedStreamsVector", "SrcFType": "Watercourse", "SrcType": 1, "SourceID": null, "FeatRel": "2019-08-21T00:00:00Z", "FSource": "GEOSCIENCE AUSTRALIA", "AttrRel": "2019-08-21T00:00:00Z", "AttrSource": "GEOSCIENCE AUSTRALIA", "PlanAcc": 15, "Symbol": null, "TextNote": null, "GeodesLen": 776.28618348218095, "UpstrGeoLn": 55778283.991123579, "UpstrDArea": 52536637486.123787, "ConCatID": 239771, "StrOutlet": 0, "Shape_Length": 0.0071943027830641037 }, "bbox": [ 124.2100001, -18.0944443, 124.2141668, -18.0913887 ], "geometry": { "type": "LineString", "coordinates": [ [ 124.2141668, -18.0944443 ], [ 124.213889, -18.0941665 ], [ 124.213889, -18.0938887 ], [ 124.2136112, -18.093611 ], [ 124.2133334, -18.0933332 ], [ 124.2133334, -18.0930554 ], [ 124.2133334, -18.0927776 ], [ 124.2136112, -18.0924998 ], [ 124.2136112, -18.0922221 ], [ 124.2136112, -18.0919443 ], [ 124.2136112, -18.0916665 ], [ 124.2133334, -18.0913887 ], [ 124.2130556, -18.0913887 ], [ 124.2127779, -18.0913887 ], [ 124.2125001, -18.0913887 ], [ 124.2122223, -18.0913887 ], [ 124.2119445, -18.0913887 ], [ 124.2116668, -18.0916665 ], [ 124.211389, -18.0916665 ], [ 124.2111112, -18.0916665 ], [ 124.2108334, -18.0916665 ], [ 124.2105556, -18.0919443 ], [ 124.2102779, -18.0919443 ], [ 124.2100001, -18.0919443 ] ] } },
{ "type": "Feature", "properties": { "HydroID": 101915749, "AHGFFType": 1, "Name": "SIX MILE CREEK", "Hierarchy": "Major", "Perennial": "Non Perennial", "AusHydroID": 1436725, "AusHydroEr": 1, "SegmentNo": 409903, "DrainID": 100646379, "From_Node": 101625858, "To_Node": 101625797, "NextDownID": 101915686, "Enabled": 1, "FlowDir": 1, "SrcFCName": "DEMDerivedStreamsVector", "SrcFType": "Watercourse", "SrcType": 1, "SourceID": null, "FeatRel": "2019-08-21T00:00:00Z", "FSource": "GEOSCIENCE AUSTRALIA", "AttrRel": "2019-08-21T00:00:00Z", "AttrSource": "GEOSCIENCE AUSTRALIA", "PlanAcc": 15, "Symbol": 6, "TextNote": null, "GeodesLen": 1835.965035863474, "UpstrGeoLn": 33967.940128501454, "UpstrDArea": 26329900.8237301, "ConCatID": 239771, "StrOutlet": 0, "Shape_Length": 0.017138469228216893 }, "bbox": [ 124.2002779, -18.0452776, 124.2145453, -18.0427776 ], "geometry": { "type": "LineString", "coordinates": [ [ 124.2145453, -18.0452776 ], [ 124.2144445, -18.0452776 ], [ 124.2141668, -18.0449998 ], [ 124.213889, -18.0447221 ], [ 124.2136112, -18.0444443 ], [ 124.2133334, -18.0441665 ], [ 124.2130556, -18.0438887 ], [ 124.2127779, -18.043611 ], [ 124.2125001, -18.0433332 ], [ 124.2122223, -18.0433332 ], [ 124.2119445, -18.0430554 ], [ 124.2116668, -18.0430554 ], [ 124.211389, -18.0430554 ], [ 124.2111112, -18.0427776 ], [ 124.2108334, -18.0427776 ], [ 124.2105556, -18.0427776 ], [ 124.2102779, -18.0427776 ], [ 124.2100001, -18.0427776 ], [ 124.2097223, -18.0430554 ], [ 124.2094445, -18.0430554 ], [ 124.2091668, -18.0430554 ], [ 124.208889, -18.0430554 ], [ 124.2086112, -18.0430554 ], [ 124.2083334, -18.0430554 ], [ 124.2080556, -18.0430554 ], [ 124.2077779, -18.0430554 ], [ 124.2075001, -18.0430554 ], [ 124.2072223, -18.0433332 ], [ 124.2069445, -18.0433332 ], [ 124.2066668, -18.043611 ], [ 124.206389, -18.0438887 ], [ 124.2061112, -18.0438887 ], [ 124.2058334, -18.0438887 ], [ 124.2055556, -18.0438887 ], [ 124.2052779, -18.0438887 ], [ 124.2050001, -18.043611 ], [ 124.2047223, -18.043611 ], [ 124.2044445, -18.043611 ], [ 124.2041668, -18.043611 ], [ 124.203889, -18.0433332 ], [ 124.203889, -18.0430554 ], [ 124.2036112, -18.0427776 ], [ 124.2033334, -18.0427776 ], [ 124.2030556, -18.0427776 ], [ 124.2027779, -18.0427776 ], [ 124.2025001, -18.0430554 ], [ 124.2022223, -18.0430554 ], [ 124.2019445, -18.0427776 ], [ 124.2016668, -18.0427776 ], [ 124.201389, -18.0430554 ], [ 124.2011112, -18.0433332 ], [ 124.2008334, -18.0433332 ], [ 124.2005556, -18.043611 ], [ 124.2002779, -18.043611 ] ] } },
{ "type": "Feature", "properties": { "HydroID": 101915792, "AHGFFType": 1, "Name": " ", "Hierarchy": "Minor", "Perennial": "Non Perennial", "AusHydroID": 1436556, "AusHydroEr": 1, "SegmentNo": 410081, "DrainID": 100646448, "From_Node": 101625905, "To_Node": 101625858, "NextDownID": 101915749, "Enabled": 1, "FlowDir": 1, "SrcFCName": "DEMDerivedStreamsVector", "SrcFType": "Watercourse", "SrcType": 1, "SourceID": null, "FeatRel": "2019-08-21T00:00:00Z", "FSource": "GEOSCIENCE AUSTRALIA", "AttrRel": "2019-08-21T00:00:00Z", "AttrSource": "GEOSCIENCE AUSTRALIA", "PlanAcc": 15, "Symbol": null, "TextNote": null, "GeodesLen": 3429.3141917275129, "UpstrGeoLn": 3429.3141917275129, "UpstrDArea": 2420416.6167422039, "ConCatID": 239771, "StrOutlet": 0, "Shape_Length": 0.03159447674635759 }, "bbox": [ 124.2125001, -18.061832, 124.2148878, -18.0514383 ], "geometry": { "type": "LineString", "coordinates": [ [ 124.2148878, -18.061832 ], [ 124.2147223, -18.0616665 ], [ 124.2144445, -18.0613887 ], [ 124.2141668, -18.061111 ], [ 124.213889, -18.0608332 ], [ 124.2136112, -18.0605554 ], [ 124.2133334, -18.0602776 ], [ 124.2130556, -18.0599998 ], [ 124.2130556, -18.0597221 ], [ 124.2130556, -18.0594443 ], [ 124.2130556, -18.0591665 ], [ 124.2127779, -18.0588887 ], [ 124.2127779, -18.058611 ], [ 124.2127779, -18.0583332 ], [ 124.2125001, -18.0580554 ], [ 124.2125001, -18.0577776 ], [ 124.2125001, -18.0574998 ], [ 124.2125001, -18.0572221 ], [ 124.2125001, -18.0569443 ], [ 124.2127779, -18.0566665 ], [ 124.2127779, -18.0563887 ], [ 124.2127779, -18.056111 ], [ 124.2127779, -18.0558332 ], [ 124.2130556, -18.0555554 ], [ 124.2133334, -18.0552776 ], [ 124.2136112, -18.0549998 ], [ 124.2136112, -18.0547221 ], [ 124.2136112, -18.0544443 ], [ 124.2136112, -18.0541665 ], [ 124.2136112, -18.0538887 ], [ 124.2136112, -18.053611 ], [ 124.2136112, -18.0533332 ], [ 124.213889, -18.0530554 ], [ 124.213889, -18.0527776 ], [ 124.213889, -18.0524998 ], [ 124.2141668, -18.0522221 ], [ 124.2141668, -18.0519443 ], [ 124.2144445, -18.0516665 ], [ 124.2146728, -18.0514383 ] ] } },
{ "type": "Feature", "properties": { "HydroID": 101915809, "AHGFFType": 1, "Name": "FITZROY RIVER", "Hierarchy": "Major", "Perennial": "Perennial", "AusHydroID": 10369256, "AusHydroEr": 1, "SegmentNo": 409919, "DrainID": 100646390, "From_Node": 101625921, "To_Node": 101625803, "NextDownID": 101915692, "Enabled": 1, "FlowDir": 1, "SrcFCName": "DEMDerivedStreamsVector", "SrcFType": "Watercourse", "SrcType": 1, "SourceID": null, "FeatRel": "2019-08-21T00:00:00Z", "FSource": "GEOSCIENCE AUSTRALIA", "AttrRel": "2019-08-21T00:00:00Z", "AttrSource": "GEOSCIENCE AUSTRALIA", "PlanAcc": 15, "Symbol": 2, "TextNote": null, "GeodesLen": 3196.9447491128199, "UpstrGeoLn": 55775728.953129828, "UpstrDArea": 52530902475.382446, "ConCatID": 239771, "StrOutlet": 0, "Shape_Length": 0.029983646887159994 }, "bbox": [ 124.201389, -18.083611, 124.2153383, -18.0827776 ], "geometry": { "type": "LineString", "coordinates": [ [ 124.2153383, -18.083611 ], [ 124.2152779, -18.083611 ], [ 124.2150001, -18.083611 ], [ 124.2147223, -18.083611 ], [ 124.2144445, -18.083611 ], [ 124.2141668, -18.083611 ], [ 124.213889, -18.083611 ], [ 124.2136112, -18.083611 ], [ 124.2133334, -18.083611 ], [ 124.2130556, -18.083611 ], [ 124.2127779, -18.083611 ], [ 124.2125001, -18.083611 ], [ 124.2122223, -18.083611 ], [ 124.2119445, -18.083611 ], [ 124.2116668, -18.083611 ], [ 124.211389, -18.083611 ], [ 124.2111112, -18.083611 ], [ 124.2108334, -18.083611 ], [ 124.2105556, -18.083611 ], [ 124.2102779, -18.083611 ], [ 124.2100001, -18.083611 ], [ 124.2097223, -18.083611 ], [ 124.2094445, -18.083611 ], [ 124.2091668, -18.083611 ], [ 124.208889, -18.083611 ], [ 124.2086112, -18.083611 ], [ 124.2083334, -18.083611 ], [ 124.2080556, -18.083611 ], [ 124.2077779, -18.083611 ], [ 124.2075001, -18.083611 ], [ 124.2072223, -18.083611 ], [ 124.2069445, -18.0833332 ], [ 124.2066668, -18.0833332 ], [ 124.206389, -18.0833332 ], [ 124.2061112, -18.0833332 ], [ 124.2058334, -18.0833332 ], [ 124.2055556, -18.0833332 ], [ 124.2052779, -18.0833332 ], [ 124.2050001, -18.0833332 ], [ 124.2047223, -18.0833332 ], [ 124.2044445, -18.0833332 ], [ 124.2041668, -18.0833332 ], [ 124.203889, -18.0833332 ], [ 124.2036112, -18.0833332 ], [ 124.2033334, -18.0833332 ], [ 124.2030556, -18.0833332 ], [ 124.2027779, -18.0830554 ], [ 124.2025001, -18.0830554 ], [ 124.2022223, -18.0830554 ], [ 124.2019445, -18.0830554 ], [ 124.2016668, -18.0830554 ], [ 124.201389, -18.0827776 ] ] } },
{ "type": "Feature", "properties": { "HydroID": 101915826, "AHGFFType": 1, "Name": " ", "Hierarchy": "Minor", "Perennial": "Non Perennial", "AusHydroID": 10369290, "AusHydroEr": 1, "SegmentNo": 409808, "DrainID": 100646333, "From_Node": 101625940, "To_Node": 101625751, "NextDownID": 101915644, "Enabled": 1, "FlowDir": 1, "SrcFCName": "DEMDerivedStreamsVector", "SrcFType": "Watercourse", "SrcType": 1, "SourceID": null, "FeatRel": "2019-08-21T00:00:00Z", "FSource": "GEOSCIENCE AUSTRALIA", "AttrRel": "2019-08-21T00:00:00Z", "AttrSource": "GEOSCIENCE AUSTRALIA", "PlanAcc": 15, "Symbol": null, "TextNote": null, "GeodesLen": 5303.1488752374435, "UpstrGeoLn": 5303.1488752374435, "UpstrDArea": 4760883.6804861426, "ConCatID": 239771, "StrOutlet": 0, "Shape_Length": 0.04945122043852121 }, "bbox": [ 124.1927779, -18.1133332, 124.2158663, -18.1088887 ], "geometry": { "type": "LineString", "coordinates": [ [ 124.2158663, -18.1091337 ], [ 124.2158334, -18.1091665 ], [ 124.2155556, -18.1091665 ], [ 124.2152779, -18.1091665 ], [ 124.2150001, -18.1091665 ], [ 124.2147223, -18.1091665 ], [ 124.2144445, -18.1094443 ], [ 124.2141668, -18.1094443 ], [ 124.213889, -18.1094443 ], [ 124.2136112, -18.1094443 ], [ 124.2133334, -18.1094443 ], [ 124.2130556, -18.1094443 ], [ 124.2127779, -18.1094443 ], [ 124.2125001, -18.1094443 ], [ 124.2122223, -18.1091665 ], [ 124.2119445, -18.1091665 ], [ 124.2116668, -18.1091665 ], [ 124.211389, -18.1091665 ], [ 124.2111112, -18.1091665 ], [ 124.2108334, -18.1094443 ], [ 124.2105556, -18.1094443 ], [ 124.2102779, -18.1094443 ], [ 124.2100001, -18.1094443 ], [ 124.2097223, -18.1094443 ], [ 124.2094445, -18.1094443 ], [ 124.2091668, -18.1097221 ], [ 124.208889, -18.1097221 ], [ 124.2086112, -18.1097221 ], [ 124.2083334, -18.1097221 ], [ 124.2080556, -18.1097221 ], [ 124.2077779, -18.1097221 ], [ 124.2075001, -18.1099998 ], [ 124.2072223, -18.1099998 ], [ 124.2069445, -18.1099998 ], [ 124.2066668, -18.1099998 ], [ 124.206389, -18.1097221 ], [ 124.2061112, -18.1094443 ], [ 124.2058334, -18.1091665 ], [ 124.2055556, -18.1091665 ], [ 124.2052779, -18.1088887 ], [ 124.2050001, -18.1088887 ], [ 124.2047223, -18.1088887 ], [ 124.2044445, -18.1088887 ], [ 124.2041668, -18.1088887 ], [ 124.203889, -18.1091665 ], [ 124.2036112, -18.1094443 ], [ 124.2033334, -18.1097221 ], [ 124.2030556, -18.1099998 ], [ 124.2027779, -18.1102776 ], [ 124.2025001, -18.1105554 ], [ 124.2022223, -18.1108332 ], [ 124.2019445, -18.111111 ], [ 124.2016668, -18.1113887 ], [ 124.201389, -18.1113887 ], [ 124.2011112, -18.1113887 ], [ 124.2008334, -18.111111 ], [ 124.2005556, -18.1108332 ], [ 124.2005556, -18.1105554 ], [ 124.2002779, -18.1102776 ], [ 124.2, -18.1099998 ], [ 124.1997223, -18.1099998 ], [ 124.1994445, -18.1097221 ], [ 124.1991668, -18.1097221 ], [ 124.198889, -18.1097221 ], [ 124.1986112, -18.1099998 ], [ 124.1983334, -18.1099998 ], [ 124.1980556, -18.1102776 ], [ 124.1977779, -18.1105554 ], [ 124.1977779, -18.1108332 ], [ 124.1977779, -18.111111 ], [ 124.1977779, -18.1113887 ], [ 124.1975001, -18.1116665 ], [ 124.1975001, -18.1119443 ], [ 124.1972223, -18.1122221 ], [ 124.1969445, -18.1124998 ], [ 124.1966668, -18.1124998 ], [ 124.196389, -18.1124998 ], [ 124.1961112, -18.1127776 ], [ 124.1958334, -18.1130554 ], [ 124.1955556, -18.1130554 ], [ 124.1952779, -18.1130554 ], [ 124.1950001, -18.1133332 ], [ 124.1947223, -18.1133332 ], [ 124.1944445, -18.1133332 ], [ 124.1941668, -18.1130554 ], [ 124.193889, -18.1130554 ], [ 124.1936112, -18.1130554 ], [ 124.1933334, -18.1130554 ], [ 124.1930556, -18.1130554 ], [ 124.1927779, -18.1130554 ] ] } },
{ "type": "Feature", "properties": { "HydroID": 101915874, "AHGFFType": 1, "Name": " ", "Hierarchy": "Minor", "Perennial": "Non Perennial", "AusHydroID": 1433604, "AusHydroEr": 1, "SegmentNo": 410070, "DrainID": 100646444, "From_Node": 101625991, "To_Node": 101625854, "NextDownID": 101915744, "Enabled": 1, "FlowDir": 1, "SrcFCName": "DEMDerivedStreamsVector", "SrcFType": "Watercourse", "SrcType": 1, "SourceID": null, "FeatRel": "2019-08-21T00:00:00Z", "FSource": "GEOSCIENCE AUSTRALIA", "AttrRel": "2019-08-21T00:00:00Z", "AttrSource": "GEOSCIENCE AUSTRALIA", "PlanAcc": 15, "Symbol": null, "TextNote": null, "GeodesLen": 3520.1558947285225, "UpstrGeoLn": 55777507.704940096, "UpstrDArea": 52536269561.154427, "ConCatID": 239771, "StrOutlet": 0, "Shape_Length": 0.033039201887185357 }, "bbox": [ 124.2141668, -18.0944443, 124.2155624, -18.0944443 ], "geometry": { "type": "LineString", "coordinates": [ [ 124.2155624, -18.0944443 ], [ 124.2155556, -18.0944443 ], [ 124.2152779, -18.0944443 ], [ 124.2150001, -18.0944443 ], [ 124.2147223, -18.0944443 ], [ 124.2144445, -18.0944443 ], [ 124.2141668, -18.0944443 ] ] } }
]
}
